Workbook

Sheet Offerte
A1: MOBIL IN TIME | G1: IHR KONTAKT
A2: =Stammdaten!$B$2 | G2: =Stammdaten!$B$12
A3: =Stammdaten!$B$3&" · "&Stammdaten!$B$4 | G3: ="Tel. "&Stammdaten!$B$13
A4: ="Tel. "&Stammdaten!$B$5&" · "&Stammdaten!$B$6&" · "&Stammdaten!$B$7 | G4: =Stammdaten!$B$14
A7: KUNDE | G7: OFFERTE
A8: Herr Max Muster | G8: Offerte-Nr. | I8: Q000000000000000000
A9: Musterfirma AG | G9: Datum | I9: =TODAY()
A10: Tel. +41 00 000 00 00 | G10: Mietbeginn
A11: name@musterfirma.ch | G11: Mietende
G12: Mietzeitraum | I12: =I11-I10+1&" Tage"
G13: Mindestmiete | I13: 7 Tage
A14: ="Sehr geehrter "&LEFT(A8,FIND(" ",A8)-1)&" "&MID(A8,FIND(" ",A8,FIND(" ",A8)+1)+1,99)
A15: =SUBSTITUTE(Stammdaten!$B$22,"{AGB}",Stammdaten!$B$9)
A19: Preisaufstellung – Preise reflektieren Mengen - Verbindliche Offerte
A21: Pos | B21: Anz | C21: Beschreibung | D21: Einh. | E21: Preis/h | F21: Preis/Wo. | G21: Wochen | H21: Stunden | I21: Position
A22: =IF(C22="","",COUNTA($C$22:C22)) | D22: =IFERROR(VLOOKUP(C22,Artikel!$A$2:$C$16,2,FALSE),"") | F22: =IFERROR(VLOOKUP(C22,Artikel!$A$2:$C$16,3,FALSE),"") | G22: =IF(C22="","",1) | I22: =IF($C22="","",N($B22)*N($F22)*N($G22)) | K22: =IFERROR(VLOOKUP(C22,Artikel!$A$2:$C$16,3,FALSE),"")
A23: =IF(C23="","",COUNTA($C$22:C23)) | D23: =IFERROR(VLOOKUP(C23,Artikel!$A$2:$C$16,2,FALSE),"") | F23: =IFERROR(VLOOKUP(C23,Artikel!$A$2:$C$16,3,FALSE),"") | G23: =IF(C23="","",1) | I23: =IF($C23="","",N($B23)*N($F23)*N($G23)) | K23: =IFERROR(VLOOKUP(C23,Artikel!$A$2:$C$16,3,FALSE),"")
A24: =IF(C24="","",COUNTA($C$22:C24)) | D24: =IFERROR(VLOOKUP(C24,Artikel!$A$2:$C$16,2,FALSE),"") | F24: =IFERROR(VLOOKUP(C24,Artikel!$A$2:$C$16,3,FALSE),"") | G24: =IF(C24="","",1) | I24: =IF($C24="","",N($B24)*N($F24)*N($G24)) | K24: =IFERROR(VLOOKUP(C24,Artikel!$A$2:$C$16,3,FALSE),"")
A25: =IF(C25="","",COUNTA($C$22:C25)) | D25: =IFERROR(VLOOKUP(C25,Artikel!$A$2:$C$16,2,FALSE),"") | F25: =IFERROR(VLOOKUP(C25,Artikel!$A$2:$C$16,3,FALSE),"") | G25: =IF(C25="","",1) | I25: =IF($C25="","",N($B25)*N($F25)*N($G25)) | K25: =IFERROR(VLOOKUP(C25,Artikel!$A$2:$C$16,3,FALSE),"")
A26: =IF(C26="","",COUNTA($C$22:C26)) | D26: =IFERROR(VLOOKUP(C26,Artikel!$A$2:$C$16,2,FALSE),"") | F26: =IFERROR(VLOOKUP(C26,Artikel!$A$2:$C$16,3,FALSE),"") | G26: =IF(C26="","",1) | I26: =IF($C26="","",N($B26)*N($F26)*N($G26)) | K26: =IFERROR(VLOOKUP(C26,Artikel!$A$2:$C$16,3,FALSE),"")
A27: =IF(C27="","",COUNTA($C$22:C27)) | D27: =IFERROR(VLOOKUP(C27,Artikel!$A$2:$C$16,2,FALSE),"") | F27: =IFERROR(VLOOKUP(C27,Artikel!$A$2:$C$16,3,FALSE),"") | G27: =IF(C27="","",1) | I27: =IF($C27="","",N($B27)*N($F27)*N($G27)) | K27: =IFERROR(VLOOKUP(C27,Artikel!$A$2:$C$16,3,FALSE),"")
A28: =IF(C28="","",COUNTA($C$22:C28)) | D28: =IFERROR(VLOOKUP(C28,Artikel!$A$2:$C$16,2,FALSE),"") | F28: =IFERROR(VLOOKUP(C28,Artikel!$A$2:$C$16,3,FALSE),"") | G28: =IF(C28="","",1) | I28: =IF($C28="","",N($B28)*N($F28)*N($G28)) | K28: =IFERROR(VLOOKUP(C28,Artikel!$A$2:$C$16,3,FALSE),"")
A29: =IF(C29="","",COUNTA($C$22:C29)) | D29: =IFERROR(VLOOKUP(C29,Artikel!$A$2:$C$16,2,FALSE),"") | F29: =IFERROR(VLOOKUP(C29,Artikel!$A$2:$C$16,3,FALSE),"") | G29: =IF(C29="","",1) | I29: =IF($C29="","",N($B29)*N($F29)*N($G29)) | K29: =IFERROR(VLOOKUP(C29,Artikel!$A$2:$C$16,3,FALSE),"")
A30: =IF(C30="","",COUNTA($C$22:C30)) | D30: =IFERROR(VLOOKUP(C30,Artikel!$A$2:$C$16,2,FALSE),"") | F30: =IFERROR(VLOOKUP(C30,Artikel!$A$2:$C$16,3,FALSE),"") | G30: =IF(C30="","",1) | I30: =IF($C30="","",N($B30)*N($F30)*N($G30)) | K30: =IFERROR(VLOOKUP(C30,Artikel!$A$2:$C$16,3,FALSE),"")
A31: =IF(C31="","",COUNTA($C$22:C31)) | D31: =IFERROR(VLOOKUP(C31,Artikel!$A$2:$C$16,2,FALSE),"") | F31: =IFERROR(VLOOKUP(C31,Artikel!$A$2:$C$16,3,FALSE),"") | G31: =IF(C31="","",1) | I31: =IF($C31="","",N($B31)*N($F31)*N($G31)) | K31: =IFERROR(VLOOKUP(C31,Artikel!$A$2:$C$16,3,FALSE),"")
A32: =IF(C32="","",COUNTA($C$22:C32)) | D32: =IFERROR(VLOOKUP(C32,Artikel!$A$2:$C$16,2,FALSE),"") | F32: =IFERROR(VLOOKUP(C32,Artikel!$A$2:$C$16,3,FALSE),"") | G32: =IF(C32="","",1) | I32: =IF($C32="","",N($B32)*N($F32)*N($G32)) | K32: =IFERROR(VLOOKUP(C32,Artikel!$A$2:$C$16,3,FALSE),"")
A33: =IF(C33="","",COUNTA($C$22:C33)) | D33: =IFERROR(VLOOKUP(C33,Artikel!$A$2:$C$16,2,FALSE),"") | F33: =IFERROR(VLOOKUP(C33,Artikel!$A$2:$C$16,3,FALSE),"") | G33: =IF(C33="","",1) | I33: =IF($C33="","",N($B33)*N($F33)*N($G33)) | K33: =IFERROR(VLOOKUP(C33,Artikel!$A$2:$C$16,3,FALSE),"")
... A40: =IF(C40="","",COUNTA($C$22:C40)) | D40: =IFERROR(VLOOKUP(C40,Artikel!$A$2:$C$16,2,FALSE),"") | F40: =IFERROR(VLOOKUP(C40,Artikel!$A$2:$C$16,3,FALSE),"") | G40: =IF(C40="","",1) | I40: =IF($C40="","",N($B40)*N($F40)*N($G40)) | K40: =IFERROR(VLOOKUP(C40,Artikel!$A$2:$C$16,3,FALSE),"")
A41: Zwischentotal (GESAMT) | I41: =SUM(I22:I40)
A42: ="Rabatt "&TEXT(Stammdaten!$B$17,"0.0%") | I42: =-ROUND(I41*Stammdaten!$B$17,2)
A43: Total exkl. MwSt. | I43: =I41+I42
A44: MwSt. 8.1% | I44: =I43*0.081
A45: Endbetrag (CHF) | I45: =I43+I44
A51: =Stammdaten!$B$23
A52: =Stammdaten!$B$12
A54: =Stammdaten!$B$2&" · "&Stammdaten!$B$3&" · "&Stammdaten!$B$4&" · "&Stammdaten!$B$5&" · "&Stammdaten!$B$7&" | "&Stammdaten!$B$8

Sheet Stammdaten
A1: FIRMA (Absender)
A2: Firmenname | B2: Mobil in Time AG
A3: Strasse | B3: Mattenstrasse 3
A4: PLZ / Ort | B4: 8253 Diessenhofen
A5: Telefon | B5: +41 44 806 13 00
A6: E-Mail | B6: info@mobilintime.com
A7: Web | B7: www.mobilintime.com
A8: Zusatz | B8: Ein Unternehmen der Mobil in Time Gruppe
A9: AGB-Hinweis (URL) | B9: www.mobilintime.com
A11: SACHBEARBEITER
A12: Name | B12: Burak Ücöz
A13: Telefon | B13: +41 76 202 01 70
A14: E-Mail | B14: uecoez@mobilintime.com
A16: STANDARDWERTE
A17: Rabatt (%) | B17: 0.1
A18: MwSt (%) | B18: 0
A19: Währung | B19: CHF
A21: TEXTBAUSTEINE
A22: Einleitung | B22: Wir bedanken uns für Ihr Interesse an einer Zusammenarbeit mit uns. Aufgrund der von Ihnen gemachten Angaben und gemäss unseren Allgemeinen Geschäftsbedingungen, einsehbar auf {AGB}, bieten wir Ihnen folgende Leistungen freibleibend an.
A23: Grussformel | B23: Mit freundlichen Grüssen
A24: Anmerkung | B24: Dieses Budgetangebot ist für beide Parteien unverbindlich. Alle Anmietungen erfolgen vorbehaltlich der Verfügbarkeit bei Aufgabe der Bestellung und zu den Preisen, die im offiziellen Angebot aufgeführt sind, sobald die zusätzlichen Detailinformationen vorliegen, die sich auf Ihr Equipment und Ihren Servicebedarf beziehen.

Sheet Artikel
A1: Beschreibung | B1: Einheit | C1: Einzelpreis/Woche (CHF)
A2: 6MVA Trafo 16,5kV YNyn0 | B2: Stk | C2: 5409.82
A3: 3MVA Trafo 16,5kV YNyn0 | B3: Stk | C3: 1588.15
A4: 1MVA Trafo 16,5kV YNyn0 | B4: Stk | C4: 850
A5: Load Bank 6000 kVA Resistive and Reactive : 400V 3-ph @ 50 Hz | B5: Stk | C5: 4960.73
A6: Load Bank 3300 kVA Resistive and Reactive : 400V 3-ph @ 50 Hz | B6: Stk | C6: 3087.82
A7: 25 Meter x Kabel 32A | B7: Stk | C7: 6.85
A8: 25 Meter x Kabel 63A | B8: Stk | C8: 9.46
A9: 25 Meter x Kabel 125A | B9: Stk | C9: 12.57
A10: 10 Meter x Einzeladerkabel 240mm² (Set A) | B10: Stk | C10: 4.483651
A11: 10 Meter x Einzeladerkabel 240mm² (Set B) | B11: Stk | C11: 4.483438
A12: 10 Meter x Einzeladerkabel 240mm² | B12: Stk | C12: 4.48
A13: Umweltschutzpauschale | B13: Psch | C13: 1085.57
... A16: Montage / Inbetriebnahme (pro Std.) | B16: Std | C16: 135
