Workbook

Sheet Dashboard
B2: VERTRIEBS-COCKPIT
B3: Pipeline-Steuerung · Forecast · Live-Marktdaten
B5: PIPELINE GESAMT | D5: GEWICHTETER FORECAST | F5: OFFENE DEALS
B6: =SUM(Pipeline!I5:I184) | D6: =SUM(Pipeline!K5:K184) | F6: =COUNTIFS(Pipeline!G5:G184,"<>Gewonnen",Pipeline!G5:G184,"<>Verloren")
B9: GEWONNEN (YTD) | D9: WIN-RATE | F9: Ø DEAL-GRÖSSE
B10: =SUMIFS(Pipeline!I5:I184,Pipeline!G5:G184,"Gewonnen") | D10: =IFERROR(COUNTIF(Pipeline!G5:G184,"Gewonnen")/(COUNTIF(Pipeline!G5:G184,"Gewonnen")+COUNTIF(Pipeline!G5:G184,"Verloren")),0) | F10: =IFERROR(AVERAGE(Pipeline!I5:I184),0)
B15: Funnel — Pipeline nach Phase (CHF) | E15: Nach Region (gew. Wert) | H15: Gew. Forecast je Verantwortlicher
B16: Phase | C16: Volumen | E16: Region | F16: Gew. Wert | H16: Verantwortlich | I16: Gew. Wert
B17: Lead | C17: =SUMIFS(Pipeline!I5:I184,Pipeline!G5:G184,B17) | E17: Zürich | F17: =SUMIFS(Pipeline!K5:K184,Pipeline!D5:D184,E17) | H17: Burak Ücöz | I17: =SUMIFS(Pipeline!K5:K184,Pipeline!O5:O184,H17)
B18: Qualifiziert | C18: =SUMIFS(Pipeline!I5:I184,Pipeline!G5:G184,B18) | E18: Bern | F18: =SUMIFS(Pipeline!K5:K184,Pipeline!D5:D184,E18) | H18: S. Meier | I18: =SUMIFS(Pipeline!K5:K184,Pipeline!O5:O184,H18)
B19: Angebot | C19: =SUMIFS(Pipeline!I5:I184,Pipeline!G5:G184,B19) | E19: Waadt | F19: =SUMIFS(Pipeline!K5:K184,Pipeline!D5:D184,E19) | H19: L. Rossi | I19: =SUMIFS(Pipeline!K5:K184,Pipeline!O5:O184,H19)
B20: Verhandlung | C20: =SUMIFS(Pipeline!I5:I184,Pipeline!G5:G184,B20) | E20: Genf | F20: =SUMIFS(Pipeline!K5:K184,Pipeline!D5:D184,E20) | H20: N. Keller | I20: =SUMIFS(Pipeline!K5:K184,Pipeline!O5:O184,H20)
B21: Gewonnen | C21: =SUMIFS(Pipeline!I5:I184,Pipeline!G5:G184,B21) | E21: Basel | F21: =SUMIFS(Pipeline!K5:K184,Pipeline!D5:D184,E21) | H21: A. Favre | I21: =SUMIFS(Pipeline!K5:K184,Pipeline!O5:O184,H21)
E22: Aargau | F22: =SUMIFS(Pipeline!K5:K184,Pipeline!D5:D184,E22)
E23: St. Gallen | F23: =SUMIFS(Pipeline!K5:K184,Pipeline!D5:D184,E23)
E24: Tessin | F24: =SUMIFS(Pipeline!K5:K184,Pipeline!D5:D184,E24)
E25: Luzern | F25: =SUMIFS(Pipeline!K5:K184,Pipeline!D5:D184,E25)
E26: Wallis | F26: =SUMIFS(Pipeline!K5:K184,Pipeline!D5:D184,E26)
E28: Nach Branche (gew. Wert)
E29: Branche | F29: Gew. Wert
E30: Detailhandel | F30: =SUMIFS(Pipeline!K5:K184,Pipeline!E5:E184,E30)
E31: Logistik | F31: =SUMIFS(Pipeline!K5:K184,Pipeline!E5:E184,E31)
E32: Immobilien | F32: =SUMIFS(Pipeline!K5:K184,Pipeline!E5:E184,E32)
E33: Hotellerie | F33: =SUMIFS(Pipeline!K5:K184,Pipeline!E5:E184,E33)
E34: Öffentliche Hand | F34: =SUMIFS(Pipeline!K5:K184,Pipeline!E5:E184,E34)
E35: Industrie | F35: =SUMIFS(Pipeline!K5:K184,Pipeline!E5:E184,E35)
E36: Tankstellen | F36: =SUMIFS(Pipeline!K5:K184,Pipeline!E5:E184,E36)
E37: Flottenbetrieb | F37: =SUMIFS(Pipeline!K5:K184,Pipeline!E5:E184,E37)

Sheet Pipeline
A1: VERTRIEBS-PIPELINE
A2: Filtern über die Kopfzeilen-Pfeile · Dropdowns für Phase/Priorität/Region/… · Wahrscheinlichkeit, gew. Wert, Tage bis Abschluss & Ampel rechnen automatisch.
A4: Deal-ID | B4: Firma | C4: Ansprechpartner | D4: Region | E4: Branche | F4: Produkt / Lösung | G4: Phase | H4: Priorität | I4: Volumen (CHF) | J4: Wahrsch. % | K4: Gew. Wert (CHF) | L4: Erstkontakt | M4: Erw. Abschluss | N4: Tage bis Abschl. | O4: Verantwortlich | P4: Nächster Schritt | Q4: Ampel
A5: D-1001 | B5: Migros Ostschweiz | C5: R. Brunner | D5: St. Gallen | E5: Detailhandel | F5: DC-HPC 150 kW | G5: Verhandlung | H5: Hoch | I5: 340000 | J5: =IFERROR(_xlfn.XLOOKUP(G5,Listen!$A$5:$A$10,Listen!$B$5:$B$10),VLOOKUP(G5,Listen!$A$5:$B$10,2,FALSE)) | K5: =I5*J5 | L5: 46154 | M5: 46230 | N5: =IF(OR(G5="Gewonnen",G5="Verloren"),"—",M5-TODAY()) | O5: Burak Ücöz | P5: Vertrag final abstimmen | Q5: =IF(G5="Gewonnen","✅",IF(G5="Verloren","⬛",IF(N5<=14,"🔴",IF(N5<=45,"🟡","🟢"))))
A6: D-1002 | B6: Planzer Transport | C6: M. Planzer | D6: Zürich | E6: Logistik | F6: Lastmanagement-System | G6: Angebot | H6: Hoch | I6: 210000 | J6: =IFERROR(_xlfn.XLOOKUP(G6,Listen!$A$5:$A$10,Listen!$B$5:$B$10),VLOOKUP(G6,Listen!$A$5:$B$10,2,FALSE)) | K6: =I6*J6 | L6: 46175 | M6: 46244 | N6: =IF(OR(G6="Gewonnen",G6="Verloren"),"—",M6-TODAY()) | O6: Burak Ücöz | P6: Angebot nachfassen | Q6: =IF(G6="Gewonnen","✅",IF(G6="Verloren","⬛",IF(N6<=14,"🔴",IF(N6<=45,"🟡","🟢"))))
A7: D-1003 | B7: SBB Immobilien | C7: C. Wyss | D7: Bern | E7: Immobilien | F7: DC-Schnelllader 60 kW | G7: Qualifiziert | H7: Hoch | I7: 480000 | J7: =IFERROR(_xlfn.XLOOKUP(G7,Listen!$A$5:$A$10,Listen!$B$5:$B$10),VLOOKUP(G7,Listen!$A$5:$B$10,2,FALSE)) | K7: =I7*J7 | L7: 46188 | M7: 46281 | N7: =IF(OR(G7="Gewonnen",G7="Verloren"),"—",M7-TODAY()) | O7: S. Meier | P7: Standort-Audit terminieren | Q7: =IF(G7="Gewonnen","✅",IF(G7="Verloren","⬛",IF(N7<=14,"🔴",IF(N7<=45,"🟡","🟢"))))
A8: D-1004 | B8: Coop Mineraloel | C8: T. Frei | D8: Aargau | E8: Tankstellen | F8: DC-HPC 150 kW | G8: Verhandlung | H8: Hoch | I8: 620000 | J8: =IFERROR(_xlfn.XLOOKUP(G8,Listen!$A$5:$A$10,Listen!$B$5:$B$10),VLOOKUP(G8,Listen!$A$5:$B$10,2,FALSE)) | K8: =I8*J8 | L8: 46142 | M8: 46221 | N8: =IF(OR(G8="Gewonnen",G8="Verloren"),"—",M8-TODAY()) | O8: Burak Ücöz | P8: Preisstaffel bestätigen | Q8: =IF(G8="Gewonnen","✅",IF(G8="Verloren","⬛",IF(N8<=14,"🔴",IF(N8<=45,"🟡","🟢"))))
A9: D-1005 | B9: Hotel Belvédère | C9: G. Rossi | D9: Wallis | E9: Hotellerie | F9: AC-Ladestation 22 kW | G9: Angebot | H9: Mittel | I9: 48000 | J9: =IFERROR(_xlfn.XLOOKUP(G9,Listen!$A$5:$A$10,Listen!$B$5:$B$10),VLOOKUP(G9,Listen!$A$5:$B$10,2,FALSE)) | K9: =I9*J9 | L9: 46184 | M9: 46236 | N9: =IF(OR(G9="Gewonnen",G9="Verloren"),"—",M9-TODAY()) | O9: L. Rossi | P9: Referenzbesuch anbieten | Q9: =IF(G9="Gewonnen","✅",IF(G9="Verloren","⬛",IF(N9<=14,"🔴",IF(N9<=45,"🟡","🟢"))))
A10: D-1006 | B10: Stadt Zürich TAZ | C10: P. Huber | D10: Zürich | E10: Öffentliche Hand | F10: Full-Service Betrieb | G10: Qualifiziert | H10: Hoch | I10: 390000 | J10: =IFERROR(_xlfn.XLOOKUP(G10,Listen!$A$5:$A$10,Listen!$B$5:$B$10),VLOOKUP(G10,Listen!$A$5:$B$10,2,FALSE)) | K10: =I10*J10 | L10: 46166 | M10: 46296 | N10: =IF(OR(G10="Gewonnen",G10="Verloren"),"—",M10-TODAY()) | O10: N. Keller | P10: Ausschreibung prüfen | Q10: =IF(G10="Gewonnen","✅",IF(G10="Verloren","⬛",IF(N10<=14,"🔴",IF(N10<=45,"🟡","🟢"))))
A11: D-1007 | B11: Emmi Gruppe | C11: D. Schmid | D11: Luzern | E11: Industrie | F11: PV + Speicher Kombi | G11: Lead | H11: Mittel | I11: 275000 | J11: =IFERROR(_xlfn.XLOOKUP(G11,Listen!$A$5:$A$10,Listen!$B$5:$B$10),VLOOKUP(G11,Listen!$A$5:$B$10,2,FALSE)) | K11: =I11*J11 | L11: 46200 | M11: 46326 | N11: =IF(OR(G11="Gewonnen",G11="Verloren"),"—",M11-TODAY()) | O11: S. Meier | P11: Erstgespräch vereinbaren | Q11: =IF(G11="Gewonnen","✅",IF(G11="Verloren","⬛",IF(N11<=14,"🔴",IF(N11<=45,"🟡","🟢"))))
A12: D-1008 | B12: Groupe Mutuel | C12: J. Favre | D12: Waadt | E12: Immobilien | F12: AC-Ladestation 22 kW | G12: Angebot | H12: Mittel | I12: 96000 | J12: =IFERROR(_xlfn.XLOOKUP(G12,Listen!$A$5:$A$10,Listen!$B$5:$B$10),VLOOKUP(G12,Listen!$A$5:$B$10,2,FALSE)) | K12: =I12*J12 | L12: 46179 | M12: 46248 | N12: =IF(OR(G12="Gewonnen",G12="Verloren"),"—",M12-TODAY()) | O12: A. Favre | P12: Angebot v2 senden | Q12: =IF(G12="Gewonnen","✅",IF(G12="Verloren","⬛",IF(N12<=14,"🔴",IF(N12<=45,"🟡","🟢"))))
A13: D-1009 | B13: Läderach | C13: S. Läderach | D13: Aargau | E13: Detailhandel | F13: AC-Ladestation 22 kW | G13: Gewonnen | H13: Mittel | I13: 62000 | J13: =IFERROR(_xlfn.XLOOKUP(G13,Listen!$A$5:$A$10,Listen!$B$5:$B$10),VLOOKUP(G13,Listen!$A$5:$B$10,2,FALSE)) | K13: =I13*J13 | L13: 46118 | M13: 46202 | N13: =IF(OR(G13="Gewonnen",G13="Verloren"),"—",M13-TODAY()) | O13: Burak Ücöz | P13: Umsetzung übergeben | Q13: =IF(G13="Gewonnen","✅",IF(G13="Verloren","⬛",IF(N13<=14,"🔴",IF(N13<=45,"🟡","🟢"))))
A14: D-1010 | B14: Post Fleet | C14: M. Berger | D14: Bern | E14: Flottenbetrieb | F14: Lastmanagement-System | G14: Verhandlung | H14: Hoch | I14: 540000 | J14: =IFERROR(_xlfn.XLOOKUP(G14,Listen!$A$5:$A$10,Listen!$B$5:$B$10),VLOOKUP(G14,Listen!$A$5:$B$10,2,FALSE)) | K14: =I14*J14 | L14: 46158 | M14: 46226 | N14: =IF(OR(G14="Gewonnen",G14="Verloren"),"—",M14-TODAY()) | O14: Burak Ücöz | P14: Rahmenvertrag verhandeln | Q14: =IF(G14="Gewonnen","✅",IF(G14="Verloren","⬛",IF(N14<=14,"🔴",IF(N14<=45,"🟡","🟢"))))
A15: D-1011 | B15: TCS Genf | C15: F. Dubois | D15: Genf | E15: Öffentliche Hand | F15: DC-Schnelllader 60 kW | G15: Qualifiziert | H15: Mittel | I15: 180000 | J15: =IFERROR(_xlfn.XLOOKUP(G15,Listen!$A$5:$A$10,Listen!$B$5:$B$10),VLOOKUP(G15,Listen!$A$5:$B$10,2,FALSE)) | K15: =I15*J15 | L15: 46191 | M15: 46272 | N15: =IF(OR(G15="Gewonnen",G15="Verloren"),"—",M15-TODAY()) | O15: A. Favre | P15: Bedarf konkretisieren | Q15: =IF(G15="Gewonnen","✅",IF(G15="Verloren","⬛",IF(N15<=14,"🔴",IF(N15<=45,"🟡","🟢"))))
A16: D-1012 | B16: IKEA Spreitenbach | C16: K. Nilsson | D16: Aargau | E16: Detailhandel | F16: DC-HPC 150 kW | G16: Angebot | H16: Hoch | I16: 410000 | J16: =IFERROR(_xlfn.XLOOKUP(G16,Listen!$A$5:$A$10,Listen!$B$5:$B$10),VLOOKUP(G16,Listen!$A$5:$B$10,2,FALSE)) | K16: =I16*J16 | L16: 46173 | M16: 46241 | N16: =IF(OR(G16="Gewonnen",G16="Verloren"),"—",M16-TODAY()) | O16: S. Meier | P16: Business-Case rechnen | Q16: =IF(G16="Gewonnen","✅",IF(G16="Verloren","⬛",IF(N16<=14,"🔴",IF(N16<=45,"🟡","🟢"))))
... A184: D-1180 | B184: Fuhrpark Egli Neuchâtel | C184: W. Egli | D184: Luzern | E184: Flottenbetrieb | F184: Lastmanagement-System | G184: Verhandlung | H184: Hoch | I184: 641000 | J184: =IFERROR(_xlfn.XLOOKUP(G184,Listen!$A$5:$A$10,Listen!$B$5:$B$10),VLOOKUP(G184,Listen!$A$5:$B$10,2,FALSE)) | K184: =I184*J184 | L184: 46149 | M184: 46328 | N184: =IF(OR(G184="Gewonnen",G184="Verloren"),"—",M184-TODAY()) | O184: A. Favre | P184: Bedarf klären | Q184: =IF(G184="Gewonnen","✅",IF(G184="Verloren","⬛",IF(N184<=14,"🔴",IF(N184<=45,"🟡","🟢"))))
B185: Σ Summe / Forecast | I185: =SUBTOTAL(109,I5:I184) | K185: =SUBTOTAL(109,K5:K184)

Sheet Aktivitäten
A1: AKTIVITÄTEN & AUFGABEN
A2: Fällige/überfällige Aufgaben werden farblich markiert. Status per Dropdown.
A4: Datum | B4: Firma | C4: Typ | D4: Beschreibung | E4: Fällig am | F4: Status | G4: Verantwortlich | H4: Ampel
A5: 46206 | B5: Migros Ostschweiz | C5: Anruf | D5: Vertrag final abstimmen | E5: 46198 | F5: Erledigt | G5: Burak Ücöz | H5: =IF(F5="Erledigt","✅",IF(E5<TODAY(),"🔴",IF(E5<=TODAY()+7,"🟡","🟢")))
A6: 46205 | B6: Planzer Transport | C6: E-Mail | D6: Angebot nachfassen | E6: 46207 | F6: Offen | G6: Burak Ücöz | H6: =IF(F6="Erledigt","✅",IF(E6<TODAY(),"🔴",IF(E6<=TODAY()+7,"🟡","🟢")))
A7: 46204 | B7: SBB Immobilien | C7: Termin vor Ort | D7: Standort-Audit terminieren | E7: 46216 | F7: Offen | G7: S. Meier | H7: =IF(F7="Erledigt","✅",IF(E7<TODAY(),"🔴",IF(E7<=TODAY()+7,"🟡","🟢")))
A8: 46203 | B8: Coop Mineraloel | C8: Web-Demo | D8: Preisstaffel bestätigen | E8: 46225 | F8: Offen | G8: Burak Ücöz | H8: =IF(F8="Erledigt","✅",IF(E8<TODAY(),"🔴",IF(E8<=TODAY()+7,"🟡","🟢")))
A9: 46202 | B9: Hotel Belvédère | C9: Angebot | D9: Referenzbesuch anbieten | E9: 46234 | F9: Erledigt | G9: L. Rossi | H9: =IF(F9="Erledigt","✅",IF(E9<TODAY(),"🔴",IF(E9<=TODAY()+7,"🟡","🟢")))
A10: 46201 | B10: Stadt Zürich TAZ | C10: Follow-up | D10: Ausschreibung prüfen | E10: 46203 | F10: Offen | G10: N. Keller | H10: =IF(F10="Erledigt","✅",IF(E10<TODAY(),"🔴",IF(E10<=TODAY()+7,"🟡","🟢")))
A11: 46200 | B11: Emmi Gruppe | C11: Anruf | D11: Erstgespräch vereinbaren | E11: 46212 | F11: Offen | G11: S. Meier | H11: =IF(F11="Erledigt","✅",IF(E11<TODAY(),"🔴",IF(E11<=TODAY()+7,"🟡","🟢")))
A12: 46199 | B12: Groupe Mutuel | C12: E-Mail | D12: Angebot v2 senden | E12: 46221 | F12: Offen | G12: A. Favre | H12: =IF(F12="Erledigt","✅",IF(E12<TODAY(),"🔴",IF(E12<=TODAY()+7,"🟡","🟢")))
A13: 46197 | B13: Post Fleet | C13: Web-Demo | D13: Rahmenvertrag verhandeln | E13: 46199 | F13: Offen | G13: Burak Ücöz | H13: =IF(F13="Erledigt","✅",IF(E13<TODAY(),"🔴",IF(E13<=TODAY()+7,"🟡","🟢")))
A14: 46196 | B14: TCS Genf | C14: Angebot | D14: Bedarf konkretisieren | E14: 46208 | F14: Offen | G14: A. Favre | H14: =IF(F14="Erledigt","✅",IF(E14<TODAY(),"🔴",IF(E14<=TODAY()+7,"🟡","🟢")))
A15: 46195 | B15: IKEA Spreitenbach | C15: Follow-up | D15: Business-Case rechnen | E15: 46217 | F15: Offen | G15: S. Meier | H15: =IF(F15="Erledigt","✅",IF(E15<TODAY(),"🔴",IF(E15<=TODAY()+7,"🟡","🟢")))
A16: 46194 | B16: Manor AG | C16: Anruf | D16: Entscheider identifizieren | E16: 46226 | F16: Erledigt | G16: L. Rossi | H16: =IF(F16="Erledigt","✅",IF(E16<TODAY(),"🔴",IF(E16<=TODAY()+7,"🟡","🟢")))
... A155: 46187 | B155: Fuhrpark Egli Neuchâtel | C155: Follow-up | D155: Bedarf klären | E155: 46209 | F155: Offen | G155: A. Favre | H155: =IF(F155="Erledigt","✅",IF(E155<TODAY(),"🔴",IF(E155<=TODAY()+7,"🟡","🟢")))

Sheet Kontakte
A1: KONTAKTE & FIRMEN (CRM)
A2: Alle Firmen & Ansprechpartner. E-Mail/Telefon deterministisch generiert (Demo).
A4: Firma | B4: Ansprechpartner | C4: Rolle | D4: E-Mail | E4: Telefon | F4: Region | G4: Branche | H4: Letzter Kontakt
A5: Migros Ostschweiz | B5: R. Brunner | C5: Geschäftsführung | D5: brunner@migrosostschwe.ch | E5: +41 44 200 10 00 | F5: St. Gallen | G5: Detailhandel | H5: 46203
A6: Planzer Transport | B6: M. Planzer | C6: Einkauf | D6: planzer@planzertranspo.ch | E6: +41 45 207 11 03 | F6: Zürich | G6: Logistik | H6: 46198
A7: SBB Immobilien | B7: C. Wyss | C7: Facility Management | D7: wyss@sbbimmobilien.ch | E7: +41 46 214 12 06 | F7: Bern | G7: Immobilien | H7: 46193
A8: Coop Mineraloel | B8: T. Frei | C8: Fuhrpark | D8: frei@coopmineraloel.ch | E8: +41 47 221 13 09 | F8: Aargau | G8: Tankstellen | H8: 46188
A9: Hotel Belvédère | B9: G. Rossi | C9: Nachhaltigkeit | D9: rossi@hotelbelvédère.ch | E9: +41 48 228 14 12 | F9: Wallis | G9: Hotellerie | H9: 46183
A10: Stadt Zürich TAZ | B10: P. Huber | C10: Geschäftsführung | D10: huber@stadtzürichtaz.ch | E10: +41 49 235 15 15 | F10: Zürich | G10: Öffentliche Hand | H10: 46178
A11: Emmi Gruppe | B11: D. Schmid | C11: Einkauf | D11: schmid@emmigruppe.ch | E11: +41 50 242 16 18 | F11: Luzern | G11: Industrie | H11: 46173
A12: Groupe Mutuel | B12: J. Favre | C12: Facility Management | D12: favre@groupemutuel.ch | E12: +41 51 249 17 21 | F12: Waadt | G12: Immobilien | H12: 46168
A13: Läderach | B13: S. Läderach | C13: Fuhrpark | D13: läderach@läderach.ch | E13: +41 52 256 18 24 | F13: Aargau | G13: Detailhandel | H13: 46163
A14: Post Fleet | B14: M. Berger | C14: Nachhaltigkeit | D14: berger@postfleet.ch | E14: +41 53 263 19 27 | F14: Bern | G14: Flottenbetrieb | H14: 46158
A15: TCS Genf | B15: F. Dubois | C15: Geschäftsführung | D15: dubois@tcsgenf.ch | E15: +41 54 270 20 30 | F15: Genf | G15: Öffentliche Hand | H15: 46153
A16: IKEA Spreitenbach | B16: K. Nilsson | C16: Einkauf | D16: nilsson@ikeaspreitenba.ch | E16: +41 55 277 21 33 | F16: Aargau | G16: Detailhandel | H16: 46148
... A184: Fuhrpark Egli Neuchâtel | B184: W. Egli | C184: Nachhaltigkeit | D184: egli@fuhrparkegline.ch | E184: +41 63 753 11 37 | F184: Luzern | G184: Flottenbetrieb | H184: 46148

Sheet Forecast
B1: MONATS-FORECAST · Soll / Ist
B2: Gewichteter Forecast & gewonnener Umsatz je Monat. Ziel (Soll) editierbar.
B4: Monat | C4: Monatsanfang | D4: Monatsende | E4: Gew. Forecast | F4: Gewonnen (Ist) | G4: Ziel (Soll) | H4: Zielerreichung
B5: Jul 2026 | C5: 46204 | D5: 46234 | E5: =SUMIFS(Pipeline!K5:K184,Pipeline!M5:M184,">="&C5,Pipeline!M5:M184,"<="&D5,Pipeline!G5:G184,"<>Gewonnen",Pipeline!G5:G184,"<>Verloren") | F5: =SUMIFS(Pipeline!I5:I184,Pipeline!M5:M184,">="&C5,Pipeline!M5:M184,"<="&D5,Pipeline!G5:G184,"Gewonnen") | G5: 700000 | H5: =IFERROR((E5+F5)/G5,0)
B6: Aug 2026 | C6: 46235 | D6: 46265 | E6: =SUMIFS(Pipeline!K5:K184,Pipeline!M5:M184,">="&C6,Pipeline!M5:M184,"<="&D6,Pipeline!G5:G184,"<>Gewonnen",Pipeline!G5:G184,"<>Verloren") | F6: =SUMIFS(Pipeline!I5:I184,Pipeline!M5:M184,">="&C6,Pipeline!M5:M184,"<="&D6,Pipeline!G5:G184,"Gewonnen") | G6: 750000 | H6: =IFERROR((E6+F6)/G6,0)
B7: Sep 2026 | C7: 46266 | D7: 46295 | E7: =SUMIFS(Pipeline!K5:K184,Pipeline!M5:M184,">="&C7,Pipeline!M5:M184,"<="&D7,Pipeline!G5:G184,"<>Gewonnen",Pipeline!G5:G184,"<>Verloren") | F7: =SUMIFS(Pipeline!I5:I184,Pipeline!M5:M184,">="&C7,Pipeline!M5:M184,"<="&D7,Pipeline!G5:G184,"Gewonnen") | G7: 800000 | H7: =IFERROR((E7+F7)/G7,0)
B8: Oct 2026 | C8: 46296 | D8: 46326 | E8: =SUMIFS(Pipeline!K5:K184,Pipeline!M5:M184,">="&C8,Pipeline!M5:M184,"<="&D8,Pipeline!G5:G184,"<>Gewonnen",Pipeline!G5:G184,"<>Verloren") | F8: =SUMIFS(Pipeline!I5:I184,Pipeline!M5:M184,">="&C8,Pipeline!M5:M184,"<="&D8,Pipeline!G5:G184,"Gewonnen") | G8: 850000 | H8: =IFERROR((E8+F8)/G8,0)
B9: Nov 2026 | C9: 46327 | D9: 46356 | E9: =SUMIFS(Pipeline!K5:K184,Pipeline!M5:M184,">="&C9,Pipeline!M5:M184,"<="&D9,Pipeline!G5:G184,"<>Gewonnen",Pipeline!G5:G184,"<>Verloren") | F9: =SUMIFS(Pipeline!I5:I184,Pipeline!M5:M184,">="&C9,Pipeline!M5:M184,"<="&D9,Pipeline!G5:G184,"Gewonnen") | G9: 900000 | H9: =IFERROR((E9+F9)/G9,0)
B10: Dec 2026 | C10: 46357 | D10: 46387 | E10: =SUMIFS(Pipeline!K5:K184,Pipeline!M5:M184,">="&C10,Pipeline!M5:M184,"<="&D10,Pipeline!G5:G184,"<>Gewonnen",Pipeline!G5:G184,"<>Verloren") | F10: =SUMIFS(Pipeline!I5:I184,Pipeline!M5:M184,">="&C10,Pipeline!M5:M184,"<="&D10,Pipeline!G5:G184,"Gewonnen") | G10: 950000 | H10: =IFERROR((E10+F10)/G10,0)

Sheet Ziele
B1: ZIELE · Zielerreichung je Verantwortlicher
B2: Jahresziel editierbar. Ist = gewonnener Umsatz, Pipeline = gewichteter Wert.
B4: Verantwortlich | C4: Jahresziel | D4: Gewonnen (Ist) | E4: Gew. Pipeline | F4: Zielerreichung
B5: Burak Ücöz | C5: 2500000 | D5: =SUMIFS(Pipeline!I5:I184,Pipeline!O5:O184,B5,Pipeline!G5:G184,"Gewonnen") | E5: =SUMIFS(Pipeline!K5:K184,Pipeline!O5:O184,B5) | F5: =IFERROR((D5+E5)/C5,0)
B6: S. Meier | C6: 1500000 | D6: =SUMIFS(Pipeline!I5:I184,Pipeline!O5:O184,B6,Pipeline!G5:G184,"Gewonnen") | E6: =SUMIFS(Pipeline!K5:K184,Pipeline!O5:O184,B6) | F6: =IFERROR((D6+E6)/C6,0)
B7: L. Rossi | C7: 1200000 | D7: =SUMIFS(Pipeline!I5:I184,Pipeline!O5:O184,B7,Pipeline!G5:G184,"Gewonnen") | E7: =SUMIFS(Pipeline!K5:K184,Pipeline!O5:O184,B7) | F7: =IFERROR((D7+E7)/C7,0)
B8: N. Keller | C8: 1200000 | D8: =SUMIFS(Pipeline!I5:I184,Pipeline!O5:O184,B8,Pipeline!G5:G184,"Gewonnen") | E8: =SUMIFS(Pipeline!K5:K184,Pipeline!O5:O184,B8) | F8: =IFERROR((D8+E8)/C8,0)
B9: A. Favre | C9: 1000000 | D9: =SUMIFS(Pipeline!I5:I184,Pipeline!O5:O184,B9,Pipeline!G5:G184,"Gewonnen") | E9: =SUMIFS(Pipeline!K5:K184,Pipeline!O5:O184,B9) | F9: =IFERROR((D9+E9)/C9,0)

Sheet Live-Daten
B2: LIVE-DATEN · E-Mobilität & Markt (per F9)
B3: Öffentliche Ladeinfrastruktur Schweiz live via OpenChargeMap. Aktualisieren = Taste F9 (Neu berechnen). Windows-Desktop-Excel.
B5: 🔄 F9 DRÜCKEN = LIVE AKTUALISIEREN | E5: → WEBSERVICE holt den Feed; FILTERXML liest die Werte.
B6: OpenChargeMap API-Key (optional, gratis):
B7: Roh-Feed (WEBSERVICE): | C7: =IFERROR(_xlfn.WEBSERVICE("https://api.openchargemap.io/v3/poi/?output=xml&countrycode=CH&maxresults=25&compact=true&verbose=false&key="&$C$6),"")
B9: Öffentliche Ladestandorte Schweiz (live)
B10: Standort | C10: Ort | D10: Kanton | E10: Betreiber | F10: Ladepkt.
B11: =IFERROR(_xlfn.FILTERXML($C$7,"(//*[local-name()='POI'])[1]/*[local-name()='AddressInfo']/*[local-name()='Title']"),"—") | C11: =IFERROR(_xlfn.FILTERXML($C$7,"(//*[local-name()='POI'])[1]/*[local-name()='AddressInfo']/*[local-name()='Town']"),"—") | D11: =IFERROR(_xlfn.FILTERXML($C$7,"(//*[local-name()='POI'])[1]/*[local-name()='AddressInfo']/*[local-name()='StateOrProvince']"),"—") | E11: =IFERROR(_xlfn.FILTERXML($C$7,"(//*[local-name()='POI'])[1]/*[local-name()='OperatorInfo']/*[local-name()='Title']"),"—") | F11: =IFERROR(_xlfn.FILTERXML($C$7,"(//*[local-name()='POI'])[1]/*[local-name()='NumberOfPoints']"),"—")
B12: =IFERROR(_xlfn.FILTERXML($C$7,"(//*[local-name()='POI'])[2]/*[local-name()='AddressInfo']/*[local-name()='Title']"),"—") | C12: =IFERROR(_xlfn.FILTERXML($C$7,"(//*[local-name()='POI'])[2]/*[local-name()='AddressInfo']/*[local-name()='Town']"),"—") | D12: =IFERROR(_xlfn.FILTERXML($C$7,"(//*[local-name()='POI'])[2]/*[local-name()='AddressInfo']/*[local-name()='StateOrProvince']"),"—") | E12: =IFERROR(_xlfn.FILTERXML($C$7,"(//*[local-name()='POI'])[2]/*[local-name()='OperatorInfo']/*[local-name()='Title']"),"—") | F12: =IFERROR(_xlfn.FILTERXML($C$7,"(//*[local-name()='POI'])[2]/*[local-name()='NumberOfPoints']"),"—")
B13: =IFERROR(_xlfn.FILTERXML($C$7,"(//*[local-name()='POI'])[3]/*[local-name()='AddressInfo']/*[local-name()='Title']"),"—") | C13: =IFERROR(_xlfn.FILTERXML($C$7,"(//*[local-name()='POI'])[3]/*[local-name()='AddressInfo']/*[local-name()='Town']"),"—") | D13: =IFERROR(_xlfn.FILTERXML($C$7,"(//*[local-name()='POI'])[3]/*[local-name()='AddressInfo']/*[local-name()='StateOrProvince']"),"—") | E13: =IFERROR(_xlfn.FILTERXML($C$7,"(//*[local-name()='POI'])[3]/*[local-name()='OperatorInfo']/*[local-name()='Title']"),"—") | F13: =IFERROR(_xlfn.FILTERXML($C$7,"(//*[local-name()='POI'])[3]/*[local-name()='NumberOfPoints']"),"—")
B14: =IFERROR(_xlfn.FILTERXML($C$7,"(//*[local-name()='POI'])[4]/*[local-name()='AddressInfo']/*[local-name()='Title']"),"—") | C14: =IFERROR(_xlfn.FILTERXML($C$7,"(//*[local-name()='POI'])[4]/*[local-name()='AddressInfo']/*[local-name()='Town']"),"—") | D14: =IFERROR(_xlfn.FILTERXML($C$7,"(//*[local-name()='POI'])[4]/*[local-name()='AddressInfo']/*[local-name()='StateOrProvince']"),"—") | E14: =IFERROR(_xlfn.FILTERXML($C$7,"(//*[local-name()='POI'])[4]/*[local-name()='OperatorInfo']/*[local-name()='Title']"),"—") | F14: =IFERROR(_xlfn.FILTERXML($C$7,"(//*[local-name()='POI'])[4]/*[local-name()='NumberOfPoints']"),"—")
B15: =IFERROR(_xlfn.FILTERXML($C$7,"(//*[local-name()='POI'])[5]/*[local-name()='AddressInfo']/*[local-name()='Title']"),"—") | C15: =IFERROR(_xlfn.FILTERXML($C$7,"(//*[local-name()='POI'])[5]/*[local-name()='AddressInfo']/*[local-name()='Town']"),"—") | D15: =IFERROR(_xlfn.FILTERXML($C$7,"(//*[local-name()='POI'])[5]/*[local-name()='AddressInfo']/*[local-name()='StateOrProvince']"),"—") | E15: =IFERROR(_xlfn.FILTERXML($C$7,"(//*[local-name()='POI'])[5]/*[local-name()='OperatorInfo']/*[local-name()='Title']"),"—") | F15: =IFERROR(_xlfn.FILTERXML($C$7,"(//*[local-name()='POI'])[5]/*[local-name()='NumberOfPoints']"),"—")
B16: =IFERROR(_xlfn.FILTERXML($C$7,"(//*[local-name()='POI'])[6]/*[local-name()='AddressInfo']/*[local-name()='Title']"),"—") | C16: =IFERROR(_xlfn.FILTERXML($C$7,"(//*[local-name()='POI'])[6]/*[local-name()='AddressInfo']/*[local-name()='Town']"),"—") | D16: =IFERROR(_xlfn.FILTERXML($C$7,"(//*[local-name()='POI'])[6]/*[local-name()='AddressInfo']/*[local-name()='StateOrProvince']"),"—") | E16: =IFERROR(_xlfn.FILTERXML($C$7,"(//*[local-name()='POI'])[6]/*[local-name()='OperatorInfo']/*[local-name()='Title']"),"—") | F16: =IFERROR(_xlfn.FILTERXML($C$7,"(//*[local-name()='POI'])[6]/*[local-name()='NumberOfPoints']"),"—")
B17: =IFERROR(_xlfn.FILTERXML($C$7,"(//*[local-name()='POI'])[7]/*[local-name()='AddressInfo']/*[local-name()='Title']"),"—") | C17: =IFERROR(_xlfn.FILTERXML($C$7,"(//*[local-name()='POI'])[7]/*[local-name()='AddressInfo']/*[local-name()='Town']"),"—") | D17: =IFERROR(_xlfn.FILTERXML($C$7,"(//*[local-name()='POI'])[7]/*[local-name()='AddressInfo']/*[local-name()='StateOrProvince']"),"—") | E17: =IFERROR(_xlfn.FILTERXML($C$7,"(//*[local-name()='POI'])[7]/*[local-name()='OperatorInfo']/*[local-name()='Title']"),"—") | F17: =IFERROR(_xlfn.FILTERXML($C$7,"(//*[local-name()='POI'])[7]/*[local-name()='NumberOfPoints']"),"—")
B18: =IFERROR(_xlfn.FILTERXML($C$7,"(//*[local-name()='POI'])[8]/*[local-name()='AddressInfo']/*[local-name()='Title']"),"—") | C18: =IFERROR(_xlfn.FILTERXML($C$7,"(//*[local-name()='POI'])[8]/*[local-name()='AddressInfo']/*[local-name()='Town']"),"—") | D18: =IFERROR(_xlfn.FILTERXML($C$7,"(//*[local-name()='POI'])[8]/*[local-name()='AddressInfo']/*[local-name()='StateOrProvince']"),"—") | E18: =IFERROR(_xlfn.FILTERXML($C$7,"(//*[local-name()='POI'])[8]/*[local-name()='OperatorInfo']/*[local-name()='Title']"),"—") | F18: =IFERROR(_xlfn.FILTERXML($C$7,"(//*[local-name()='POI'])[8]/*[local-name()='NumberOfPoints']"),"—")
B19: =IFERROR(_xlfn.FILTERXML($C$7,"(//*[local-name()='POI'])[9]/*[local-name()='AddressInfo']/*[local-name()='Title']"),"—") | C19: =IFERROR(_xlfn.FILTERXML($C$7,"(//*[local-name()='POI'])[9]/*[local-name()='AddressInfo']/*[local-name()='Town']"),"—") | D19: =IFERROR(_xlfn.FILTERXML($C$7,"(//*[local-name()='POI'])[9]/*[local-name()='AddressInfo']/*[local-name()='StateOrProvince']"),"—") | E19: =IFERROR(_xlfn.FILTERXML($C$7,"(//*[local-name()='POI'])[9]/*[local-name()='OperatorInfo']/*[local-name()='Title']"),"—") | F19: =IFERROR(_xlfn.FILTERXML($C$7,"(//*[local-name()='POI'])[9]/*[local-name()='NumberOfPoints']"),"—")
B20: =IFERROR(_xlfn.FILTERXML($C$7,"(//*[local-name()='POI'])[10]/*[local-name()='AddressInfo']/*[local-name()='Title']"),"—") | C20: =IFERROR(_xlfn.FILTERXML($C$7,"(//*[local-name()='POI'])[10]/*[local-name()='AddressInfo']/*[local-name()='Town']"),"—") | D20: =IFERROR(_xlfn.FILTERXML($C$7,"(//*[local-name()='POI'])[10]/*[local-name()='AddressInfo']/*[local-name()='StateOrProvince']"),"—") | E20: =IFERROR(_xlfn.FILTERXML($C$7,"(//*[local-name()='POI'])[10]/*[local-name()='OperatorInfo']/*[local-name()='Title']"),"—") | F20: =IFERROR(_xlfn.FILTERXML($C$7,"(//*[local-name()='POI'])[10]/*[local-name()='NumberOfPoints']"),"—")
B21: =IFERROR(_xlfn.FILTERXML($C$7,"(//*[local-name()='POI'])[11]/*[local-name()='AddressInfo']/*[local-name()='Title']"),"—") | C21: =IFERROR(_xlfn.FILTERXML($C$7,"(//*[local-name()='POI'])[11]/*[local-name()='AddressInfo']/*[local-name()='Town']"),"—") | D21: =IFERROR(_xlfn.FILTERXML($C$7,"(//*[local-name()='POI'])[11]/*[local-name()='AddressInfo']/*[local-name()='StateOrProvince']"),"—") | E21: =IFERROR(_xlfn.FILTERXML($C$7,"(//*[local-name()='POI'])[11]/*[local-name()='OperatorInfo']/*[local-name()='Title']"),"—") | F21: =IFERROR(_xlfn.FILTERXML($C$7,"(//*[local-name()='POI'])[11]/*[local-name()='NumberOfPoints']"),"—")
B22: =IFERROR(_xlfn.FILTERXML($C$7,"(//*[local-name()='POI'])[12]/*[local-name()='AddressInfo']/*[local-name()='Title']"),"—") | C22: =IFERROR(_xlfn.FILTERXML($C$7,"(//*[local-name()='POI'])[12]/*[local-name()='AddressInfo']/*[local-name()='Town']"),"—") | D22: =IFERROR(_xlfn.FILTERXML($C$7,"(//*[local-name()='POI'])[12]/*[local-name()='AddressInfo']/*[local-name()='StateOrProvince']"),"—") | E22: =IFERROR(_xlfn.FILTERXML($C$7,"(//*[local-name()='POI'])[12]/*[local-name()='OperatorInfo']/*[local-name()='Title']"),"—") | F22: =IFERROR(_xlfn.FILTERXML($C$7,"(//*[local-name()='POI'])[12]/*[local-name()='NumberOfPoints']"),"—")
B23: =IFERROR(_xlfn.FILTERXML($C$7,"(//*[local-name()='POI'])[13]/*[local-name()='AddressInfo']/*[local-name()='Title']"),"—") | C23: =IFERROR(_xlfn.FILTERXML($C$7,"(//*[local-name()='POI'])[13]/*[local-name()='AddressInfo']/*[local-name()='Town']"),"—") | D23: =IFERROR(_xlfn.FILTERXML($C$7,"(//*[local-name()='POI'])[13]/*[local-name()='AddressInfo']/*[local-name()='StateOrProvince']"),"—") | E23: =IFERROR(_xlfn.FILTERXML($C$7,"(//*[local-name()='POI'])[13]/*[local-name()='OperatorInfo']/*[local-name()='Title']"),"—") | F23: =IFERROR(_xlfn.FILTERXML($C$7,"(//*[local-name()='POI'])[13]/*[local-name()='NumberOfPoints']"),"—")
B24: =IFERROR(_xlfn.FILTERXML($C$7,"(//*[local-name()='POI'])[14]/*[local-name()='AddressInfo']/*[local-name()='Title']"),"—") | C24: =IFERROR(_xlfn.FILTERXML($C$7,"(//*[local-name()='POI'])[14]/*[local-name()='AddressInfo']/*[local-name()='Town']"),"—") | D24: =IFERROR(_xlfn.FILTERXML($C$7,"(//*[local-name()='POI'])[14]/*[local-name()='AddressInfo']/*[local-name()='StateOrProvince']"),"—") | E24: =IFERROR(_xlfn.FILTERXML($C$7,"(//*[local-name()='POI'])[14]/*[local-name()='OperatorInfo']/*[local-name()='Title']"),"—") | F24: =IFERROR(_xlfn.FILTERXML($C$7,"(//*[local-name()='POI'])[14]/*[local-name()='NumberOfPoints']"),"—")
B25: =IFERROR(_xlfn.FILTERXML($C$7,"(//*[local-name()='POI'])[15]/*[local-name()='AddressInfo']/*[local-name()='Title']"),"—") | C25: =IFERROR(_xlfn.FILTERXML($C$7,"(//*[local-name()='POI'])[15]/*[local-name()='AddressInfo']/*[local-name()='Town']"),"—") | D25: =IFERROR(_xlfn.FILTERXML($C$7,"(//*[local-name()='POI'])[15]/*[local-name()='AddressInfo']/*[local-name()='StateOrProvince']"),"—") | E25: =IFERROR(_xlfn.FILTERXML($C$7,"(//*[local-name()='POI'])[15]/*[local-name()='OperatorInfo']/*[local-name()='Title']"),"—") | F25: =IFERROR(_xlfn.FILTERXML($C$7,"(//*[local-name()='POI'])[15]/*[local-name()='NumberOfPoints']"),"—")
B26: =IFERROR(_xlfn.FILTERXML($C$7,"(//*[local-name()='POI'])[16]/*[local-name()='AddressInfo']/*[local-name()='Title']"),"—") | C26: =IFERROR(_xlfn.FILTERXML($C$7,"(//*[local-name()='POI'])[16]/*[local-name()='AddressInfo']/*[local-name()='Town']"),"—") | D26: =IFERROR(_xlfn.FILTERXML($C$7,"(//*[local-name()='POI'])[16]/*[local-name()='AddressInfo']/*[local-name()='StateOrProvince']"),"—") | E26: =IFERROR(_xlfn.FILTERXML($C$7,"(//*[local-name()='POI'])[16]/*[local-name()='OperatorInfo']/*[local-name()='Title']"),"—") | F26: =IFERROR(_xlfn.FILTERXML($C$7,"(//*[local-name()='POI'])[16]/*[local-name()='NumberOfPoints']"),"—")
B27: =IFERROR(_xlfn.FILTERXML($C$7,"(//*[local-name()='POI'])[17]/*[local-name()='AddressInfo']/*[local-name()='Title']"),"—") | C27: =IFERROR(_xlfn.FILTERXML($C$7,"(//*[local-name()='POI'])[17]/*[local-name()='AddressInfo']/*[local-name()='Town']"),"—") | D27: =IFERROR(_xlfn.FILTERXML($C$7,"(//*[local-name()='POI'])[17]/*[local-name()='AddressInfo']/*[local-name()='StateOrProvince']"),"—") | E27: =IFERROR(_xlfn.FILTERXML($C$7,"(//*[local-name()='POI'])[17]/*[local-name()='OperatorInfo']/*[local-name()='Title']"),"—") | F27: =IFERROR(_xlfn.FILTERXML($C$7,"(//*[local-name()='POI'])[17]/*[local-name()='NumberOfPoints']"),"—")
B28: =IFERROR(_xlfn.FILTERXML($C$7,"(//*[local-name()='POI'])[18]/*[local-name()='AddressInfo']/*[local-name()='Title']"),"—") | C28: =IFERROR(_xlfn.FILTERXML($C$7,"(//*[local-name()='POI'])[18]/*[local-name()='AddressInfo']/*[local-name()='Town']"),"—") | D28: =IFERROR(_xlfn.FILTERXML($C$7,"(//*[local-name()='POI'])[18]/*[local-name()='AddressInfo']/*[local-name()='StateOrProvince']"),"—") | E28: =IFERROR(_xlfn.FILTERXML($C$7,"(//*[local-name()='POI'])[18]/*[local-name()='OperatorInfo']/*[local-name()='Title']"),"—") | F28: =IFERROR(_xlfn.FILTERXML($C$7,"(//*[local-name()='POI'])[18]/*[local-name()='NumberOfPoints']"),"—")
B29: Angezeigte Standorte: | C29: =SUMPRODUCT(--($B$11:$B$28<>"—"),--($B$11:$B$28<>""))
B31: Zeigt es „—“: einmal F9 drücken. Für Dauerbetrieb einen kostenlosen OpenChargeMap-API-Key oben in C6 eintragen (openchargemap.org). WEBSERVICE/FILTERXML gibt es nur in Excel für Windows (Desktop) — auf Mac/Web stattdessen die Power-Query-Vorlagen unten nutzen.
B34: Weitere Online-Quellen & eigene Datenbank — Power Query
B35: • Ladeinfrastruktur (voll): Daten ▸ Aus dem Web ▸ OpenChargeMap-JSON — filtern/aggregieren nach Kanton/Betreiber.
B36: • Firmendaten anreichern: Handelsregister Zefix-API (UID, Adresse, Rechtsform) per Firma abrufen.
B37: • Eigene DB: Daten ▸ Aus Datenbank (SQL Server / MySQL / PostgreSQL) — Server & Zugangsdaten eintragen.
B38: • Google Sheets / SharePoint: Freigabe-CSV-Link als Quelle.
B39: Fertige M-Vorlagen: data/PowerQuery_Vorlagen.m · danach „Alle aktualisieren“ (Strg+Alt+F5).

Sheet Listen
A1: Stammdaten / Lookups
A2: Speist Dropdowns & automatische Wahrscheinlichkeit. Werte hier pflegen.
A4: Phase | B4: Wahrsch. | D4: Prioritäten | E4: Regionen | F4: Branchen | G4: Produkte | H4: Team | I4: Phasen | J4: Aktivitätstyp | K4: Status
A5: Lead | B5: 0.1 | D5: Hoch | E5: Zürich | F5: Detailhandel | G5: AC-Ladestation 22 kW | H5: Burak Ücöz | I5: Lead | J5: Anruf | K5: Offen
A6: Qualifiziert | B6: 0.25 | D6: Mittel | E6: Bern | F6: Logistik | G6: DC-Schnelllader 60 kW | H6: S. Meier | I6: Qualifiziert | J6: E-Mail | K6: Erledigt
A7: Angebot | B7: 0.5 | D7: Niedrig | E7: Waadt | F7: Immobilien | G7: DC-HPC 150 kW | H7: L. Rossi | I7: Angebot | J7: Termin vor Ort
A8: Verhandlung | B8: 0.75 | E8: Genf | F8: Hotellerie | G8: Lastmanagement-System | H8: N. Keller | I8: Verhandlung | J8: Web-Demo
A9: Gewonnen | B9: 1 | E9: Basel | F9: Öffentliche Hand | G9: Full-Service Betrieb | H9: A. Favre | I9: Gewonnen | J9: Angebot
A10: Verloren | B10: 0 | E10: Aargau | F10: Industrie | G10: PV + Speicher Kombi | I10: Verloren | J10: Follow-up
E11: St. Gallen | F11: Tankstellen
E12: Tessin | F12: Flottenbetrieb
E13: Luzern
E14: Wallis

Sheet Anleitung
B2: So arbeitest du perfekt mit diesem Cockpit
B4: 1 · Dashboard
B5: KPIs, Sales-Funnel und Auswertungen nach Region/Branche/Verantwortlichem rechnen automatisch —
B6: alles aktualisiert sich, sobald du in der Pipeline etwas änderst.
B8: 2 · Pipeline (Herzstück)
B9: • Filtern/Sortieren über die Pfeile in der blauen Kopfzeile (Region, Phase, Verantwortlich …).
B10: • Datenschnitte (Klick-Filter): Tabelle anklicken ▸ Menüband „Tabellenentwurf“ ▸ Datenschnitt einfügen.
B11: • Dropdowns für Phase/Priorität/Region/Branche/Produkt/Verantwortlich (nur gültige Werte).
B12: • Automatik: Wahrscheinlichkeit folgt der Phase; Gew. Wert = Volumen × Wahrsch.;
B13: Tage bis Abschluss & Ampel (🔴 ≤14 T, 🟡 ≤45 T, 🟢 sonst, ✅ gewonnen).
B14: • Neue Zeile einfach unter der letzten schreiben – Tabelle & Dashboard wachsen automatisch mit.
B16: 3 · Aktivitäten · Kontakte · Forecast · Ziele
... B29: Reproduzierbar: python3 src/build_excel.py · Farbwelt Navy #1B2430 + Akzent-Rot #E2001A.
