Workbook

Sheet Dashboard
B2: VERTRIEBS-COCKPIT
B3: AVIA VOLT Suisse · Pipeline-Steuerung & Forecast · Burak Ücöz
B5: PIPELINE GESAMT | D5: GEWICHTETER FORECAST | F5: OFFENE DEALS
B6: =SUM(Pipeline!I5:I24) | D6: =SUM(Pipeline!K5:K24) | F6: =COUNTIFS(Pipeline!G5:G24,"<>Gewonnen",Pipeline!G5:G24,"<>Verloren")
B9: GEWONNEN (YTD) | D9: WIN-RATE | F9: Ø DEAL-GRÖSSE
B10: =SUMIFS(Pipeline!I5:I24,Pipeline!G5:G24,"Gewonnen") | D10: =IFERROR(COUNTIF(Pipeline!G5:G24,"Gewonnen")/(COUNTIF(Pipeline!G5:G24,"Gewonnen")+COUNTIF(Pipeline!G5:G24,"Verloren")),0) | F10: =IFERROR(AVERAGE(Pipeline!I5:I24),0)
B15: Pipeline nach Phase | E15: Gew. Forecast je Verantwortlich
B16: Phase | C16: Volumen (CHF) | E16: Verantwortlich | F16: Gew. Wert (CHF)
B17: Lead | C17: =SUMIFS(Pipeline!I5:I24,Pipeline!G5:G24,B17) | E17: Burak Ücöz | F17: =SUMIFS(Pipeline!K5:K24,Pipeline!O5:O24,E17)
B18: Qualifiziert | C18: =SUMIFS(Pipeline!I5:I24,Pipeline!G5:G24,B18) | E18: S. Meier | F18: =SUMIFS(Pipeline!K5:K24,Pipeline!O5:O24,E18)
B19: Angebot | C19: =SUMIFS(Pipeline!I5:I24,Pipeline!G5:G24,B19) | E19: L. Rossi | F19: =SUMIFS(Pipeline!K5:K24,Pipeline!O5:O24,E19)
B20: Verhandlung | C20: =SUMIFS(Pipeline!I5:I24,Pipeline!G5:G24,B20) | E20: N. Keller | F20: =SUMIFS(Pipeline!K5:K24,Pipeline!O5:O24,E20)
B21: Gewonnen | C21: =SUMIFS(Pipeline!I5:I24,Pipeline!G5:G24,B21) | E21: A. Favre | F21: =SUMIFS(Pipeline!K5:K24,Pipeline!O5:O24,E21)
B22: Verloren | C22: =SUMIFS(Pipeline!I5:I24,Pipeline!G5:G24,B22)

Sheet Pipeline
A1: VERTRIEBS-PIPELINE · AVIA VOLT Suisse
A2: Tipp: Filtern über die Pfeile in der Kopfzeile · Phase/Priorität/Region per Dropdown · Wahrscheinlichkeit, gewichteter Wert, Tage bis Abschluss & Ampel rechnen automatisch.
A4: Deal-ID | B4: Firma | C4: Ansprechpartner | D4: Region | E4: Branche | F4: Produkt / Lösung | G4: Phase | H4: Priorität | I4: Volumen (CHF) | J4: Wahrsch. % | K4: Gew. Wert (CHF) | L4: Erstkontakt | M4: Erw. Abschluss | N4: Tage bis Abschl. | O4: Verantwortlich | P4: Nächster Schritt | Q4: Ampel
A5: D-1001 | B5: Migros Ostschweiz | C5: R. Brunner | D5: St. Gallen | E5: Detailhandel | F5: DC-HPC 150 kW | G5: Verhandlung | H5: Hoch | I5: 340000 | J5: =IFERROR(XLOOKUP(G5,Listen!$A$5:$A$10,Listen!$B$5:$B$10),VLOOKUP(G5,Listen!$A$5:$B$10,2,FALSE)) | K5: =I5*J5 | L5: 46154 | M5: 46230 | N5: =IF(OR(G5="Gewonnen",G5="Verloren"),"—",M5-TODAY()) | O5: Burak Ücöz | P5: Vertrag final abstimmen | Q5: =IF(G5="Gewonnen","✅",IF(G5="Verloren","⬛",IF(N5<=14,"🔴",IF(N5<=45,"🟡","🟢"))))
A6: D-1002 | B6: Planzer Transport | C6: M. Planzer | D6: Zürich | E6: Logistik | F6: Lastmanagement-System | G6: Angebot | H6: Hoch | I6: 210000 | J6: =IFERROR(XLOOKUP(G6,Listen!$A$5:$A$10,Listen!$B$5:$B$10),VLOOKUP(G6,Listen!$A$5:$B$10,2,FALSE)) | K6: =I6*J6 | L6: 46175 | M6: 46244 | N6: =IF(OR(G6="Gewonnen",G6="Verloren"),"—",M6-TODAY()) | O6: Burak Ücöz | P6: Angebot nachfassen | Q6: =IF(G6="Gewonnen","✅",IF(G6="Verloren","⬛",IF(N6<=14,"🔴",IF(N6<=45,"🟡","🟢"))))
A7: D-1003 | B7: SBB Immobilien | C7: C. Wyss | D7: Bern | E7: Immobilien | F7: DC-Schnelllader 60 kW | G7: Qualifiziert | H7: Hoch | I7: 480000 | J7: =IFERROR(XLOOKUP(G7,Listen!$A$5:$A$10,Listen!$B$5:$B$10),VLOOKUP(G7,Listen!$A$5:$B$10,2,FALSE)) | K7: =I7*J7 | L7: 46188 | M7: 46281 | N7: =IF(OR(G7="Gewonnen",G7="Verloren"),"—",M7-TODAY()) | O7: S. Meier | P7: Standort-Audit terminieren | Q7: =IF(G7="Gewonnen","✅",IF(G7="Verloren","⬛",IF(N7<=14,"🔴",IF(N7<=45,"🟡","🟢"))))
A8: D-1004 | B8: Coop Mineraloel | C8: T. Frei | D8: Aargau | E8: Tankstellen | F8: DC-HPC 150 kW | G8: Verhandlung | H8: Hoch | I8: 620000 | J8: =IFERROR(XLOOKUP(G8,Listen!$A$5:$A$10,Listen!$B$5:$B$10),VLOOKUP(G8,Listen!$A$5:$B$10,2,FALSE)) | K8: =I8*J8 | L8: 46142 | M8: 46221 | N8: =IF(OR(G8="Gewonnen",G8="Verloren"),"—",M8-TODAY()) | O8: Burak Ücöz | P8: Preisstaffel bestätigen | Q8: =IF(G8="Gewonnen","✅",IF(G8="Verloren","⬛",IF(N8<=14,"🔴",IF(N8<=45,"🟡","🟢"))))
A9: D-1005 | B9: Hotel Belvédère | C9: G. Rossi | D9: Wallis | E9: Hotellerie | F9: AC-Ladestation 22 kW | G9: Angebot | H9: Mittel | I9: 48000 | J9: =IFERROR(XLOOKUP(G9,Listen!$A$5:$A$10,Listen!$B$5:$B$10),VLOOKUP(G9,Listen!$A$5:$B$10,2,FALSE)) | K9: =I9*J9 | L9: 46184 | M9: 46236 | N9: =IF(OR(G9="Gewonnen",G9="Verloren"),"—",M9-TODAY()) | O9: L. Rossi | P9: Referenzbesuch anbieten | Q9: =IF(G9="Gewonnen","✅",IF(G9="Verloren","⬛",IF(N9<=14,"🔴",IF(N9<=45,"🟡","🟢"))))
A10: D-1006 | B10: Stadt Zürich TAZ | C10: P. Huber | D10: Zürich | E10: Öffentliche Hand | F10: Full-Service Betrieb | G10: Qualifiziert | H10: Hoch | I10: 390000 | J10: =IFERROR(XLOOKUP(G10,Listen!$A$5:$A$10,Listen!$B$5:$B$10),VLOOKUP(G10,Listen!$A$5:$B$10,2,FALSE)) | K10: =I10*J10 | L10: 46166 | M10: 46296 | N10: =IF(OR(G10="Gewonnen",G10="Verloren"),"—",M10-TODAY()) | O10: N. Keller | P10: Ausschreibungsunterlagen prüfen | Q10: =IF(G10="Gewonnen","✅",IF(G10="Verloren","⬛",IF(N10<=14,"🔴",IF(N10<=45,"🟡","🟢"))))
A11: D-1007 | B11: Emmi Gruppe | C11: D. Schmid | D11: Luzern | E11: Industrie | F11: PV + Speicher Kombi | G11: Lead | H11: Mittel | I11: 275000 | J11: =IFERROR(XLOOKUP(G11,Listen!$A$5:$A$10,Listen!$B$5:$B$10),VLOOKUP(G11,Listen!$A$5:$B$10,2,FALSE)) | K11: =I11*J11 | L11: 46200 | M11: 46326 | N11: =IF(OR(G11="Gewonnen",G11="Verloren"),"—",M11-TODAY()) | O11: S. Meier | P11: Erstgespräch vereinbaren | Q11: =IF(G11="Gewonnen","✅",IF(G11="Verloren","⬛",IF(N11<=14,"🔴",IF(N11<=45,"🟡","🟢"))))
A12: D-1008 | B12: Groupe Mutuel | C12: J. Favre | D12: Waadt | E12: Immobilien | F12: AC-Ladestation 22 kW | G12: Angebot | H12: Mittel | I12: 96000 | J12: =IFERROR(XLOOKUP(G12,Listen!$A$5:$A$10,Listen!$B$5:$B$10),VLOOKUP(G12,Listen!$A$5:$B$10,2,FALSE)) | K12: =I12*J12 | L12: 46179 | M12: 46248 | N12: =IF(OR(G12="Gewonnen",G12="Verloren"),"—",M12-TODAY()) | O12: A. Favre | P12: Angebot v2 senden | Q12: =IF(G12="Gewonnen","✅",IF(G12="Verloren","⬛",IF(N12<=14,"🔴",IF(N12<=45,"🟡","🟢"))))
A13: D-1009 | B13: Läderach | C13: S. Läderach | D13: Aargau | E13: Detailhandel | F13: AC-Ladestation 22 kW | G13: Gewonnen | H13: Mittel | I13: 62000 | J13: =IFERROR(XLOOKUP(G13,Listen!$A$5:$A$10,Listen!$B$5:$B$10),VLOOKUP(G13,Listen!$A$5:$B$10,2,FALSE)) | K13: =I13*J13 | L13: 46118 | M13: 46202 | N13: =IF(OR(G13="Gewonnen",G13="Verloren"),"—",M13-TODAY()) | O13: Burak Ücöz | P13: Umsetzung übergeben | Q13: =IF(G13="Gewonnen","✅",IF(G13="Verloren","⬛",IF(N13<=14,"🔴",IF(N13<=45,"🟡","🟢"))))
A14: D-1010 | B14: Post Fleet | C14: M. Berger | D14: Bern | E14: Flottenbetrieb | F14: Lastmanagement-System | G14: Verhandlung | H14: Hoch | I14: 540000 | J14: =IFERROR(XLOOKUP(G14,Listen!$A$5:$A$10,Listen!$B$5:$B$10),VLOOKUP(G14,Listen!$A$5:$B$10,2,FALSE)) | K14: =I14*J14 | L14: 46158 | M14: 46226 | N14: =IF(OR(G14="Gewonnen",G14="Verloren"),"—",M14-TODAY()) | O14: Burak Ücöz | P14: Rahmenvertrag verhandeln | Q14: =IF(G14="Gewonnen","✅",IF(G14="Verloren","⬛",IF(N14<=14,"🔴",IF(N14<=45,"🟡","🟢"))))
A15: D-1011 | B15: TCS Genf | C15: F. Dubois | D15: Genf | E15: Öffentliche Hand | F15: DC-Schnelllader 60 kW | G15: Qualifiziert | H15: Mittel | I15: 180000 | J15: =IFERROR(XLOOKUP(G15,Listen!$A$5:$A$10,Listen!$B$5:$B$10),VLOOKUP(G15,Listen!$A$5:$B$10,2,FALSE)) | K15: =I15*J15 | L15: 46191 | M15: 46272 | N15: =IF(OR(G15="Gewonnen",G15="Verloren"),"—",M15-TODAY()) | O15: A. Favre | P15: Bedarf konkretisieren | Q15: =IF(G15="Gewonnen","✅",IF(G15="Verloren","⬛",IF(N15<=14,"🔴",IF(N15<=45,"🟡","🟢"))))
A16: D-1012 | B16: IKEA Spreitenbach | C16: K. Nilsson | D16: Aargau | E16: Detailhandel | F16: DC-HPC 150 kW | G16: Angebot | H16: Hoch | I16: 410000 | J16: =IFERROR(XLOOKUP(G16,Listen!$A$5:$A$10,Listen!$B$5:$B$10),VLOOKUP(G16,Listen!$A$5:$B$10,2,FALSE)) | K16: =I16*J16 | L16: 46173 | M16: 46241 | N16: =IF(OR(G16="Gewonnen",G16="Verloren"),"—",M16-TODAY()) | O16: S. Meier | P16: Business-Case rechnen | Q16: =IF(G16="Gewonnen","✅",IF(G16="Verloren","⬛",IF(N16<=14,"🔴",IF(N16<=45,"🟡","🟢"))))
... A24: D-1020 | B24: Aldi Suisse | C24: M. Fischer | D24: Aargau | E24: Detailhandel | F24: DC-Schnelllader 60 kW | G24: Angebot | H24: Hoch | I24: 445000 | J24: =IFERROR(XLOOKUP(G24,Listen!$A$5:$A$10,Listen!$B$5:$B$10),VLOOKUP(G24,Listen!$A$5:$B$10,2,FALSE)) | K24: =I24*J24 | L24: 46177 | M24: 46246 | N24: =IF(OR(G24="Gewonnen",G24="Verloren"),"—",M24-TODAY()) | O24: Burak Ücöz | P24: Pilotstandort definieren | Q24: =IF(G24="Gewonnen","✅",IF(G24="Verloren","⬛",IF(N24<=14,"🔴",IF(N24<=45,"🟡","🟢"))))
B25: Σ Summe / Forecast | I25: =SUBTOTAL(109,I5:I24) | K25: =SUBTOTAL(109,K5:K24)

Sheet Live-Daten
B2: LIVE-DATEN · Online-Abruf per Knopfdruck
B3: Aktuelle CHF-Wechselkurse & frei konfigurierbare Datenbank-Anbindung. Aktualisieren mit Daten ▸ Alle aktualisieren (Strg+Alt+F5).
B5: 🔄 LIVE-DATEN JETZT AKTUALISIEREN | E5: → Menüband: Daten ▸ Alle aktualisieren · oder Strg+Alt+F5
B7: Referenzwährung | C7: CHF
B9: Währung | C9: Kurs (1 CHF =) | D9: Stand | E9: Quelle
B10: EUR | E10: frankfurter.app
B11: USD | E11: frankfurter.app
B12: GBP | E12: frankfurter.app
B14: Hinweis: Diese Tabelle füllt sich nach dem ersten Einrichten der Web-Abfrage automatisch. Schritt-für-Schritt in Blatt „Anleitung“.
B17: Eigene Datenbank (SQL / Cloud) anbinden
B18: Power Query ▸ Daten abrufen ▸ Aus Datenbank (SQL Server / MySQL / PostgreSQL) oder ▸ Aus dem Web / SharePoint / Google Sheets. Fertige M-Vorlagen in data/PowerQuery_Vorlagen.m.

Sheet Listen
A1: Stammdaten / Lookups
A2: Diese Werte speisen die Dropdowns und die automatische Wahrscheinlichkeit.
A4: Phase | B4: Wahrsch. | D4: Prioritäten | E4: Regionen | F4: Branchen | G4: Produkte | H4: Team | I4: Phasen
A5: Lead | B5: 0.1 | D5: Hoch | E5: Zürich | F5: Detailhandel | G5: AC-Ladestation 22 kW | H5: Burak Ücöz | I5: Lead
A6: Qualifiziert | B6: 0.25 | D6: Mittel | E6: Bern | F6: Logistik | G6: DC-Schnelllader 60 kW | H6: S. Meier | I6: Qualifiziert
A7: Angebot | B7: 0.5 | D7: Niedrig | E7: Waadt | F7: Immobilien | G7: DC-HPC 150 kW | H7: L. Rossi | I7: Angebot
A8: Verhandlung | B8: 0.75 | E8: Genf | F8: Hotellerie | G8: Lastmanagement-System | H8: N. Keller | I8: Verhandlung
A9: Gewonnen | B9: 1 | E9: Basel | F9: Öffentliche Hand | G9: Full-Service Betrieb | H9: A. Favre | I9: Gewonnen
A10: Verloren | B10: 0 | E10: Aargau | F10: Industrie | G10: PV + Speicher Kombi | I10: Verloren
E11: St. Gallen | F11: Tankstellen
E12: Tessin | F12: Flottenbetrieb
E13: Luzern
E14: Wallis

Sheet Anleitung
B2: So arbeitest du perfekt mit diesem Cockpit
B4: 1 · Dashboard
B5: KPIs (Pipeline, gewichteter Forecast, Win-Rate …) und Diagramme rechnen automatisch.
B6: Alles aktualisiert sich, sobald du in der Pipeline etwas änderst.
B8: 2 · Pipeline (Herzstück)
B9: • Filtern: Pfeile in der blauen Kopfzeile → nach Region, Phase, Verantwortlich … filtern & sortieren.
B10: • Dropdowns: Phase, Priorität, Region, Branche, Produkt, Verantwortlich – nur gültige Werte.
B11: • Automatik: Wahrscheinlichkeit folgt der Phase; Gew. Wert = Volumen × Wahrsch.;
B12: Tage bis Abschluss & Ampel (🔴≤14 T, 🟡≤45 T, 🟢 sonst) rechnen selbst.
B13: • Neue Zeile: einfach unter der letzten Zeile weiterschreiben – die Tabelle wächst automatisch mit.
B15: 3 · Live-Daten online abrufen (per Knopfdruck)
B16: Einmal einrichten – danach genügt „Alle aktualisieren“ (Strg+Alt+F5):
... B26: Farbwelt: AVIA-Navy #1B2430 + AVIA-Rot #E2001A. Reproduzierbar via python3 src/build_excel.py.
