Workbook

Sheet Start
B1: GYM LOGBUCH | BEINTRAINING · FASSUNG VOR DER OP
B2: Gilt bis zur Operation am 30.09.2026. Danach auf die Reha-Fassung wechseln.
B4: Kurzübersicht
B5: Einheiten erfasst | C5: =COUNT(Einheiten!$I$4:$I$63) -> 17
B6: Sätze gesamt | C6: =COUNTA(Log!$E$4:$E$1203) -> 360
B7: Gesamtvolumen (t) | C7: =IFERROR(SUM(Log!$I$4:$I$1203)/1000,0) -> 271.227
B8: Schwerster Arbeitssatz (kg) | C8: =SUMPRODUCT(MAX((Log!$E$4:$E$1203="A")*(Log!$F$4:$F$1203<>"")*Log!$F$4:$F$1203)) -> 333
B10: Diese Fassung gilt bis zur Operation am 30.09.2026. Am OP-Tag auf die Reha-Fassung wechseln und die Zeilen aus 'Log' und 'Einheiten' hinüberkopieren - der Aufbau ist identisch, Auswertung und Rekorde rechnen dort sofort weiter. Die Blätter hier sind Planungshilfe, keine ärztliche Anweisung: was du vor der OP trainieren darfst, sagen Operateur und Physiotherapie.
B12: So arbeitest du damit
B13: Blatt 'Einheiten' | C13: Zuerst hier die Einheit anlegen: Nummer, Datum, Körpergewicht, Dauer, Schlaf, Gefühl. Das Datum zieht sich automatisch ins Log, du trägst es nur einmal ein.
B14: Blatt 'Log' | C14: Eine Zeile pro Satz. Nur die gelben Spalten ausfüllen: Einheit, Übung, Satztyp, Gewicht, Wdh, optional RPE und Notiz. Block, Volumen und e1RM rechnen sich selbst.
B15: Blatt 'Trainingsblatt' | C15: Ausdrucken und mitnehmen. Zeigt je Übung, was du zuletzt gemacht hast, dazu Zielvorschlag, Aufwärm-Rampe und leere Felder zum Eintragen mit Stift. Hinter jeder Übung steht, wie lange sie nach der OP ausfällt. Ein Ausdruck liefert vier Blätter je Block, also rund vier Trainingswochen am Stück - für spontane Zusatzübungen sind die Notizzeilen am Seitenende da.
B16: Blatt 'Auswertung' | C16: Volumen, Top-Gewicht und bester e1RM je Übung und Einheit. Drei Tabellen, jede auf einer eigenen Druckseite. Zeigt 16 Einheiten nebeneinander; mit der Zahl in B3 blätterst du weiter, die Gesamtspalte rechnet immer über alles.
B17: Blatt 'Progression' | C17: Erste gegen letzte Einheit: Veränderung in kg und Prozent, Abstand zum eigenen Bestwert, Trendbewertung.
B18: Blatt 'Rekorde' | C18: Bestwerte je Übung über alle Einheiten, inklusive der Einheit, in der der Rekord gefallen ist.
B19: Blatt 'Wochenplan' | C19: Wochenraster mit zwei Beineinheiten und den Regeln zur Regeneration: 72 Stunden Abstand, Satzpausen, Schlaf, was bei ausbleibendem Fortschritt zuerst zu prüfen ist. Dazu der Wiedereinstieg nach der Trainingspause: welche Übung diese Woche pausiert und welche mit welchem Prozentsatz zurückkommt.
B20: Blatt 'Dashboard' | C20: Kennzahlen und vier Diagramme auf einer Seite. Gut zum Aufhängen.
B21: Blatt 'Reha-Plan Beine' | C21: Der eigentliche Trainingsplan nach der OP. Je Phase steht dort, welche Übung läuft, mit wie vielen Sätzen und Wiederholungen und mit welchem konkreten Gewicht - gerechnet als Prozentsatz des letzten Arbeitsgewichts vor der OP und auf die Laststufe des Geräts abgerundet. Dieses Blatt ersetzt in der Reha das Trainingsblatt; ab Phase 4 wird wieder das Trainingsblatt genutzt.
B22: Blatt 'OP-Countdown' | C22: Tage und Wochen bis zum Termin, und vor allem: welche Übung nach der OP wie lange ausfällt und welcher Ersatz einspringt. Die Ersatzgeräte jetzt einarbeiten und das Arbeitsgewicht dort eintragen - dann steht der Startwert nach der OP schon fest.
B23: Blatt 'Vorbereitung' | C23: Checkliste bis zum OP-Tag: Fragen an Operateur und Physiotherapie, Organisation, Gym-Logistik. Die Antworten gehören in die Notizspalte, dann hast du sie später schwarz auf weiss.
B24: Blatt 'Baseline Schulter' | C24: Ausgangswerte beider Schultern vor der OP: Beweglichkeit in Grad, Schmerz, Curl-Testgewicht. Diese Zahlen sind nach der OP nicht mehr nachholbar, und der Reha-Fahrplan misst mehrere Meilensteine am Vergleich zur Gegenseite.
B25: Blatt 'Übungen' | C25: Stammdaten und Planvorgaben: Ziel-Wdh, Ziel-Sätze, Ziel-RPE und Startgewicht je Übung. Neue Übung hier ergänzen - sie erscheint automatisch in den Dropdowns und in allen Auswertungen. 'Aktiv' kennt drei Zustände: 'ja' läuft normal, 'pause' setzt eine Übung vorübergehend aus (sie bleibt in der Historie, das Trainingsblatt zeigt statt der Gewichte einen roten Pausenvermerk), 'nein' archiviert sie ganz. Die Spalte 'Anpassung %' drosselt das Zielgewicht einer Übung, ohne die Rechnung zu verfälschen: 100 ist normal, 80 heisst 80 Prozent des berechneten Ziels - gedacht für den Wiedereinstieg nach Pause oder Verletzung. Wichtig: die Anpassung wieder auf 100 setzen, sobald die Übung einmal auf dem reduzierten Gewicht gelaufen ist. Sonst rechnet der Plan die Prozente auf ein schon reduziertes Ergebnis, und das Zielgewicht sinkt Einheit für Einheit weiter statt zu steigen.
B27: Legende
B28: Gelbe Zellen | C28: Deine Eingabe. Nur hier tippen.
B29: Weisse / graue Zellen | C29: Formeln. Nicht überschreiben.
B30: Satztyp W | C30: Warmup. Zählt nicht ins Arbeitsvolumen.
B31: Satztyp A | C31: Arbeitssatz. Basis für Volumen, Top-Gewicht und e1RM.
B32: Satztyp R | C32: Reduktions- bzw. Dropsatz. Kette in der Spalte 'Drop-Kette' notieren, z.B. 110 / 72.5 / 35. Zählt nicht ins Arbeitsvolumen, weil die Wdh je Stufe fehlen.
B33: Volumen | C33: Gewicht × Wdh je Satz. Der ehrlichste Fortschrittswert an Maschinen.
B34: e1RM (Epley) | C34: Gewicht × (1 + Wdh / 30). An Maschinen kein echtes 1RM, aber ein sauberer Vergleich zwischen Einheiten mit unterschiedlichen Wiederholungszahlen.
B35: RPE | C35: Anstrengung 6 bis 10. 10 = keine Wiederholung mehr möglich. Optional, aber sehr hilfreich für die Steuerung. Die Zielwerte je Übung stehen im Blatt 'Übungen'.
B36: Zielbereich 5 bis 6 Wdh | C36: Alle Übungen laufen im selben Bereich: 5 bis 6 Wiederholungen je Arbeitssatz. Kraftlastig, dafür brauchen die Sätze längere Pausen - drei bis vier Minuten bei den schweren Übungen.
B37: Drei Sätze, absteigend | C37: Immer genau drei Arbeitssätze, keine Reduktionssätze mehr. Satz 1 ist der schwere Top-Satz und bestimmt allein die Progression. Satz 2 läuft mit 95 Prozent, Satz 3 mit 90 Prozent davon - beide dürfen eine beziehungsweise zwei Wiederholungen mehr, aber nie über 6. Auf dem Trainingsblatt steht je Satz das eigene Gewicht: Warmup 1 mit 40 und Warmup 2 mit 70 Prozent, dann Arbeitssatz 1 mit 100, Arbeitssatz 2 mit 95 und Arbeitssatz 3 mit 90 Prozent. Alle drei Arbeitssätze bleiben im Bereich 5 bis 6 Wiederholungen.
B38: Doppelte Progression | C38: So wird gesteigert, und zwar nach jedem Training neu: Solange der schwächste Arbeitssatz unter 6 Wdh liegt, bleibt das Gewicht stehen und es kommt eine Wiederholung dazu. Schaffen alle Sätze 6, kommt Gewicht drauf und die Wiederholungen fangen bei 5 wieder an. Bezug ist immer der schwächste Satz, nicht der beste. Sobald du die Einheit ins Log tippst, steht der nächste Schritt da.
B39: Wie viel Gewicht dazukommt | C39: Ein Prozent auf das letzte Top-Gewicht, aufgerundet auf die nächste Laststufe des Geräts. Das ist bewusst klein gehalten und über Monate tragfähig. An Maschinen mit groben Steckgewichten ist eine Stufe mehr als ein Prozent - der tatsächliche Zuwachs steht deshalb in Prozent neben dem Vorschlag. Wird ein Sprung zu gross, im Blatt 'Übungen' eine kleinere Laststufe eintragen.
... B41: Archiv | C41: Übung im Blatt 'Übungen' auf Aktiv = nein setzen. Sie verschwindet aus dem Trainingsblatt, bleibt in Log, Auswertung, Progression und Rekorden aber sichtbar - dort grau und kursiv.
B43: Offene Punkte aus der Originalquelle
B44: Kickback, Warmups | C44: Im Original stehen zwei Gewichte statt Gewicht plus Wdh (z.B. 35 kg / 49 kg). Als zwei Warmup-Sätze ohne Wdh erfasst.
B45: Adduktion, Einheit 4 | C45: Original 152.2 kg, überall sonst 152.5 kg. Als Tippfehler auf 152.5 korrigiert und im Log vermerkt. War es ein anderes Gerät, die beiden Zeilen im Log anpassen.
B46: Beinstrecker, Einheit 2 | C46: Zeile 'W 10 kg 20 kg 5-6 Wdh' als zwei Warmups ohne Wdh erfasst.
B47: Hip Thrust, R-Sätze | C47: '-25 kg je Seite' ohne Absolutgewicht. Beim nächsten Mal das Gesamtgewicht eintragen, sonst ist der Satz nicht vergleichbar.
B48: Lunges | C48: Nur Gewichte, keine Wdh und keine Satzstruktur. Als je ein Arbeitssatz in Einheit 1 bis 3 erfasst - deshalb bleibt das Volumen dort leer. Übung ist inzwischen archiviert.
B49: Datum | C49: In der Quelle nicht enthalten. Im Blatt 'Einheiten' nachtragen, falls du die Termine noch weisst.
B50: Beinpresse neu im Plan | C50: Ersetzt die Hackenschmidt-Kniebeuge. Sie war bisher als Ersatzübung für deren Sperrzeit hinterlegt, war also vor Woche 6 nutzbar - daraus ist die Freigabe ab Woche 2 abgeleitet. Diese Woche mit Operateur oder Physiotherapie bestätigen, sie steht im Blatt 'Übungen' und lässt sich dort ändern.
B51: Adduktion, Obergrenze | C51: Die frühere Annahme, 152.5 kg sei das Stackende, ist überholt - in Einheit 5 lagen 162.5 kg an. 'Max (kg)' ist deshalb leer. Falls die Maschine doch eine Obergrenze hat, im Blatt 'Übungen' eintragen.
B52: Absteigende Sätze | C52: Bei Split Squat, Beinstrecker und Hip Thrust wurden die Arbeitssätze in Einheit 5 absteigend beziehungsweise aufsteigend gefahren. Die doppelte Progression rechnet auf dem schwersten Satz und dessen Wiederholungen - bei Rampen ist das die oberste Stufe.
B53: Startgewichte fehlen | C53: Beinpresse und Rumänisches Kreuzheben sind neu im Plan und haben keine Historie. Trag im Blatt 'Übungen' unter 'Start (kg)' ein Einstiegsgewicht ein, dann füllt sich die Plan-Spalte des Trainingsblatts. Aus den bisherigen Daten lässt sich dafür kein seriöser Wert ableiten - das entscheidest du im ersten Satz.
B55: Alle Kennzahlen sind Formeln. Sobald du im Log Zeilen ergänzt, aktualisieren sich Auswertung, Progression, Rekorde und Dashboard von selbst. · Vorbereitet sind 1200 Sätze im Log, 60 Einheiten und 240 Tage Reha-Log - das reicht für rund ein Jahr Training.

Sheet Wochenplan
B1: WOCHENPLAN | VOR DER OP
B2: Zwei Beineinheiten je Woche, dazwischen mindestens 72 Stunden. Regeneration ist Teil des Plans, nicht die Pause davon.
B4: Wochenraster
B5: Tag | C5: Einheit | D5: Inhalt | E5: Warum
B6: Montag | C6: Beine vorne | D6: Beinpresse eng · Split Squat · Beinstrecker · Adduktion | E6: Frischer Wochenstart für die schwerste Einheit.
B7: Dienstag | C7: frei | D7: Gehen, lockeres Radfahren, Mobilität | E7: Durchblutung fördert die Erholung, ohne neuen Reiz zu setzen.
B8: Mittwoch | C8: frei | D8: Oberkörper oder Ruhetag | E8: Beine bleiben unbelastet.
B9: Donnerstag | C9: Beine hinten | D9: Reverse V-Squat · RDL Kurzhantel · Beinpresse breit · Hip Thrust · Hip & Glute · Beinbeuger · Seitl. Kickbacks · Waden | E9: 72 Stunden nach Montag - die Vorderseite ist wieder erholt.
B10: Freitag | C10: frei | D10: Oberkörper oder Ruhetag | E10: Erholung.
B11: Samstag | C11: frei | D11: Gehen, Mobilität | E11: Lockere Bewegung, keine Beinlast.
B12: Sonntag | C12: frei | D12: Ruhetag | E12: Vollständige Pause vor dem nächsten Montag.
B14: Wiedereinstieg nach der Pause (Adduktoren links)
B15: Die Rückkehrwoche nach der Zerrung in der linken Oberschenkelinnenseite ist durch: Einheit 11 (Beine hinten) und Einheit 12 (Beine vorne) sind gelaufen, beide ohne gemeldete Beschwerden. Neun Übungen stehen deshalb wieder auf Anpassung 100 Prozent und drei Arbeitssätzen. Nur die zwei Übungen, die den verletzten Muskel direkt treffen, kommen gedrosselt zurück - Stand unten. Nach zwei beschwerdefreien Einheiten auch dort im Blatt 'Übungen' die Anpassung auf 100 und die Ziel-Sätze auf 3 setzen.
B16: Stufe | C16: Übungen | D16: Vorgabe | E16: Begründung
B17: erledigt | C17: Adduktion (Maschine) | D17: 3 Sätze, Anpassung 100 % | E17: In Einheit 17 mit 165 x 6 schmerzfrei gelaufen, das war die erste Einheit seit der Zerrung. Drosselung damit aufgehoben. Wichtig: die Anpassung muss weg, sobald eine Übung einmal auf dem reduzierten Gewicht gelaufen ist - sonst rechnet der Plan die Prozente auf ein schon reduziertes Ergebnis und die Last sinkt weiter.
B18: Eichung | C18: Beinpresse breiter Stand | D18: 3 Sätze, Start 220 kg | E18: Drosselung aufgehoben, aber bis heute nie ausgeführt. Das Startgewicht bleibt eine Schätzung und steht vorsichtig bei 220 kg statt 260 - die erste Einheit ist eine Eichung.
B19: 100 % | C19: alle übrigen zehn Übungen | D19: 3 Sätze, volle Progression | E19: Einheit 11, 12 und 13 nach der Pause ohne Beschwerden gelaufen. Die Drosselung hat ihren Zweck erfüllt und würde ab jetzt nur noch Fortschritt kosten.
B20: Abbruch | C20: alle Übungen | D20: bei Ziehen sofort beenden | E20: Ein Ziehen in der Leiste ist kein Muskelkater. Die Einheit endet, die Übung wird notiert, und es geht zur Ärztin oder zur Physiotherapie - nicht ins nächste Gewicht.
B22: Regeneration - die Regeln
B23: 72 Stunden zwischen zwei Beineinheiten | C23: Muskelprotein-Synthese läuft nach einer schweren Einheit rund zwei bis drei Tage. Wer früher wieder schwer belastet, sammelt Ermüdung statt Anpassung. Zwei Einheiten je Woche reichen bei drei Arbeitssätzen im Bereich 5 bis 6 vollkommen aus.
B24: Satzpausen: 3 bis 4 Minuten schwer, 2 Minuten Isolation | C24: Im Bereich 5 bis 6 Wiederholungen ist die Last hoch. Zu kurze Pausen kosten Wiederholungen im nächsten Satz und verfälschen damit die Progression - der schwächste Satz ist die Rechengrundlage.
B25: Schlaf 7 bis 9 Stunden | C25: Der grösste Wachstumshormon-Puls liegt im ersten Tiefschlafzyklus. Zwei kurze Nächte hintereinander sieht man in den Wiederholungen.
B26: Protein über den Tag verteilt | C26: 2.0 bis 2.5 g je kg Körpergewicht, auf vier bis fünf Mahlzeiten. Derselbe Wert, den der Reha-Fahrplan für die Sehnenheilung nennt.
B27: Muskelkater beim Aufwärmen | C27: Ist der Muskelkater der letzten Einheit beim zweiten Warmup noch deutlich spürbar, die Einheit mit zwei statt drei Arbeitssätzen fahren. Das Gewicht bleibt, das Volumen sinkt.
B28: Zwei Einheiten ohne Fortschritt | C28: Steht eine Übung zwei Einheiten auf demselben Gewicht und derselben Wiederholungszahl, ist meist die Erholung das Problem, nicht der Reiz. Erst Schlaf und Essen prüfen, dann das Programm.
B30: Drittes Trainingsblatt 'Auswärts Bülach': eigene Übungen für das zweite Gym. Die Maschinen dort haben andere Hebel, deshalb laufen sie mit eigener Historie und eigener Progression - sonst würden 200 kg am fremden Hip Thrust die 285 kg vom eigenen Gerät überschreiben. Ersetzt eine Auswärts-Einheit einen der beiden Tage oben, bleibt der 72-Stunden-Abstand trotzdem stehen.
B32: Zwei Beineinheiten an aufeinanderfolgenden Tagen sind möglich, aber nicht ideal: Kniebeuge-Muster und Hüftstreckung überschneiden sich stärker, als die Blocknamen vermuten lassen. Wenn es terminlich nicht anders geht, die zweite Einheit mit zwei statt drei Arbeitssätzen fahren.

Sheet Dashboard
A1: DASHBOARD | BEINTRAINING AUF EINEN BLICK
A2: Alle Werte rechnen sich aus dem Log.
B4: Einheiten | E4: Sätze gesamt | H4: Arbeitssätze
B5: =COUNT(Einheiten!$I$4:$I$63) -> 17 | E5: =COUNTA(Log!$E$4:$E$1203) -> 360 | H5: =COUNTIF(Log!$E$4:$E$1203,"A") -> 214
B7: Gesamtvolumen (t) | E7: Arbeitsvolumen (t) | H7: Volumen je Einheit (kg)
B8: =SUM(Log!$I$4:$I$1203)/1000 -> 271.227 | E8: =SUMIF(Log!$E$4:$E$1203,"A",Log!$I$4:$I$1203)/1000 -> 251.3395 | H8: =IFERROR(SUMIF(Log!$E$4:$E$1203,"A",Log!$I$4:$I$1203)/COUNT(Einheiten!$I$4:$I$63),"") -> 14784.676
B10: Schwerster Satz (kg) | E10: Bester e1RM (kg) | H10: Übungen im Plan
B11: =SUMPRODUCT(MAX((Log!$E$4:$E$1203="A")*(Log!$F$4:$F$1203<>"")*Log!$F$4:$F$1203)) -> 333 | E11: =MAX(Rekorde!$H$4:$H$23) -> 440 | H11: =COUNTIF(Übungen!$L$4:$L$23,"ja") -> 15
B13: Verlauf und Vergleich
B14: ='OP-Countdown'!$C$4 -> -8 | E14: ='OP-Countdown'!$D$4 -> -2 | H14: =SUMPRODUCT(('OP-Countdown'!$C$8:$C$27<>"")*(N('OP-Countdown'!$C$8:$C$27>0))*('OP-Countdown'!$F$8:$F$27<>"ja")) -> 16
B53: Noch nicht trainierte Einheiten und Übungen erscheinen in den Diagrammen ohne Balken.

Sheet OP-Countdown
A1: OP-COUNTDOWN | WAS BIS ZUM OP-TAG ZU TUN IST
A2: Diese Fassung gilt bis zur Operation. Danach die Reha-Fassung des Logbuchs verwenden und Log und Einheiten übernehmen.
C3: Tage bis OP | D3: Wochen bis OP
A4: OP-Datum | B4: 46295 | C4: =IF($B$4="","",$B$4-TODAY()) -> -8 | D4: =IF($B$4="","",ROUNDUP(($B$4-TODAY())/7,0)) -> -2 | E4: =IF($B$4="","",IF(TODAY()>$B$4,"OP-Termin liegt zurück - ab jetzt die Reha-Fassung des Logbuchs verwenden.",IF($B$4-TODAY()<=7,"Letzte Woche: Organisation abschliessen, Baseline messen, letzte schwere Einheit 2 bis 3 Tage vor der OP.",IF($B$4-TODAY()<=14,"Zwei Wochen: Baseline jetzt messen, Checkliste abarbeiten, Reha-Fassung ausdrucken.",IF($B$4-TODAY()<=28,"Letzte vier Wochen: Ersatzübungen einarbeiten und Baseline-Werte erfassen.","Normalbetrieb: regulär weitertrainieren, Werte sauber protokollieren."))))) -> OP-Termin liegt zurück - ab jetzt die Reha-Fassung des Logbuchs verwenden.
A6: Was nach der OP wegfällt - und was du dafür jetzt einüben solltest
A7: Übung | B7: gesperrt bis Woche nach OP | C7: Sperrdauer (Wochen) | D7: frei ab etwa | E7: Ersatz, der in der Sperrzeit einspringt | F7: schon getestet? | G7: Eingewöhntes Arbeitsgewicht / Notiz
A8: =IF(OR(Übungen!$A4="",Übungen!$L4="nein"),"",Übungen!$A4) -> Beinpresse eng | B8: =IF(OR(Übungen!$A4="",Übungen!$L4="nein"),"",Übungen!$M4) -> 6 | C8: =IF($B8="","",MAX(0,$B8-1)) -> 5 | D8: =IF(OR($B8="",$B$4=""),"",$B$4+($B8-1)*7) -> 46330 | E8: =IF($A8="","",IF($C8<=0,"kein Ausfall, läuft durch",Übungen!$O4)) -> Beinstrecker und Beinbeuger sitzend, beide ab Woche 2 frei
A9: =IF(OR(Übungen!$A5="",Übungen!$L5="nein"),"",Übungen!$A5) -> Split Squat | B9: =IF(OR(Übungen!$A5="",Übungen!$L5="nein"),"",Übungen!$M5) -> 12 | C9: =IF($B9="","",MAX(0,$B9-1)) -> 11 | D9: =IF(OR($B9="",$B$4=""),"",$B$4+($B9-1)*7) -> 46372 | E9: =IF($A9="","",IF($C9<=0,"kein Ausfall, läuft durch",Übungen!$O5)) -> Beinpresse einbeinig ab Woche 6, Multipresse ohne Zusatzlast ab Woche 12
A10: =IF(OR(Übungen!$A6="",Übungen!$L6="nein"),"",Übungen!$A6) -> Beinstrecker | B10: =IF(OR(Übungen!$A6="",Übungen!$L6="nein"),"",Übungen!$M6) -> 2 | C10: =IF($B10="","",MAX(0,$B10-1)) -> 1 | D10: =IF(OR($B10="",$B$4=""),"",$B$4+($B10-1)*7) -> 46302 | E10: =IF($A10="","",IF($C10<=0,"kein Ausfall, läuft durch",Übungen!$O6)) -> keiner, ab Freigabe der Wunde nutzbar
A11: =IF(OR(Übungen!$A7="",Übungen!$L7="nein"),"",Übungen!$A7) -> Adduktion | B11: =IF(OR(Übungen!$A7="",Übungen!$L7="nein"),"",Übungen!$M7) -> 2 | C11: =IF($B11="","",MAX(0,$B11-1)) -> 1 | D11: =IF(OR($B11="",$B$4=""),"",$B$4+($B11-1)*7) -> 46302 | E11: =IF($A11="","",IF($C11<=0,"kein Ausfall, läuft durch",Übungen!$O7)) -> keiner, ab Freigabe der Wunde nutzbar
A12: =IF(OR(Übungen!$A8="",Übungen!$L8="nein"),"",Übungen!$A8) -> Reverse V-Squat | B12: =IF(OR(Übungen!$A8="",Übungen!$L8="nein"),"",Übungen!$M8) -> 12 | C12: =IF($B12="","",MAX(0,$B12-1)) -> 11 | D12: =IF(OR($B12="",$B$4=""),"",$B$4+($B12-1)*7) -> 46372 | E12: =IF($A12="","",IF($C12<=0,"kein Ausfall, läuft durch",Übungen!$O8)) -> Beinpresse enger Stand ab Woche 6
A13: =IF(OR(Übungen!$A9="",Übungen!$L9="nein"),"",Übungen!$A9) -> Rumänisches Kreuzheben | B13: =IF(OR(Übungen!$A9="",Übungen!$L9="nein"),"",Übungen!$M9) -> 16 | C13: =IF($B13="","",MAX(0,$B13-1)) -> 15 | D13: =IF(OR($B13="",$B$4=""),"",$B$4+($B13-1)*7) -> 46400 | E13: =IF($A13="","",IF($C13<=0,"kein Ausfall, läuft durch",Übungen!$O9)) -> Beinbeuger sitzend, Rückenstrecker mit vor der Brust gekreuzten Armen, Kabel-RDL mit Hüftgurt
A14: =IF(OR(Übungen!$A10="",Übungen!$L10="nein"),"",Übungen!$A10) -> Rumänisches Kreuzheben KH | B14: =IF(OR(Übungen!$A10="",Übungen!$L10="nein"),"",Übungen!$M10) -> 16 | C14: =IF($B14="","",MAX(0,$B14-1)) -> 15 | D14: =IF(OR($B14="",$B$4=""),"",$B$4+($B14-1)*7) -> 46400 | E14: =IF($A14="","",IF($C14<=0,"kein Ausfall, läuft durch",Übungen!$O10)) -> Beinbeuger sitzend, Rückenstrecker mit vor der Brust gekreuzten Armen, Kabel-RDL mit Hüftgurt
A15: =IF(OR(Übungen!$A11="",Übungen!$L11="nein"),"",Übungen!$A11) -> Beinpresse breit | B15: =IF(OR(Übungen!$A11="",Übungen!$L11="nein"),"",Übungen!$M11) -> 6 | C15: =IF($B15="","",MAX(0,$B15-1)) -> 5 | D15: =IF(OR($B15="",$B$4=""),"",$B$4+($B15-1)*7) -> 46330 | E15: =IF($A15="","",IF($C15<=0,"kein Ausfall, läuft durch",Übungen!$O11)) -> Beinstrecker und Beinbeuger sitzend, beide ab Woche 2 frei
A16: =IF(OR(Übungen!$A12="",Übungen!$L12="nein"),"",Übungen!$A12) -> Hip Thrust | B16: =IF(OR(Übungen!$A12="",Übungen!$L12="nein"),"",Übungen!$M12) -> 12 | C16: =IF($B16="","",MAX(0,$B16-1)) -> 11 | D16: =IF(OR($B16="",$B$4=""),"",$B$4+($B16-1)*7) -> 46372 | E16: =IF($A16="","",IF($C16<=0,"kein Ausfall, läuft durch",Übungen!$O12)) -> Hip & Glute Maschine ab Woche 6
A17: =IF(OR(Übungen!$A13="",Übungen!$L13="nein"),"",Übungen!$A13) -> Hip & Glute | B17: =IF(OR(Übungen!$A13="",Übungen!$L13="nein"),"",Übungen!$M13) -> 6 | C17: =IF($B17="","",MAX(0,$B17-1)) -> 5 | D17: =IF(OR($B17="",$B$4=""),"",$B$4+($B17-1)*7) -> 46330 | E17: =IF($A17="","",IF($C17<=0,"kein Ausfall, läuft durch",Übungen!$O13)) -> Beinbeuger sitzend, ab Woche 2 frei
A18: =IF(OR(Übungen!$A14="",Übungen!$L14="nein"),"",Übungen!$A14) -> Beinbeuger | B18: =IF(OR(Übungen!$A14="",Übungen!$L14="nein"),"",Übungen!$M14) -> 2 | C18: =IF($B18="","",MAX(0,$B18-1)) -> 1 | D18: =IF(OR($B18="",$B$4=""),"",$B$4+($B18-1)*7) -> 46302 | E18: =IF($A18="","",IF($C18<=0,"kein Ausfall, läuft durch",Übungen!$O14)) -> keiner, ab Freigabe der Wunde nutzbar
A19: =IF(OR(Übungen!$A15="",Übungen!$L15="nein"),"",Übungen!$A15) -> Seitliche Kickbacks | B19: =IF(OR(Übungen!$A15="",Übungen!$L15="nein"),"",Übungen!$M15) -> 6 | C19: =IF($B19="","",MAX(0,$B19-1)) -> 5 | D19: =IF(OR($B19="",$B$4=""),"",$B$4+($B19-1)*7) -> 46330 | E19: =IF($A19="","",IF($C19<=0,"kein Ausfall, läuft durch",Übungen!$O15)) -> Abduktion an der Maschine im Sitzen
... A27: =IF(OR(Übungen!$A23="",Übungen!$L23="nein"),"",Übungen!$A23) | B27: =IF(OR(Übungen!$A23="",Übungen!$L23="nein"),"",Übungen!$M23) | C27: =IF($B27="","",MAX(0,$B27-1)) | D27: =IF(OR($B27="",$B$4=""),"",$B$4+($B27-1)*7) | E27: =IF($A27="","",IF($C27<=0,"kein Ausfall, läuft durch",Übungen!$O23))
A29: Lesehilfe: Die Sperrdauer kommt aus der Spalte 'Reha frei ab Woche' im Blatt 'Übungen'. Rot markiert sind die Übungen, die einen Monat oder länger ausfallen - genau Übungen, die einen Monat oder länger ausfallen - genau für die lohnt es sich, den Ersatz jetzt einzuarbeiten, statt ihn nach der OP zum ersten Mal auszuprobieren. Trag rechts das Gewicht ein, mit dem der Ersatz sauber läuft, dann steht der Startwert nach der OP schon fest.
A31: Zeitfenster bis zum OP-Tag
A32: bis 4 Wochen vorher | B32: Normalbetrieb. Regulär trainieren und sauber protokollieren - je vollständiger die Historie, desto belastbarer sind die Zielwerte, auf die du nach der Pause zurückkommst.
A33: 4 bis 1 Woche vorher | B33: Ersatzübungen einarbeiten: die Geräte, die nach der OP einspringen müssen, einmal mit Arbeitsgewicht durchspielen und den Wert oben eintragen. Baseline-Werte im Blatt 'Baseline Schulter' erfassen, beide Seiten.
A34: letzte Woche | B34: Organisation abschliessen (Blatt 'Vorbereitung'), Baseline-Messung wiederholen, damit zwei Messpunkte vorliegen. Wie stark du das Training zurückfährst, besprichst du mit Operateur und Physiotherapie.
A35: OP-Tag | B35: Auf die Reha-Fassung des Logbuchs umsteigen. Zeilen aus 'Log' und 'Einheiten' einfach hinüberkopieren - der Aufbau ist identisch, Auswertung und Rekorde rechnen dort sofort weiter.
A37: Die Zeitfenster sind Planungshilfe für Training und Organisation, keine medizinische Vorgabe. Was du in den Tagen vor der OP trainieren darfst und was nicht, sagen Operateur und Physiotherapie.

Sheet Vorbereitung
B1: VORBEREITUNG | CHECKLISTE BIS ZUM OP-TAG
B2: Abhaken, was erledigt ist. Die Punkte unter 'Fragen an Operateur und Physiotherapie' sind Fragen, keine Antworten - die Antworten gehören in die Notizspalte.
B4: Fragen an Operateur und Physiotherapie
B5: Aufgabe | C5: erledigt | D5: bis wann | E5: Antwort / Notiz
B6: Das schriftliche Nachbehandlungsschema mitgeben lassen - alle Wochenangaben im Logbuch sind bis dahin nur abgeleitet.
B7: Wie gross ist die Subscapularis-Läsion, und wie wird genäht? Davon hängt ab, wie streng die ersten 6 Wochen laufen.
B8: Wie lange Gilchrist, Tag und Nacht? Ab wann abbauen?
B9: Bis zu welchem Winkel darf passiv bewegt werden - Flexion, Abduktion, und vor allem Aussenrotation?
B10: Ab wann aktive Innenrotation ohne Widerstand, ab wann gegen Widerstand?
B11: Ab wann Ellenbogenbeugung und Supination gegen Widerstand? (Tenodese-Protokoll, läuft parallel zum Naht-Protokoll.)
B12: Ab wann ist Beintraining im Sitzen wieder erlaubt? Im Logbuch steht Tag 10 bis 14 als abgeleiteter Wert.
B13: Ab wann ist die Beinpresse erlaubt? Im Logbuch steht Woche 6 als abgeleiteter Wert, nicht als ärztliche Freigabe.
B14: Ab wann darf eine Langhantel wieder gehalten werden? Davon hängen Hip Thrust und Rumänisches Kreuzheben ab.
B15: Ab wann darf der Arm wieder Hebelast tragen, und wie viel?
B16: Wann ist der erste Physiotermin, und ist die Verordnung da?
B17: Welche Schmerzmedikation, und wie lange? (Der Fahrplan vermerkt, dass dauerhaft hochdosierte NSAR die Heilung bremsen - Rückfrage lohnt.)
... B20: Organisation
B21: Aufgabe | C21: erledigt | D21: bis wann | E21: Antwort / Notiz
B22: OP-Termin, Anreise und Begleitung für den Heimweg geklärt
B23: Arbeitsausfall angemeldet, Krankschreibung besprochen
B24: Schlinge, Kühlpackungen und Verbandsmaterial zu Hause
B25: Kleidung zum Knöpfen bereitgelegt - über den Kopf ziehen fällt weg. Weite Ärmel rechts, damit der Arm nicht verdreht werden muss
B26: Alltag rechts durchgespielt: Haare, BH, Gürtel, Gesässtasche, Anschnallen. Was nur hinter dem Rücken geht, fällt wochenlang aus - jetzt Alternativen festlegen
B27: Hilfe für die erste Woche organisiert, nicht nur für den OP-Tag
B28: Schlafplatz halbsitzend vorbereitet, Kissen besorgt
B29: Einkäufe und Haushalt für die erste Woche vorbereitet
B30: Wichtige Telefonnummern notiert: Klinik, Operateur, Physio
B32: Training und Gym
B33: Aufgabe | C33: erledigt | D33: bis wann | E33: Antwort / Notiz
B34: Ersatzübungen im Blatt 'OP-Countdown' durchgespielt und Arbeitsgewichte eingetragen
B35: Baseline Schulter gemessen, beide Seiten, mindestens zwei Messpunkte - inklusive Innenrotationskraft, die misst der Fahrplan in Phase 4 und 5
B36: Letzte schwere Beineinheit spätestens 2 bis 3 Tage vor der OP, danach nur noch Gehen
B37: Gym-Mitgliedschaft: Pausierung geklärt, falls längere Unterbrechung
B38: Trainingsblätter der Reha-Fassung einmal ausgedruckt und bereitgelegt
B39: Fotos der Ausgangssituation gemacht, falls du den Verlauf auch optisch festhalten willst
B41: Aus dem Reha-Fahrplan vorziehen
B42: Aufgabe | C42: erledigt | D42: bis wann | E42: Antwort / Notiz
B43: Proteinversorgung geplant - der Fahrplan nennt 2.0 bis 2.5 g pro kg täglich als heilungsfördernd
B44: Schlafroutine eingerichtet, solange das Schlafen noch bequem ist
B45: Nikotin: der Fahrplan führt es als starke Bremse für die Sehnen-Knochen-Heilung
B46: Vitamin-D-Status abklären lassen, falls länger nicht geprüft
B48: Noch offen | C48: =32-(COUNTIF($C$6:$C$18,"ja")+COUNTIF($C$22:$C$30,"ja")+COUNTIF($C$34:$C$39,"ja")+COUNTIF($C$43:$C$46,"ja")) -> 32 | D48: von 32 Aufgaben

Sheet Baseline Schulter
A1: BASELINE SCHULTER | AUSGANGSWERTE VOR DER OP
A2: Beide Seiten messen, mindestens an zwei Terminen. Diese Werte sind nach der OP nicht mehr nachholbar - der Reha-Fahrplan misst mehrere Meilensteine am Vergleich zur Gegenseite.
A3: Vergleich operierte Seite gegen Gegenseite
A4: Messwert | C4: operierte Seite | D4: Gegenseite | E4: Anteil
A5: Flexion (Grad) | C5: =IF(SUMPRODUCT(MAX(($B$16:$B$39="operiert")*($E$16:$E$39<>"")*$E$16:$E$39))=0,"",SUMPRODUCT(MAX(($B$16:$B$39="operiert")*($E$16:$E$39<>"")*$E$16:$E$39))) | D5: =IF(SUMPRODUCT(MAX(($B$16:$B$39="gesund")*($E$16:$E$39<>"")*$E$16:$E$39))=0,"",SUMPRODUCT(MAX(($B$16:$B$39="gesund")*($E$16:$E$39<>"")*$E$16:$E$39))) | E5: =IF(OR($C5="",$D5="",$D5=0),"",$C5/$D5) | F5: Der Reha-Fahrplan misst Phase 4 an etwa 70 bis 80 Prozent und Phase 5 an mindestens 90 Prozent der Gegenseite - und zwar für Innenrotation UND Ellenbogenbeugung. Beides hier vorher messen, sonst sind die Prozentwerte später nicht überprüfbar. Innenrotation im Sitzen am Kabel mit angelegtem Ellenbogen testen, Curl am immer gleichen Gerät. Gleiche Wiederholungszahl, gleiche Tageszeit.
A6: Abduktion (Grad) | C6: =IF(SUMPRODUCT(MAX(($B$16:$B$39="operiert")*($F$16:$F$39<>"")*$F$16:$F$39))=0,"",SUMPRODUCT(MAX(($B$16:$B$39="operiert")*($F$16:$F$39<>"")*$F$16:$F$39))) | D6: =IF(SUMPRODUCT(MAX(($B$16:$B$39="gesund")*($F$16:$F$39<>"")*$F$16:$F$39))=0,"",SUMPRODUCT(MAX(($B$16:$B$39="gesund")*($F$16:$F$39<>"")*$F$16:$F$39))) | E6: =IF(OR($C6="",$D6="",$D6=0),"",$C6/$D6)
A7: Aussenrotation (Grad) | C7: =IF(SUMPRODUCT(MAX(($B$16:$B$39="operiert")*($G$16:$G$39<>"")*$G$16:$G$39))=0,"",SUMPRODUCT(MAX(($B$16:$B$39="operiert")*($G$16:$G$39<>"")*$G$16:$G$39))) | D7: =IF(SUMPRODUCT(MAX(($B$16:$B$39="gesund")*($G$16:$G$39<>"")*$G$16:$G$39))=0,"",SUMPRODUCT(MAX(($B$16:$B$39="gesund")*($G$16:$G$39<>"")*$G$16:$G$39))) | E7: =IF(OR($C7="",$D7="",$D7=0),"",$C7/$D7)
A8: Curl-Testgewicht (kg) | C8: =IF(SUMPRODUCT(MAX(($B$16:$B$39="operiert")*($H$16:$H$39<>"")*$H$16:$H$39))=0,"",SUMPRODUCT(MAX(($B$16:$B$39="operiert")*($H$16:$H$39<>"")*$H$16:$H$39))) | D8: =IF(SUMPRODUCT(MAX(($B$16:$B$39="gesund")*($H$16:$H$39<>"")*$H$16:$H$39))=0,"",SUMPRODUCT(MAX(($B$16:$B$39="gesund")*($H$16:$H$39<>"")*$H$16:$H$39))) | E8: =IF(OR($C8="",$D8="",$D8=0),"",$C8/$D8)
A10: Hinweise zur Messung
A11: · Immer dieselbe Position, dieselbe Tageszeit und dieselbe Messmethode - sonst vergleichst du später Rauschen statt Fortschritt.
A12: · Beide Seiten an jedem Messtermin, sonst fehlt der Bezugswert.
A13: · Mindestens zwei Termine vor der OP, damit ein Ausreisser auffällt.
A14: · Curl-Testgewicht: das Gewicht, mit dem eine feste Wiederholungszahl sauber gelingt - nicht das Maximum.
A15: Datum | B15: Seite | C15: Schmerz Ruhe 0-10 | D15: Schmerz Belastung 0-10 | E15: Flexion Grad | F15: Abduktion Grad | G15: Aussen- rotation Grad | H15: Curl-Testgewicht (kg) | I15: Wdh dazu | J15: Notiz

Sheet Reha-Fahrplan
A1: REHA-FAHRPLAN | SUBSCAPULARIS-NAHT MIT BIZEPSTENODESE, RECHTS
A2: Konservative Richtwerte für die Naht einer Subscapularis-Sehne mit gleichzeitiger Bizepstenodese. Deutlich strenger und länger als bei einer isolierten Tenodese, weil eine genähte Sehne am Knochen einheilen muss. Das schriftliche Nachbehandlungsschema des Operateurs hat in jedem einzelnen Punkt Vorrang vor dieser Tabelle.
A4: Der geplante Eingriff
A5: Eingriff | B5: Arthroskopie mit Sehnennaht und Bizepstenodese
A6: Diagnose | B6: Läsion am Oberrand des Subscapularis mit Bizepssehnen-Instabilität
A7: Seite | B7: rechts
A8: Termin | B8: 30.09.2026
A9: Ruhigstellung | B9: Gilchrist-Bandage
A10: Dringlichkeit laut Aufklärung | B10: keine - Termin frei wählbar
A11: Verbesserungswahrscheinlichkeit laut Aufklärung | B11: gut
A12: Quelle: Operationsaufklärung. Die Freigabewochen in diesem Blatt und im Blatt 'Übungen' sind daraus abgeleitet und konservativ gesetzt - sie sind KEINE ärztliche Vorgabe. Sobald das schriftliche Nachbehandlungsschema des Operateurs vorliegt, gilt ausschliesslich dieses; Abweichungen im Blatt 'Übungen' in der Spalte 'Reha frei ab Woche' eintragen.
A14: Grundregeln über die gesamte Zeit
A15: Warum dieser Plan strenger ist als der alte | B15: Der Subscapularis gehört zur Rotatorenmanschette. Bei einer isolierten Bizepstenodese ist nur eine Sehne umgesetzt, hier wird zusätzlich eine gerissene Sehne an den Knochen genäht. Sehne heilt am Knochen langsam und ist in den ersten Wochen schwächer als die Naht selbst. Alle Freigaben liegen deshalb rund doppelt so spät wie im vorherigen Plan.
A16: Die vier Verbote | B16: Keine aktive Innenrotation gegen Widerstand - das ist die Arbeit des genähten Muskels. Keine passive Aussenrotation über die Freigabegrenze - das zieht die Naht auseinander. Keine aktive Ellenbogenbeugung und keine Supination gegen Widerstand - das belastet die Tenodese. Kein Stützen, Hängen oder Ziehen über den rechten Arm.
A17: Hand hinter den Rücken ist tabu | B17: Die Bewegung kombiniert maximale Innenrotation mit Streckung und ist die klassische Position, in der eine frische Subscapularis-Naht versagt. Gilt für Alltag genauso wie fürs Gym: BH schliessen, Gürtel, Gesässtasche, Rückwärtsgreifen beim Aufsetzen an der Maschine.
A18: Gilchrist konsequent tragen | B18: Nach Vorgabe des Operateurs, üblicherweise 4 bis 6 Wochen Tag und Nacht. Abgelegt wird sie nur für die freigegebenen Übungen und für die Körperpflege, und dabei hängt der Arm entspannt am Körper.
A19: Die gefährliche Phase | B19: Woche 3 bis 8. Der Schmerz ist weg, die Schlinge fällt, und die Sehnen-Knochen-Heilung ist zugleich am schwächsten. Die meisten Re-Rupturen passieren hier, nicht in den ersten Tagen.
A20: Schmerz als Grenze | B20: Bewegung bis zum Schmerz, nie darüber hinaus. Schmerz, der nach der Einheit länger als 2 Stunden anhält, heisst: zu viel gemacht.
A21: Wenn zwei Vorgaben sich widersprechen | B21: Immer die strengere nehmen. Das Naht-Protokoll ist bei Bewegung und Innenrotation führend, das Tenodese-Protokoll bei Ellenbogenbeugung und Supination. Beide laufen parallel, keines hebt das andere auf.
A22: Rechte Seite heisst Alltag mitplanen | B22: Anziehen, Haare, Autofahren, Einkaufstasche, Tür aufhalten. Was mit der rechten Hand nur unter Zug oder Verdrehung geht, wird in den ersten Wochen von jemand anderem gemacht oder anders gelöst. Das vorher besprechen, nicht am ersten Tag improvisieren.
A24: Phasenplan
A25: Phase | B25: Woche nach OP | C25: Ziel der Phase | D25: Schulter: erlaubt | E25: Schulter: verboten | F25: Beintraining | G25: Meilenstein zum Weitergehen
A26: Phase 1 Schutz | B26: 0 - 6 | C26: Die Naht ungestört einheilen lassen. Wunde zu, Schmerz und Schwellung runter, Gelenk nicht einsteifen lassen. | D26: Gilchrist Tag und Nacht nach Vorgabe. Passive Bewegung nur im freigegebenen Bereich, typischerweise Flexion bis etwa 90 Grad, Abduktion bis etwa 60 Grad, Aussenrotation nur bis zur Neutralstellung 0 Grad. Pendelübungen. Hand, Handgelenk, Ellenbogen und Nacken aktiv bewegen. Eis mehrmals täglich. | E26: Jede aktive Innenrotation. Jede Aussenrotation über 0 Grad. Aktive Ellenbogenbeugung und Supination gegen Widerstand. Hand hinter den Rücken. Heben, Tragen, Stützen, Abstossen aus dem Bett über den rechten Arm. | F26: Ab Freigabe der Wunde, frühestens Tag 10 bis 14: Beinstrecker, Adduktion, Beinbeuger sitzend, Waden sitzend. Alles im Sitzen, Arm bleibt in der Schlinge, Ein- und Aussteigen nur über die linke Seite. Gehen ab Tag 1. | G26: Wunde trocken und reizlos. Ruheschmerz unter 3 von 10. Passive Flexion etwa 90 Grad, Aussenrotation bis 0 Grad schmerzfrei. Ärztliche Freigabe zum Ablegen der Schlinge.
A27: Phase 2 Beweglichkeit | B27: 6 - 12 | C27: Schlinge abtrainieren, Beweglichkeit vollständig zurückholen, Schulterblatt ansteuern. | D27: Schlinge weg. Aktiv-assistive Bewegung zu aktiver Bewegung ohne Widerstand. Aussenrotation schrittweise über 0 Grad hinaus freigeben. Schulterblatt-Ansteuerung. Ab Woche 8 bis 10 sanfte submaximale Isometrie für die Innenrotation, etwa 20 bis 30 Prozent, kurz halten. | E27: Weiterhin keine Innenrotation gegen nennenswerten Widerstand. Keine Beugung und keine Supination gegen Widerstand. Hebelast maximal 1 kg. Kein Zug, kein Hängen, keine Stütz-Position. Hand hinter den Rücken weiterhin nicht. | F27: Zusätzlich ab Woche 6: Beinpresse enger und breiter Stand, Hip & Glute Maschine, seitliche Kickbacks im Sitzen, Waden stehend ohne Schulterpolster. Fahrrad ohne Belastung über den Lenker ab Woche 3. | G27: Aktive Flexion mindestens 140 Grad, Abduktion 130 Grad, Aussenrotation 45 Grad. Bauchpress-Test und Lift-off-Test ohne Widerstand schmerzfrei möglich.
A28: Phase 3 erste Last | B28: 12 - 16 | C28: Innenrotation und Bizeps erstmals wieder unter Last bringen. | D28: Ab Woche 12 leichte Innenrotation gegen Widerstand, Start mit Band in der kleinsten Stufe. Ab Woche 12 leichte Ellenbogenbeugung und Supination gegen Widerstand, Start bei 1 bis 2 kg, Steigerung in 0.5 kg-Schritten. Progressive Manschetten- und Schulterblattarbeit. Leichte geschlossene Kette. | E28: Kein Bankdrücken mit Langhantel, keine Dips, keine Klimmzüge, kein schweres Rudern. Keine explosiven oder ruckartigen Bewegungen. Keine maximale Dehnung in Aussenrotation oder am Bizeps. | F28: Ab Woche 12: Hip Thrust mit Stange mit vor der Brust gekreuzten Armen, Reverse V-Squat mit lockerem Griff, Split Squat in der Multipresse ohne Zusatzhantel. Beintraining sonst wieder vollständig. | G28: Beweglichkeit seitengleich. Innenrotationskraft etwa 50 Prozent der Gegenseite, schmerzfrei. Beugung gegen Widerstand schmerzfrei.
A29: Phase 4 Aufbau | B29: Monat 4 - 6 | C29: Kraft für Innenrotation, Beugung und Druckmuster zurückholen. | D29: Innenrotation progressiv mit Band und Kabel. Bizeps-Curls progressiv, Start leicht und hohe Wiederholungen. Drücken zuerst an der Maschine, dann Kurzhantel. Latzug im neutralen Griff. Rudern gestützt. | E29: Weiterhin keine Maximallast. Kein schweres Langhantel-Bankdrücken. Keine Klimmzüge mit Zusatzgewicht. Kein Reissen der Last aus der Dehnung. | F29: Ab Monat 4: Rumänisches Kreuzheben mit Langhantel leicht wieder aufnehmen, Technik vor Last. Split Squat mit Kurzhantel ab Monat 4. | G29: Innenrotations- und Beugekraft etwa 70 bis 80 Prozent der Gegenseite. Kein Schmerz im Sulcus und vorne am Gelenk unter Belastung.
A30: Phase 5 Rückkehr | B30: Monat 6 - 9 | C30: Zurück zur vollen Trainingslast, seitengleiche Kraft. | D30: Progressiver Aufbau aller Muster. Langhantel-Bankdrücken, schweres Rudern und Klimmzüge frühestens ab Monat 6 bis 7. Maximallast nach ärztlicher Freigabe. | E30: Nichts pauschal verboten, aber jede neue Belastung mit reduzierter Last einführen und über 2 bis 3 Wochen steigern. | F30: Beintraining vollständig ohne Einschränkung, alle Übungen wie im Normalmodus. | G30: Innenrotations- und Beugekraft mindestens 90 Prozent der Gegenseite. Volle Beweglichkeit. Schmerzfrei über 4 Wochen.
A32: SOFORT ZUM ARZT
A33: Plötzlicher Kraftverlust bei der Innenrotation: die Hand lässt sich nicht mehr gegen den Bauch drücken, oder sie rutscht beim Versuch weg. Plötzlicher stechender Schmerz mit hörbarem Knall in Schulter oder Oberarm. Sichtbare Verformung des Bizepsbauchs nach unten (Popeye). Plötzlicher Kraftverlust bei der Ellenbogenbeugung. Rötung, Überwärmung, Wundsekret oder Fieber. Zunehmender statt abnehmender Schmerz über mehrere Tage. Taubheit oder Kribbeln in Hand oder Fingern. Ein Ereignis, bei dem der Arm ruckartig nach hinten gerissen wurde - auch ohne sofortigen Schmerz melden.
A35: WAS DIE HEILUNG MESSBAR BREMST ODER FÖRDERT
A36: Energieverfügbarkeit | B36: bremst stark | C36: Kollagensynthese und Wundheilung brauchen Energie. Bei sehr niedrigem Körperfett und Defizit heilt Sehne und Knochen langsamer. In der Heilungsphase Erhaltungskalorien oder leichter Überschuss, kein Defizit.
A37: Protein | B37: fördert | C37: 2.0 bis 2.5 g pro kg Körpergewicht täglich, gleichmässig auf 4 bis 5 Mahlzeiten. Kollagen entsteht nicht aus dem Nichts.
A38: Vitamin C und Vitamin D | B38: fördert | C38: Vitamin C ist Kofaktor der Kollagen-Hydroxylierung. Vitamin D für die knöcherne Einheilung, Zielwert im oberen Normbereich. Beides über Blutbild prüfen, nicht raten.
A39: Schlaf | B39: fördert stark | C39: Der grösste Wachstumshormon-Puls des Tages liegt im ersten Tiefschlafzyklus. 7 bis 9 Stunden sind in der Heilungsphase keine Empfehlung, sondern Teil der Behandlung. Mit Gilchrist schläft es sich schlecht - halb sitzend mit Kissen unter dem Ellenbogen hilft.
A40: NSAR wie Ibuprofen und Diclofenac | B40: bremst | C40: Dauerhaft hochdosiert hemmen sie genau die Entzündungsphase, die für die Sehnen-Knochen-Heilung nötig ist. Kurzfristig zur Schmerzkontrolle nach Rücksprache, nicht als Wochenprogramm.
A41: Nikotin | B41: bremst stark | C41: Verschlechtert Durchblutung und Sehnen-Knochen-Heilung deutlich. Bei einer genähten Manschettensehne ist das der grösste einzelne vermeidbare Risikofaktor für eine Re-Ruptur.
A42: Hochdosierte Androgene | B42: Risiko | C42: Erhöhen Sehnensteifigkeit und senken Elastizität, Kollagen-Crosslinks werden ungünstig verändert. Sehnenrupturen unter Anwendung sind dokumentiert. Gehört vollständig und ungeschönt zum Operateur, weil es die Nachbehandlung verändert.
A44: Diese Seite ist eine Gedächtnisstütze, keine ärztliche Anweisung. Bei jedem Widerspruch zum Nachbehandlungsschema des Operateurs oder zur Ansage der Physiotherapie gilt deren Vorgabe.

Sheet Reha-Plan Beine
A1: REHA-PLAN BEINE | GEWICHTE FÜR JEDE PHASE
A2: Startgewichte als Prozentsatz des letzten Arbeitsgewichts vor der OP, automatisch auf die Laststufe des Geräts abgerundet. Dieses Blatt ersetzt in der Reha das Trainingsblatt.
A4: Die Wochenangaben sind konservativ abgeleitet und NICHT ärztlich bestätigt. Das schriftliche Nachbehandlungsschema des Operateurs hat Vorrang - weicht es ab, die Wochen im Blatt 'Übungen' anpassen, dann stimmt auch die Ampel im Blatt 'Reha-Modus'.
A6: Wo wir heute stehen
A7: OP-Datum | B7: =DATE(2026,9,30) -> 46295 | C7: ="Aktive Phase: "&IF(MAX(1,ROUNDDOWN((TODAY()-DATE(2026,9,30))/7,0)+1)<=6,"1 - Schutz",IF(MAX(1,ROUNDDOWN((TODAY()-DATE(2026,9,30))/7,0)+1)<=12,"2 - Beweglichkeit",IF(MAX(1,ROUNDDOWN((TODAY()-DATE(2026,9,30))/7,0)+1)<=16,"3 - erste Last","4 - zurück zum normalen Plan"))) -> Aktive Phase: 1 - Schutz
A8: Tage nach OP | B8: =(TODAY()-DATE(2026,9,30)) -> 8 | C8: =IF((TODAY()-DATE(2026,9,30))<8,"Noch kein Beintraining. Gehen ab Tag 1, Gilchrist durchgehend, Wunde heilen lassen.",IF((TODAY()-DATE(2026,9,30))<10,"Erste Einheit steht an, sobald die Wunde freigegeben ist - dann Phase 1.",IF(MAX(1,ROUNDDOWN((TODAY()-DATE(2026,9,30))/7,0)+1)<=6,"Phase 1 läuft: zwei Einheiten je Woche, die vier sitzenden Maschinen unten.",IF(MAX(1,ROUNDDOWN((TODAY()-DATE(2026,9,30))/7,0)+1)<=12,"Phase 2: Beinpresse und Hip & Glute sind dazugekommen.",IF(MAX(1,ROUNDDOWN((TODAY()-DATE(2026,9,30))/7,0)+1)<=16,"Phase 3: freie Gewichte sind zurück.","Phase 4: ab jetzt wieder mit dem Blatt 'Trainingsblatt' arbeiten."))))) -> Erste Einheit steht an, sobald die Wunde freigegeben ist - dann Phase 1.
A9: Woche nach OP | B9: =MAX(1,ROUNDDOWN((TODAY()-DATE(2026,9,30))/7,0)+1) -> 2 | C9: ="Nächster Schritt: "&IF(MAX(1,ROUNDDOWN((TODAY()-DATE(2026,9,30))/7,0)+1)<=6,"ab Woche 7 kommen Beinpresse eng und breit, Hip & Glute und seitliche Kickbacks dazu - erst nach ärztlicher Freigabe zum Ablegen der Schlinge.",IF(MAX(1,ROUNDDOWN((TODAY()-DATE(2026,9,30))/7,0)+1)<=12,"ab Woche 13 kommen Reverse V-Squat, Hip Thrust und Split Squat zurück.",IF(MAX(1,ROUNDDOWN((TODAY()-DATE(2026,9,30))/7,0)+1)<=16,"ab Monat 4 kommt das Rumänische Kreuzheben zurück, danach wieder Zielbereich 5-6.","keiner mehr - der Reha-Teil ist durch."))) -> Nächster Schritt: ab Woche 7 kommen Beinpresse eng und breit, Hip & Glute und seitliche Kickbacks dazu - erst nach ärztlicher Freigabe zum Ablegen der Schlinge.
A11: Phase 1 · Woche 2 bis 6 · alles im Sitzen, Arm in der Schlinge
A12: Frühester Start Tag 10 bis 14 und erst nach Freigabe der Wunde. Zwei Einheiten je Woche. Ziel ist Erhalt, nicht Aufbau - die Last ist bewusst niedrig, weil der Kreislauf und der Schlaf in diesen Wochen nicht mitspielen. Ein- und Aussteigen immer über die linke Seite.
A13: Übung | B13: Gerät / Ausführung | C13: Sätze × Wdh | D13: Start (kg) | E13: Anteil | F13: Hinweis
A14: Beinstrecker | B14: Maschine sitzend, Hände im Schoss | C14: 2 × 12-15 | D14: =IF(IF(Rekorde!$L$6="",Übungen!$H$6,Rekorde!$L$6)="","offen",IF(Übungen!$J$6="",ROUND(IF(Rekorde!$L$6="",Übungen!$H$6,Rekorde!$L$6)*60/100*2,0)/2,FLOOR(IF(Rekorde!$L$6="",Übungen!$H$6,Rekorde!$L$6)*60/100/Übungen!$J$6,1)*Übungen!$J$6)) -> 55 | E14: 60 % | F14: Erste Einheit bewusst eine Stufe darunter.
A15: Beinbeuger | B15: Maschine sitzend, Griffe loslassen | C15: 2 × 12-15 | D15: =IF(IF(Rekorde!$L$14="",Übungen!$H$14,Rekorde!$L$14)="","offen",IF(Übungen!$J$14="",ROUND(IF(Rekorde!$L$14="",Übungen!$H$14,Rekorde!$L$14)*60/100*2,0)/2,FLOOR(IF(Rekorde!$L$14="",Übungen!$H$14,Rekorde!$L$14)*60/100/Übungen!$J$14,1)*Übungen!$J$14)) -> 25 | E15: 60 % | F15: Das Polster hält das Bein, nicht die Hand.
A16: Adduktion | B16: Maschine, Arm in der Schlinge | C16: 2 × 12-15 | D16: =IF(IF(Rekorde!$L$7="",Übungen!$H$7,Rekorde!$L$7)="","offen",IF(Übungen!$J$7="",ROUND(IF(Rekorde!$L$7="",Übungen!$H$7,Rekorde!$L$7)*60/100*2,0)/2,FLOOR(IF(Rekorde!$L$7="",Übungen!$H$7,Rekorde!$L$7)*60/100/Übungen!$J$7,1)*Übungen!$J$7)) -> 97.5 | E16: 60 % | F16: Links war im September die Zerrung - hier besonders langsam einsteigen.
A17: Waden | B17: Maschine sitzend | C17: 2 × 15 | D17: =IF(IF(Rekorde!$L$16="",Übungen!$H$16,Rekorde!$L$16)="","offen",IF(Übungen!$J$16="",ROUND(IF(Rekorde!$L$16="",Übungen!$H$16,Rekorde!$L$16)*60/100*2,0)/2,FLOOR(IF(Rekorde!$L$16="",Übungen!$H$16,Rekorde!$L$16)*60/100/Übungen!$J$16,1)*Übungen!$J$16)) -> 110 | E17: 60 % | F17: Nur die sitzende Variante, kein Schulterpolster.
A19: Phase 2 · Woche 6 bis 12 · Schlinge weg, Beinpresse zurück
A20: Erst nach ärztlicher Freigabe zum Ablegen der Schlinge. Jetzt sind zwei volle Beineinheiten je Woche möglich, weiter mit 72 Stunden Abstand. Bauchpresse dosieren: bei RPE 8 stoppen, nicht bei 9.
A21: Übung | B21: Gerät / Ausführung | C21: Sätze × Wdh | D21: Start (kg) | E21: Anteil | F21: Hinweis
A22: Beinpresse eng | B22: tiefe Fussposition, Hände seitlich ablegen | C22: 3 × 10-12 | D22: =IF(IF(Rekorde!$L$4="",Übungen!$H$4,Rekorde!$L$4)="","offen",IF(Übungen!$J$4="",ROUND(IF(Rekorde!$L$4="",Übungen!$H$4,Rekorde!$L$4)*55/100*2,0)/2,FLOOR(IF(Rekorde!$L$4="",Übungen!$H$4,Rekorde!$L$4)*55/100/Übungen!$J$4,1)*Übungen!$J$4)) -> 165 | E22: 55 % | F22: Neu in dieser Phase. Nicht an den Griffen ziehen.
A23: Beinpresse breit | B23: breiter Stand, Füsse hoch | C23: 3 × 10-12 | D23: =IF(IF(Rekorde!$L$11="",Übungen!$H$11,Rekorde!$L$11)="","offen",IF(Übungen!$J$11="",ROUND(IF(Rekorde!$L$11="",Übungen!$H$11,Rekorde!$L$11)*55/100*2,0)/2,FLOOR(IF(Rekorde!$L$11="",Übungen!$H$11,Rekorde!$L$11)*55/100/Übungen!$J$11,1)*Übungen!$J$11)) -> 120 | E23: 55 % | F23: Neu in dieser Phase. Zieht die Adduktoren in die Dehnung - links vorsichtig.
A24: Hip & Glute | B24: Maschine, Arme vor der Brust gekreuzt | C24: 3 × 10-12 | D24: =IF(IF(Rekorde!$L$13="",Übungen!$H$13,Rekorde!$L$13)="","offen",IF(Übungen!$J$13="",ROUND(IF(Rekorde!$L$13="",Übungen!$H$13,Rekorde!$L$13)*55/100*2,0)/2,FLOOR(IF(Rekorde!$L$13="",Übungen!$H$13,Rekorde!$L$13)*55/100/Übungen!$J$13,1)*Übungen!$J$13)) -> 90 | E24: 55 % | F24: Neu in dieser Phase. Ersetzt den Hip Thrust mit der Stange.
A25: Seitliche Kickbacks | B25: Kabel, nur links abstützen | C25: 2 × 12-15 | D25: =IF(IF(Rekorde!$L$15="",Übungen!$H$15,Rekorde!$L$15)="","offen",IF(Übungen!$J$15="",ROUND(IF(Rekorde!$L$15="",Übungen!$H$15,Rekorde!$L$15)*55/100*2,0)/2,FLOOR(IF(Rekorde!$L$15="",Übungen!$H$15,Rekorde!$L$15)*55/100/Übungen!$J$15,1)*Übungen!$J$15)) -> 18 | E25: 55 % | F25: Neu in dieser Phase.
A26: Beinstrecker | B26: wie Phase 1 | C26: 3 × 10-12 | D26: =IF(IF(Rekorde!$L$6="",Übungen!$H$6,Rekorde!$L$6)="","offen",IF(Übungen!$J$6="",ROUND(IF(Rekorde!$L$6="",Übungen!$H$6,Rekorde!$L$6)*75/100*2,0)/2,FLOOR(IF(Rekorde!$L$6="",Übungen!$H$6,Rekorde!$L$6)*75/100/Übungen!$J$6,1)*Übungen!$J$6)) -> 70 | E26: 75 % | F26: läuft weiter
A27: Beinbeuger | B27: wie Phase 1 | C27: 3 × 10-12 | D27: =IF(IF(Rekorde!$L$14="",Übungen!$H$14,Rekorde!$L$14)="","offen",IF(Übungen!$J$14="",ROUND(IF(Rekorde!$L$14="",Übungen!$H$14,Rekorde!$L$14)*75/100*2,0)/2,FLOOR(IF(Rekorde!$L$14="",Übungen!$H$14,Rekorde!$L$14)*75/100/Übungen!$J$14,1)*Übungen!$J$14)) -> 32.5 | E27: 75 % | F27: läuft weiter
A28: Adduktion | B28: wie Phase 1 | C28: 3 × 10-12 | D28: =IF(IF(Rekorde!$L$7="",Übungen!$H$7,Rekorde!$L$7)="","offen",IF(Übungen!$J$7="",ROUND(IF(Rekorde!$L$7="",Übungen!$H$7,Rekorde!$L$7)*75/100*2,0)/2,FLOOR(IF(Rekorde!$L$7="",Übungen!$H$7,Rekorde!$L$7)*75/100/Übungen!$J$7,1)*Übungen!$J$7)) -> 122.5 | E28: 75 % | F28: läuft weiter
A29: Waden | B29: jetzt auch stehend ohne Schulterpolster | C29: 3 × 12-15 | D29: =IF(IF(Rekorde!$L$16="",Übungen!$H$16,Rekorde!$L$16)="","offen",IF(Übungen!$J$16="",ROUND(IF(Rekorde!$L$16="",Übungen!$H$16,Rekorde!$L$16)*75/100*2,0)/2,FLOOR(IF(Rekorde!$L$16="",Übungen!$H$16,Rekorde!$L$16)*75/100/Übungen!$J$16,1)*Übungen!$J$16)) -> 140 | E29: 75 % | F29: läuft weiter
A31: Phase 3 · Woche 12 bis 16 · freie Gewichte kommen zurück
A32: Ab hier darf der Arm wieder halten und stützen. Die drei neuen Übungen starten bewusst bei der Hälfte: die Bewegung ist seit drei Monaten weg, nicht nur die Kraft.
A33: Übung | B33: Gerät / Ausführung | C33: Sätze × Wdh | D33: Start (kg) | E33: Anteil | F33: Hinweis
A34: Reverse V-Squat | B34: Maschine, lockerer Griff | C34: 3 × 8-10 | D34: =IF(IF(Rekorde!$L$8="",Übungen!$H$8,Rekorde!$L$8)="","offen",IF(Übungen!$J$8="",ROUND(IF(Rekorde!$L$8="",Übungen!$H$8,Rekorde!$L$8)*50/100*2,0)/2,FLOOR(IF(Rekorde!$L$8="",Übungen!$H$8,Rekorde!$L$8)*50/100/Übungen!$J$8,1)*Übungen!$J$8)) -> 105 | E34: 50 % | F34: Neu in dieser Phase. Polster auf Schulter und Nacken - erste Einheit nur Technik.
A35: Hip Thrust | B35: Langhantel, Stange auflegen lassen | C35: 3 × 8-10 | D35: =IF(IF(Rekorde!$L$12="",Übungen!$H$12,Rekorde!$L$12)="","offen",IF(Übungen!$J$12="",ROUND(IF(Rekorde!$L$12="",Übungen!$H$12,Rekorde!$L$12)*50/100*2,0)/2,FLOOR(IF(Rekorde!$L$12="",Übungen!$H$12,Rekorde!$L$12)*50/100/Übungen!$J$12,1)*Übungen!$J$12)) -> 140 | E35: 50 % | F35: Neu in dieser Phase. Arme vor der Brust kreuzen.
A36: Split Squat | B36: Multipresse ohne Zusatzhantel | C36: 3 × 8-10 | D36: =IF(IF(Rekorde!$L$5="",Übungen!$H$5,Rekorde!$L$5)="","offen",IF(Übungen!$J$5="",ROUND(IF(Rekorde!$L$5="",Übungen!$H$5,Rekorde!$L$5)*50/100*2,0)/2,FLOOR(IF(Rekorde!$L$5="",Übungen!$H$5,Rekorde!$L$5)*50/100/Übungen!$J$5,1)*Übungen!$J$5)) -> 60 | E36: 50 % | F36: Neu in dieser Phase. Kurzhanteln erst ab Monat 4.
A37: Beinpresse eng | B37: wie Phase 2 | C37: 3 × 8-10 | D37: =IF(IF(Rekorde!$L$4="",Übungen!$H$4,Rekorde!$L$4)="","offen",IF(Übungen!$J$4="",ROUND(IF(Rekorde!$L$4="",Übungen!$H$4,Rekorde!$L$4)*85/100*2,0)/2,FLOOR(IF(Rekorde!$L$4="",Übungen!$H$4,Rekorde!$L$4)*85/100/Übungen!$J$4,1)*Übungen!$J$4)) -> 255 | E37: 85 % | F37: läuft weiter
A38: Beinpresse breit | B38: wie Phase 2 | C38: 3 × 8-10 | D38: =IF(IF(Rekorde!$L$11="",Übungen!$H$11,Rekorde!$L$11)="","offen",IF(Übungen!$J$11="",ROUND(IF(Rekorde!$L$11="",Übungen!$H$11,Rekorde!$L$11)*85/100*2,0)/2,FLOOR(IF(Rekorde!$L$11="",Übungen!$H$11,Rekorde!$L$11)*85/100/Übungen!$J$11,1)*Übungen!$J$11)) -> 185 | E38: 85 % | F38: läuft weiter
A39: Hip & Glute | B39: wie Phase 2 | C39: 3 × 8-10 | D39: =IF(IF(Rekorde!$L$13="",Übungen!$H$13,Rekorde!$L$13)="","offen",IF(Übungen!$J$13="",ROUND(IF(Rekorde!$L$13="",Übungen!$H$13,Rekorde!$L$13)*85/100*2,0)/2,FLOOR(IF(Rekorde!$L$13="",Übungen!$H$13,Rekorde!$L$13)*85/100/Übungen!$J$13,1)*Übungen!$J$13)) -> 140 | E39: 85 % | F39: läuft weiter
A40: Seitliche Kickbacks | B40: wie Phase 2 | C40: 3 × 10-12 | D40: =IF(IF(Rekorde!$L$15="",Übungen!$H$15,Rekorde!$L$15)="","offen",IF(Übungen!$J$15="",ROUND(IF(Rekorde!$L$15="",Übungen!$H$15,Rekorde!$L$15)*85/100*2,0)/2,FLOOR(IF(Rekorde!$L$15="",Übungen!$H$15,Rekorde!$L$15)*85/100/Übungen!$J$15,1)*Übungen!$J$15)) -> 30 | E40: 85 % | F40: läuft weiter
A41: Beinstrecker | B41: wie Phase 1 | C41: 3 × 8-10 | D41: =IF(IF(Rekorde!$L$6="",Übungen!$H$6,Rekorde!$L$6)="","offen",IF(Übungen!$J$6="",ROUND(IF(Rekorde!$L$6="",Übungen!$H$6,Rekorde!$L$6)*95/100*2,0)/2,FLOOR(IF(Rekorde!$L$6="",Übungen!$H$6,Rekorde!$L$6)*95/100/Übungen!$J$6,1)*Übungen!$J$6)) -> 90 | E41: 95 % | F41: läuft weiter
A42: Beinbeuger | B42: wie Phase 1 | C42: 3 × 8-10 | D42: =IF(IF(Rekorde!$L$14="",Übungen!$H$14,Rekorde!$L$14)="","offen",IF(Übungen!$J$14="",ROUND(IF(Rekorde!$L$14="",Übungen!$H$14,Rekorde!$L$14)*95/100*2,0)/2,FLOOR(IF(Rekorde!$L$14="",Übungen!$H$14,Rekorde!$L$14)*95/100/Übungen!$J$14,1)*Übungen!$J$14)) -> 42.5 | E42: 95 % | F42: läuft weiter
A43: Adduktion | B43: wie Phase 1 | C43: 3 × 8-10 | D43: =IF(IF(Rekorde!$L$7="",Übungen!$H$7,Rekorde!$L$7)="","offen",IF(Übungen!$J$7="",ROUND(IF(Rekorde!$L$7="",Übungen!$H$7,Rekorde!$L$7)*95/100*2,0)/2,FLOOR(IF(Rekorde!$L$7="",Übungen!$H$7,Rekorde!$L$7)*95/100/Übungen!$J$7,1)*Übungen!$J$7)) -> 155 | E43: 95 % | F43: läuft weiter
A44: Waden | B44: sitzend oder stehend | C44: 3 × 10-12 | D44: =IF(IF(Rekorde!$L$16="",Übungen!$H$16,Rekorde!$L$16)="","offen",IF(Übungen!$J$16="",ROUND(IF(Rekorde!$L$16="",Übungen!$H$16,Rekorde!$L$16)*95/100*2,0)/2,FLOOR(IF(Rekorde!$L$16="",Übungen!$H$16,Rekorde!$L$16)*95/100/Übungen!$J$16,1)*Übungen!$J$16)) -> 180 | E44: 95 % | F44: läuft weiter
A46: Phase 4 · ab Monat 4 · zurück zum normalen Plan
A47: Die letzte Übung kommt zurück, und der Zielbereich geht wieder auf 5 bis 6 Wiederholungen. Ab hier gilt wieder das Blatt 'Trainingsblatt' mit der normalen Progression - dieses Blatt wird nicht mehr gebraucht.
A48: Übung | B48: Gerät / Ausführung | C48: Sätze × Wdh | D48: Start (kg) | E48: Anteil | F48: Hinweis
A49: Rumänisches Kreuzheben KH | B49: Kurzhantel, Gewicht je Hantel | C49: 3 × 8-10 | D49: =IF(IF(Rekorde!$L$10="",Übungen!$H$10,Rekorde!$L$10)="","offen",IF(Übungen!$J$10="",ROUND(IF(Rekorde!$L$10="",Übungen!$H$10,Rekorde!$L$10)*50/100*2,0)/2,FLOOR(IF(Rekorde!$L$10="",Übungen!$H$10,Rekorde!$L$10)*50/100/Übungen!$J$10,1)*Übungen!$J$10)) -> 16 | E49: 50 % | F49: Letzte Übung zurück im Plan. Technik vor Last, volle Last frühestens Monat 6.
A51: Wie in der Reha gesteigert wird
A52: Erst Wiederholungen, dann Gewicht | B52: Dieselbe doppelte Progression wie sonst, nur mit anderem Bereich. Schaffen alle Sätze die obere Zahl, kommt eine Laststufe drauf und die Wiederholungen fangen bei der unteren Zahl wieder an.
A53: Nicht jede Einheit steigern | B53: In Phase 1 und 2 zählt, dass die Einheit stattfindet. Bleibt eine Übung zwei Einheiten gleich, ist das kein Rückschritt - der Körper baut gerade eine Sehne an einen Knochen.
A54: Wenn die Schulter meldet, ist Schluss | B54: Ziehen vorne im Gelenk, Ziehen im Sulcus, oder das Gefühl, dass die Hand wegrutscht: Einheit beenden, notieren, zur Physiotherapie. Das ist kein Muskelkater.
A55: Zurück zum Trainingsblatt | B55: Ab Phase 4 wird dieses Blatt nicht mehr gebraucht. Dann im Blatt 'Übungen' alle Zeilen auf 'Aktiv = ja' und 'Anpassung 100' stellen und wieder mit dem Trainingsblatt arbeiten - die Progression rechnet aus den Reha-Einheiten nahtlos weiter, weil alles im Log steht.

Sheet Einheiten
A1: EINHEITEN | KOPFDATEN JE TRAINING
A2: Gelb ausfüllen. Das Datum wandert automatisch ins Log; Sätze, Volumen und Tonnage rechnen sich aus dem Log.
A3: Einheit | B3: Datum | C3: Fokus | D3: Körper- gewicht (kg) | E3: Dauer (min) | F3: Schlaf (h) | G3: Gefühl 1-5 | H3: Arbeits- sätze | I3: Arbeits- volumen (kg) | J3: Tonnage gesamt (kg) | K3: Tage seit letzter Einheit | L3: Notiz
A4: 1 | H4: =IF(COUNTIFS(Log!$B$4:$B$1203,$A4,Log!$E$4:$E$1203,"A")=0,"",COUNTIFS(Log!$B$4:$B$1203,$A4,Log!$E$4:$E$1203,"A")) -> 18 | I4: =IF($H4="","",SUMIFS(Log!$I$4:$I$1203,Log!$B$4:$B$1203,$A4,Log!$E$4:$E$1203,"A")) -> 19139.5 | J4: =IF($H4="","",SUMIFS(Log!$I$4:$I$1203,Log!$B$4:$B$1203,$A4)) -> 23617
A5: 2 | H5: =IF(COUNTIFS(Log!$B$4:$B$1203,$A5,Log!$E$4:$E$1203,"A")=0,"",COUNTIFS(Log!$B$4:$B$1203,$A5,Log!$E$4:$E$1203,"A")) -> 18 | I5: =IF($H5="","",SUMIFS(Log!$I$4:$I$1203,Log!$B$4:$B$1203,$A5,Log!$E$4:$E$1203,"A")) -> 19654 | J5: =IF($H5="","",SUMIFS(Log!$I$4:$I$1203,Log!$B$4:$B$1203,$A5)) -> 23569
A6: 3 | H6: =IF(COUNTIFS(Log!$B$4:$B$1203,$A6,Log!$E$4:$E$1203,"A")=0,"",COUNTIFS(Log!$B$4:$B$1203,$A6,Log!$E$4:$E$1203,"A")) -> 14 | I6: =IF($H6="","",SUMIFS(Log!$I$4:$I$1203,Log!$B$4:$B$1203,$A6,Log!$E$4:$E$1203,"A")) -> 17343.5 | J6: =IF($H6="","",SUMIFS(Log!$I$4:$I$1203,Log!$B$4:$B$1203,$A6)) -> 20558.5
A7: 4 | H7: =IF(COUNTIFS(Log!$B$4:$B$1203,$A7,Log!$E$4:$E$1203,"A")=0,"",COUNTIFS(Log!$B$4:$B$1203,$A7,Log!$E$4:$E$1203,"A")) -> 12 | I7: =IF($H7="","",SUMIFS(Log!$I$4:$I$1203,Log!$B$4:$B$1203,$A7,Log!$E$4:$E$1203,"A")) -> 18367.5 | J7: =IF($H7="","",SUMIFS(Log!$I$4:$I$1203,Log!$B$4:$B$1203,$A7)) -> 21427.5
A8: 5 | H8: =IF(COUNTIFS(Log!$B$4:$B$1203,$A8,Log!$E$4:$E$1203,"A")=0,"",COUNTIFS(Log!$B$4:$B$1203,$A8,Log!$E$4:$E$1203,"A")) -> 20 | I8: =IF($H8="","",SUMIFS(Log!$I$4:$I$1203,Log!$B$4:$B$1203,$A8,Log!$E$4:$E$1203,"A")) -> 25361 | J8: =IF($H8="","",SUMIFS(Log!$I$4:$I$1203,Log!$B$4:$B$1203,$A8)) -> 30581
A9: 6 | H9: =IF(COUNTIFS(Log!$B$4:$B$1203,$A9,Log!$E$4:$E$1203,"A")=0,"",COUNTIFS(Log!$B$4:$B$1203,$A9,Log!$E$4:$E$1203,"A")) -> 11 | I9: =IF($H9="","",SUMIFS(Log!$I$4:$I$1203,Log!$B$4:$B$1203,$A9,Log!$E$4:$E$1203,"A")) -> 14572 | J9: =IF($H9="","",SUMIFS(Log!$I$4:$I$1203,Log!$B$4:$B$1203,$A9)) -> 14572
A10: 7 | H10: =IF(COUNTIFS(Log!$B$4:$B$1203,$A10,Log!$E$4:$E$1203,"A")=0,"",COUNTIFS(Log!$B$4:$B$1203,$A10,Log!$E$4:$E$1203,"A")) -> 12 | I10: =IF($H10="","",SUMIFS(Log!$I$4:$I$1203,Log!$B$4:$B$1203,$A10,Log!$E$4:$E$1203,"A")) -> 18167 | J10: =IF($H10="","",SUMIFS(Log!$I$4:$I$1203,Log!$B$4:$B$1203,$A10)) -> 18167
A11: 8 | H11: =IF(COUNTIFS(Log!$B$4:$B$1203,$A11,Log!$E$4:$E$1203,"A")=0,"",COUNTIFS(Log!$B$4:$B$1203,$A11,Log!$E$4:$E$1203,"A")) -> 12 | I11: =IF($H11="","",SUMIFS(Log!$I$4:$I$1203,Log!$B$4:$B$1203,$A11,Log!$E$4:$E$1203,"A")) -> 14853.5 | J11: =IF($H11="","",SUMIFS(Log!$I$4:$I$1203,Log!$B$4:$B$1203,$A11)) -> 14853.5
A12: 9 | H12: =IF(COUNTIFS(Log!$B$4:$B$1203,$A12,Log!$E$4:$E$1203,"A")=0,"",COUNTIFS(Log!$B$4:$B$1203,$A12,Log!$E$4:$E$1203,"A")) -> 10 | I12: =IF($H12="","",SUMIFS(Log!$I$4:$I$1203,Log!$B$4:$B$1203,$A12,Log!$E$4:$E$1203,"A")) -> 10515 | J12: =IF($H12="","",SUMIFS(Log!$I$4:$I$1203,Log!$B$4:$B$1203,$A12)) -> 10515
A13: 10 | H13: =IF(COUNTIFS(Log!$B$4:$B$1203,$A13,Log!$E$4:$E$1203,"A")=0,"",COUNTIFS(Log!$B$4:$B$1203,$A13,Log!$E$4:$E$1203,"A")) -> 9 | I13: =IF($H13="","",SUMIFS(Log!$I$4:$I$1203,Log!$B$4:$B$1203,$A13,Log!$E$4:$E$1203,"A")) -> 12680 | J13: =IF($H13="","",SUMIFS(Log!$I$4:$I$1203,Log!$B$4:$B$1203,$A13)) -> 12680
A14: 11 | H14: =IF(COUNTIFS(Log!$B$4:$B$1203,$A14,Log!$E$4:$E$1203,"A")=0,"",COUNTIFS(Log!$B$4:$B$1203,$A14,Log!$E$4:$E$1203,"A")) -> 12 | I14: =IF($H14="","",SUMIFS(Log!$I$4:$I$1203,Log!$B$4:$B$1203,$A14,Log!$E$4:$E$1203,"A")) -> 15102 | J14: =IF($H14="","",SUMIFS(Log!$I$4:$I$1203,Log!$B$4:$B$1203,$A14)) -> 15102
A15: 12 | H15: =IF(COUNTIFS(Log!$B$4:$B$1203,$A15,Log!$E$4:$E$1203,"A")=0,"",COUNTIFS(Log!$B$4:$B$1203,$A15,Log!$E$4:$E$1203,"A")) -> 9 | I15: =IF($H15="","",SUMIFS(Log!$I$4:$I$1203,Log!$B$4:$B$1203,$A15,Log!$E$4:$E$1203,"A")) -> 9070 | J15: =IF($H15="","",SUMIFS(Log!$I$4:$I$1203,Log!$B$4:$B$1203,$A15)) -> 9070
... A63: 60 | H63: =IF(COUNTIFS(Log!$B$4:$B$1203,$A63,Log!$E$4:$E$1203,"A")=0,"",COUNTIFS(Log!$B$4:$B$1203,$A63,Log!$E$4:$E$1203,"A")) | I63: =IF($H63="","",SUMIFS(Log!$I$4:$I$1203,Log!$B$4:$B$1203,$A63,Log!$E$4:$E$1203,"A")) | J63: =IF($H63="","",SUMIFS(Log!$I$4:$I$1203,Log!$B$4:$B$1203,$A63))
A64: Summe | H64: =SUM(H4:H63) -> 214 | I64: =SUM(I4:I63) -> 251339.5 | J64: =SUM(J4:J63) -> 271227
A66: Ohne Datum funktioniert alles weiter, aber nur mit Datum rechnet die Spalte 'Tage seit letzter Einheit'. Unter zwei Tagen wird sie gelb - zwischen zwei Beineinheiten sollten 72 Stunden liegen, siehe Blatt 'Wochenplan'.

Sheet Log
A1: TRAININGSLOG | EIN SATZ PRO ZEILE
A2: Gelbe Spalten ausfüllen. Datum, Block, Volumen und e1RM rechnen automatisch.
A3: Datum | B3: Einheit | C3: Block | D3: Übung | E3: Satz | F3: Gewicht (kg) | G3: Wdh | H3: RPE | I3: Volumen (kg) | J3: e1RM (kg) | K3: Drop-Kette | L3: Notiz
A4: =IFERROR(IF($B4="","",IF(INDEX(Einheiten!$B$4:$B$63,MATCH($B4,Einheiten!$A$4:$A$63,0))=0,"",INDEX(Einheiten!$B$4:$B$63,MATCH($B4,Einheiten!$A$4:$A$63,0)))),"") | B4: 1 | C4: =IFERROR(IF($D4="","",INDEX(Übungen!$B$4:$B$23,MATCH($D4,Übungen!$A$4:$A$23,0))),"") -> Beine vorne | D4: Adduktion | E4: W | F4: 77.5 | G4: 17 | I4: =IF(AND(ISNUMBER($F4),ISNUMBER($G4),$E4<>"R"),$F4*$G4,"") -> 1317.5 | J4: =IF(AND($E4="A",ISNUMBER($F4),ISNUMBER($G4)),$F4*(1+$G4/30),"")
A5: =IFERROR(IF($B5="","",IF(INDEX(Einheiten!$B$4:$B$63,MATCH($B5,Einheiten!$A$4:$A$63,0))=0,"",INDEX(Einheiten!$B$4:$B$63,MATCH($B5,Einheiten!$A$4:$A$63,0)))),"") | B5: 1 | C5: =IFERROR(IF($D5="","",INDEX(Übungen!$B$4:$B$23,MATCH($D5,Übungen!$A$4:$A$23,0))),"") -> Beine vorne | D5: Adduktion | E5: A | F5: 152.5 | G5: 17 | I5: =IF(AND(ISNUMBER($F5),ISNUMBER($G5),$E5<>"R"),$F5*$G5,"") -> 2592.5 | J5: =IF(AND($E5="A",ISNUMBER($F5),ISNUMBER($G5)),$F5*(1+$G5/30),"") -> 238.91667
A6: =IFERROR(IF($B6="","",IF(INDEX(Einheiten!$B$4:$B$63,MATCH($B6,Einheiten!$A$4:$A$63,0))=0,"",INDEX(Einheiten!$B$4:$B$63,MATCH($B6,Einheiten!$A$4:$A$63,0)))),"") | B6: 1 | C6: =IFERROR(IF($D6="","",INDEX(Übungen!$B$4:$B$23,MATCH($D6,Übungen!$A$4:$A$23,0))),"") -> Beine vorne | D6: Adduktion | E6: A | F6: 152.5 | G6: 10 | I6: =IF(AND(ISNUMBER($F6),ISNUMBER($G6),$E6<>"R"),$F6*$G6,"") -> 1525 | J6: =IF(AND($E6="A",ISNUMBER($F6),ISNUMBER($G6)),$F6*(1+$G6/30),"") -> 203.33333
A7: =IFERROR(IF($B7="","",IF(INDEX(Einheiten!$B$4:$B$63,MATCH($B7,Einheiten!$A$4:$A$63,0))=0,"",INDEX(Einheiten!$B$4:$B$63,MATCH($B7,Einheiten!$A$4:$A$63,0)))),"") | B7: 1 | C7: =IFERROR(IF($D7="","",INDEX(Übungen!$B$4:$B$23,MATCH($D7,Übungen!$A$4:$A$23,0))),"") -> Beine vorne | D7: Adduktion | E7: R | F7: 110 | G7: 10 | I7: =IF(AND(ISNUMBER($F7),ISNUMBER($G7),$E7<>"R"),$F7*$G7,"") | J7: =IF(AND($E7="A",ISNUMBER($F7),ISNUMBER($G7)),$F7*(1+$G7/30),"") | K7: 110 / 72.5
A8: =IFERROR(IF($B8="","",IF(INDEX(Einheiten!$B$4:$B$63,MATCH($B8,Einheiten!$A$4:$A$63,0))=0,"",INDEX(Einheiten!$B$4:$B$63,MATCH($B8,Einheiten!$A$4:$A$63,0)))),"") | B8: 2 | C8: =IFERROR(IF($D8="","",INDEX(Übungen!$B$4:$B$23,MATCH($D8,Übungen!$A$4:$A$23,0))),"") -> Beine vorne | D8: Adduktion | E8: W | F8: 85 | G8: 10 | I8: =IF(AND(ISNUMBER($F8),ISNUMBER($G8),$E8<>"R"),$F8*$G8,"") -> 850 | J8: =IF(AND($E8="A",ISNUMBER($F8),ISNUMBER($G8)),$F8*(1+$G8/30),"")
A9: =IFERROR(IF($B9="","",IF(INDEX(Einheiten!$B$4:$B$63,MATCH($B9,Einheiten!$A$4:$A$63,0))=0,"",INDEX(Einheiten!$B$4:$B$63,MATCH($B9,Einheiten!$A$4:$A$63,0)))),"") | B9: 2 | C9: =IFERROR(IF($D9="","",INDEX(Übungen!$B$4:$B$23,MATCH($D9,Übungen!$A$4:$A$23,0))),"") -> Beine vorne | D9: Adduktion | E9: A | F9: 152.5 | G9: 20 | I9: =IF(AND(ISNUMBER($F9),ISNUMBER($G9),$E9<>"R"),$F9*$G9,"") -> 3050 | J9: =IF(AND($E9="A",ISNUMBER($F9),ISNUMBER($G9)),$F9*(1+$G9/30),"") -> 254.16667
A10: =IFERROR(IF($B10="","",IF(INDEX(Einheiten!$B$4:$B$63,MATCH($B10,Einheiten!$A$4:$A$63,0))=0,"",INDEX(Einheiten!$B$4:$B$63,MATCH($B10,Einheiten!$A$4:$A$63,0)))),"") | B10: 2 | C10: =IFERROR(IF($D10="","",INDEX(Übungen!$B$4:$B$23,MATCH($D10,Übungen!$A$4:$A$23,0))),"") -> Beine vorne | D10: Adduktion | E10: A | F10: 152.5 | G10: 16 | I10: =IF(AND(ISNUMBER($F10),ISNUMBER($G10),$E10<>"R"),$F10*$G10,"") -> 2440 | J10: =IF(AND($E10="A",ISNUMBER($F10),ISNUMBER($G10)),$F10*(1+$G10/30),"") -> 233.83333
A11: =IFERROR(IF($B11="","",IF(INDEX(Einheiten!$B$4:$B$63,MATCH($B11,Einheiten!$A$4:$A$63,0))=0,"",INDEX(Einheiten!$B$4:$B$63,MATCH($B11,Einheiten!$A$4:$A$63,0)))),"") | B11: 2 | C11: =IFERROR(IF($D11="","",INDEX(Übungen!$B$4:$B$23,MATCH($D11,Übungen!$A$4:$A$23,0))),"") -> Beine vorne | D11: Adduktion | E11: R | F11: 110 | G11: 10 | I11: =IF(AND(ISNUMBER($F11),ISNUMBER($G11),$E11<>"R"),$F11*$G11,"") | J11: =IF(AND($E11="A",ISNUMBER($F11),ISNUMBER($G11)),$F11*(1+$G11/30),"") | K11: 110 / 72.5 / 35
A12: =IFERROR(IF($B12="","",IF(INDEX(Einheiten!$B$4:$B$63,MATCH($B12,Einheiten!$A$4:$A$63,0))=0,"",INDEX(Einheiten!$B$4:$B$63,MATCH($B12,Einheiten!$A$4:$A$63,0)))),"") | B12: 3 | C12: =IFERROR(IF($D12="","",INDEX(Übungen!$B$4:$B$23,MATCH($D12,Übungen!$A$4:$A$23,0))),"") -> Beine vorne | D12: Adduktion | E12: W | F12: 65 | G12: 10 | I12: =IF(AND(ISNUMBER($F12),ISNUMBER($G12),$E12<>"R"),$F12*$G12,"") -> 650 | J12: =IF(AND($E12="A",ISNUMBER($F12),ISNUMBER($G12)),$F12*(1+$G12/30),"")
A13: =IFERROR(IF($B13="","",IF(INDEX(Einheiten!$B$4:$B$63,MATCH($B13,Einheiten!$A$4:$A$63,0))=0,"",INDEX(Einheiten!$B$4:$B$63,MATCH($B13,Einheiten!$A$4:$A$63,0)))),"") | B13: 3 | C13: =IFERROR(IF($D13="","",INDEX(Übungen!$B$4:$B$23,MATCH($D13,Übungen!$A$4:$A$23,0))),"") -> Beine vorne | D13: Adduktion | E13: W | F13: 80 | G13: 6 | I13: =IF(AND(ISNUMBER($F13),ISNUMBER($G13),$E13<>"R"),$F13*$G13,"") -> 480 | J13: =IF(AND($E13="A",ISNUMBER($F13),ISNUMBER($G13)),$F13*(1+$G13/30),"")
A14: =IFERROR(IF($B14="","",IF(INDEX(Einheiten!$B$4:$B$63,MATCH($B14,Einheiten!$A$4:$A$63,0))=0,"",INDEX(Einheiten!$B$4:$B$63,MATCH($B14,Einheiten!$A$4:$A$63,0)))),"") | B14: 3 | C14: =IFERROR(IF($D14="","",INDEX(Übungen!$B$4:$B$23,MATCH($D14,Übungen!$A$4:$A$23,0))),"") -> Beine vorne | D14: Adduktion | E14: A | F14: 152.5 | G14: 22 | I14: =IF(AND(ISNUMBER($F14),ISNUMBER($G14),$E14<>"R"),$F14*$G14,"") -> 3355 | J14: =IF(AND($E14="A",ISNUMBER($F14),ISNUMBER($G14)),$F14*(1+$G14/30),"") -> 264.33333
A15: =IFERROR(IF($B15="","",IF(INDEX(Einheiten!$B$4:$B$63,MATCH($B15,Einheiten!$A$4:$A$63,0))=0,"",INDEX(Einheiten!$B$4:$B$63,MATCH($B15,Einheiten!$A$4:$A$63,0)))),"") | B15: 3 | C15: =IFERROR(IF($D15="","",INDEX(Übungen!$B$4:$B$23,MATCH($D15,Übungen!$A$4:$A$23,0))),"") -> Beine vorne | D15: Adduktion | E15: A | F15: 152.5 | G15: 13 | I15: =IF(AND(ISNUMBER($F15),ISNUMBER($G15),$E15<>"R"),$F15*$G15,"") -> 1982.5 | J15: =IF(AND($E15="A",ISNUMBER($F15),ISNUMBER($G15)),$F15*(1+$G15/30),"") -> 218.58333
A16: =IFERROR(IF($B16="","",IF(INDEX(Einheiten!$B$4:$B$63,MATCH($B16,Einheiten!$A$4:$A$63,0))=0,"",INDEX(Einheiten!$B$4:$B$63,MATCH($B16,Einheiten!$A$4:$A$63,0)))),"") | B16: 3 | C16: =IFERROR(IF($D16="","",INDEX(Übungen!$B$4:$B$23,MATCH($D16,Übungen!$A$4:$A$23,0))),"") -> Beine vorne | D16: Adduktion | E16: R | F16: 110 | G16: 10 | I16: =IF(AND(ISNUMBER($F16),ISNUMBER($G16),$E16<>"R"),$F16*$G16,"") | J16: =IF(AND($E16="A",ISNUMBER($F16),ISNUMBER($G16)),$F16*(1+$G16/30),"") | K16: 110 / 72.5 / 35 / 20
A17: =IFERROR(IF($B17="","",IF(INDEX(Einheiten!$B$4:$B$63,MATCH($B17,Einheiten!$A$4:$A$63,0))=0,"",INDEX(Einheiten!$B$4:$B$63,MATCH($B17,Einheiten!$A$4:$A$63,0)))),"") | B17: 4 | C17: =IFERROR(IF($D17="","",INDEX(Übungen!$B$4:$B$23,MATCH($D17,Übungen!$A$4:$A$23,0))),"") -> Beine vorne | D17: Adduktion | E17: W | F17: 50 | G17: 10 | I17: =IF(AND(ISNUMBER($F17),ISNUMBER($G17),$E17<>"R"),$F17*$G17,"") -> 500 | J17: =IF(AND($E17="A",ISNUMBER($F17),ISNUMBER($G17)),$F17*(1+$G17/30),"")
A18: =IFERROR(IF($B18="","",IF(INDEX(Einheiten!$B$4:$B$63,MATCH($B18,Einheiten!$A$4:$A$63,0))=0,"",INDEX(Einheiten!$B$4:$B$63,MATCH($B18,Einheiten!$A$4:$A$63,0)))),"") | B18: 4 | C18: =IFERROR(IF($D18="","",INDEX(Übungen!$B$4:$B$23,MATCH($D18,Übungen!$A$4:$A$23,0))),"") -> Beine vorne | D18: Adduktion | E18: W | F18: 70 | G18: 10 | I18: =IF(AND(ISNUMBER($F18),ISNUMBER($G18),$E18<>"R"),$F18*$G18,"") -> 700 | J18: =IF(AND($E18="A",ISNUMBER($F18),ISNUMBER($G18)),$F18*(1+$G18/30),"")
A19: =IFERROR(IF($B19="","",IF(INDEX(Einheiten!$B$4:$B$63,MATCH($B19,Einheiten!$A$4:$A$63,0))=0,"",INDEX(Einheiten!$B$4:$B$63,MATCH($B19,Einheiten!$A$4:$A$63,0)))),"") | B19: 4 | C19: =IFERROR(IF($D19="","",INDEX(Übungen!$B$4:$B$23,MATCH($D19,Übungen!$A$4:$A$23,0))),"") -> Beine vorne | D19: Adduktion | E19: A | F19: 152.5 | G19: 25 | I19: =IF(AND(ISNUMBER($F19),ISNUMBER($G19),$E19<>"R"),$F19*$G19,"") -> 3812.5 | J19: =IF(AND($E19="A",ISNUMBER($F19),ISNUMBER($G19)),$F19*(1+$G19/30),"") -> 279.58333 | L19: Original 152.2, als Tippfehler gewertet
A20: =IFERROR(IF($B20="","",IF(INDEX(Einheiten!$B$4:$B$63,MATCH($B20,Einheiten!$A$4:$A$63,0))=0,"",INDEX(Einheiten!$B$4:$B$63,MATCH($B20,Einheiten!$A$4:$A$63,0)))),"") | B20: 4 | C20: =IFERROR(IF($D20="","",INDEX(Übungen!$B$4:$B$23,MATCH($D20,Übungen!$A$4:$A$23,0))),"") -> Beine vorne | D20: Adduktion | E20: A | F20: 152.5 | G20: 20 | I20: =IF(AND(ISNUMBER($F20),ISNUMBER($G20),$E20<>"R"),$F20*$G20,"") -> 3050 | J20: =IF(AND($E20="A",ISNUMBER($F20),ISNUMBER($G20)),$F20*(1+$G20/30),"") -> 254.16667 | L20: Original 152.2, als Tippfehler gewertet
A21: =IFERROR(IF($B21="","",IF(INDEX(Einheiten!$B$4:$B$63,MATCH($B21,Einheiten!$A$4:$A$63,0))=0,"",INDEX(Einheiten!$B$4:$B$63,MATCH($B21,Einheiten!$A$4:$A$63,0)))),"") | B21: 4 | C21: =IFERROR(IF($D21="","",INDEX(Übungen!$B$4:$B$23,MATCH($D21,Übungen!$A$4:$A$23,0))),"") -> Beine vorne | D21: Adduktion | E21: R | F21: 125 | G21: 6 | I21: =IF(AND(ISNUMBER($F21),ISNUMBER($G21),$E21<>"R"),$F21*$G21,"") | J21: =IF(AND($E21="A",ISNUMBER($F21),ISNUMBER($G21)),$F21*(1+$G21/30),"") | K21: 125 / 110 / 95 / 80
A22: =IFERROR(IF($B22="","",IF(INDEX(Einheiten!$B$4:$B$63,MATCH($B22,Einheiten!$A$4:$A$63,0))=0,"",INDEX(Einheiten!$B$4:$B$63,MATCH($B22,Einheiten!$A$4:$A$63,0)))),"") | B22: 1 | C22: =IFERROR(IF($D22="","",INDEX(Übungen!$B$4:$B$23,MATCH($D22,Übungen!$A$4:$A$23,0))),"") -> Beine vorne | D22: Beinstrecker | E22: W | F22: 15 | G22: 10 | I22: =IF(AND(ISNUMBER($F22),ISNUMBER($G22),$E22<>"R"),$F22*$G22,"") -> 150 | J22: =IF(AND($E22="A",ISNUMBER($F22),ISNUMBER($G22)),$F22*(1+$G22/30),"")
A23: =IFERROR(IF($B23="","",IF(INDEX(Einheiten!$B$4:$B$63,MATCH($B23,Einheiten!$A$4:$A$63,0))=0,"",INDEX(Einheiten!$B$4:$B$63,MATCH($B23,Einheiten!$A$4:$A$63,0)))),"") | B23: 1 | C23: =IFERROR(IF($D23="","",INDEX(Übungen!$B$4:$B$23,MATCH($D23,Übungen!$A$4:$A$23,0))),"") -> Beine vorne | D23: Beinstrecker | E23: W | F23: 30 | G23: 4 | I23: =IF(AND(ISNUMBER($F23),ISNUMBER($G23),$E23<>"R"),$F23*$G23,"") -> 120 | J23: =IF(AND($E23="A",ISNUMBER($F23),ISNUMBER($G23)),$F23*(1+$G23/30),"")
A24: =IFERROR(IF($B24="","",IF(INDEX(Einheiten!$B$4:$B$63,MATCH($B24,Einheiten!$A$4:$A$63,0))=0,"",INDEX(Einheiten!$B$4:$B$63,MATCH($B24,Einheiten!$A$4:$A$63,0)))),"") | B24: 1 | C24: =IFERROR(IF($D24="","",INDEX(Übungen!$B$4:$B$23,MATCH($D24,Übungen!$A$4:$A$23,0))),"") -> Beine vorne | D24: Beinstrecker | E24: A | F24: 65 | G24: 7 | I24: =IF(AND(ISNUMBER($F24),ISNUMBER($G24),$E24<>"R"),$F24*$G24,"") -> 455 | J24: =IF(AND($E24="A",ISNUMBER($F24),ISNUMBER($G24)),$F24*(1+$G24/30),"") -> 80.166667
A25: =IFERROR(IF($B25="","",IF(INDEX(Einheiten!$B$4:$B$63,MATCH($B25,Einheiten!$A$4:$A$63,0))=0,"",INDEX(Einheiten!$B$4:$B$63,MATCH($B25,Einheiten!$A$4:$A$63,0)))),"") | B25: 1 | C25: =IFERROR(IF($D25="","",INDEX(Übungen!$B$4:$B$23,MATCH($D25,Übungen!$A$4:$A$23,0))),"") -> Beine vorne | D25: Beinstrecker | E25: A | F25: 75 | G25: 10 | I25: =IF(AND(ISNUMBER($F25),ISNUMBER($G25),$E25<>"R"),$F25*$G25,"") -> 750 | J25: =IF(AND($E25="A",ISNUMBER($F25),ISNUMBER($G25)),$F25*(1+$G25/30),"") -> 100
A26: =IFERROR(IF($B26="","",IF(INDEX(Einheiten!$B$4:$B$63,MATCH($B26,Einheiten!$A$4:$A$63,0))=0,"",INDEX(Einheiten!$B$4:$B$63,MATCH($B26,Einheiten!$A$4:$A$63,0)))),"") | B26: 1 | C26: =IFERROR(IF($D26="","",INDEX(Übungen!$B$4:$B$23,MATCH($D26,Übungen!$A$4:$A$23,0))),"") -> Beine vorne | D26: Beinstrecker | E26: R | F26: 55 | I26: =IF(AND(ISNUMBER($F26),ISNUMBER($G26),$E26<>"R"),$F26*$G26,"") | J26: =IF(AND($E26="A",ISNUMBER($F26),ISNUMBER($G26)),$F26*(1+$G26/30),"") | K26: 55 / 45 / 30 / 15 | L26: Original 10-5 Wdh, Zuordnung unklar
A27: =IFERROR(IF($B27="","",IF(INDEX(Einheiten!$B$4:$B$63,MATCH($B27,Einheiten!$A$4:$A$63,0))=0,"",INDEX(Einheiten!$B$4:$B$63,MATCH($B27,Einheiten!$A$4:$A$63,0)))),"") | B27: 2 | C27: =IFERROR(IF($D27="","",INDEX(Übungen!$B$4:$B$23,MATCH($D27,Übungen!$A$4:$A$23,0))),"") -> Beine vorne | D27: Beinstrecker | E27: W | F27: 10 | I27: =IF(AND(ISNUMBER($F27),ISNUMBER($G27),$E27<>"R"),$F27*$G27,"") | J27: =IF(AND($E27="A",ISNUMBER($F27),ISNUMBER($G27)),$F27*(1+$G27/30),"") | L27: Original: W 10kg 20kg 5-6wdh, Zuordnung unklar
A28: =IFERROR(IF($B28="","",IF(INDEX(Einheiten!$B$4:$B$63,MATCH($B28,Einheiten!$A$4:$A$63,0))=0,"",INDEX(Einheiten!$B$4:$B$63,MATCH($B28,Einheiten!$A$4:$A$63,0)))),"") | B28: 2 | C28: =IFERROR(IF($D28="","",INDEX(Übungen!$B$4:$B$23,MATCH($D28,Übungen!$A$4:$A$23,0))),"") -> Beine vorne | D28: Beinstrecker | E28: W | F28: 20 | I28: =IF(AND(ISNUMBER($F28),ISNUMBER($G28),$E28<>"R"),$F28*$G28,"") | J28: =IF(AND($E28="A",ISNUMBER($F28),ISNUMBER($G28)),$F28*(1+$G28/30),"") | L28: Original: W 10kg 20kg 5-6wdh, Zuordnung unklar
A29: =IFERROR(IF($B29="","",IF(INDEX(Einheiten!$B$4:$B$63,MATCH($B29,Einheiten!$A$4:$A$63,0))=0,"",INDEX(Einheiten!$B$4:$B$63,MATCH($B29,Einheiten!$A$4:$A$63,0)))),"") | B29: 2 | C29: =IFERROR(IF($D29="","",INDEX(Übungen!$B$4:$B$23,MATCH($D29,Übungen!$A$4:$A$23,0))),"") -> Beine vorne | D29: Beinstrecker | E29: A | F29: 70 | G29: 13 | I29: =IF(AND(ISNUMBER($F29),ISNUMBER($G29),$E29<>"R"),$F29*$G29,"") -> 910 | J29: =IF(AND($E29="A",ISNUMBER($F29),ISNUMBER($G29)),$F29*(1+$G29/30),"") -> 100.33333
A30: =IFERROR(IF($B30="","",IF(INDEX(Einheiten!$B$4:$B$63,MATCH($B30,Einheiten!$A$4:$A$63,0))=0,"",INDEX(Einheiten!$B$4:$B$63,MATCH($B30,Einheiten!$A$4:$A$63,0)))),"") | B30: 2 | C30: =IFERROR(IF($D30="","",INDEX(Übungen!$B$4:$B$23,MATCH($D30,Übungen!$A$4:$A$23,0))),"") -> Beine vorne | D30: Beinstrecker | E30: A | F30: 80 | G30: 9 | I30: =IF(AND(ISNUMBER($F30),ISNUMBER($G30),$E30<>"R"),$F30*$G30,"") -> 720 | J30: =IF(AND($E30="A",ISNUMBER($F30),ISNUMBER($G30)),$F30*(1+$G30/30),"") -> 104
A31: =IFERROR(IF($B31="","",IF(INDEX(Einheiten!$B$4:$B$63,MATCH($B31,Einheiten!$A$4:$A$63,0))=0,"",INDEX(Einheiten!$B$4:$B$63,MATCH($B31,Einheiten!$A$4:$A$63,0)))),"") | B31: 2 | C31: =IFERROR(IF($D31="","",INDEX(Übungen!$B$4:$B$23,MATCH($D31,Übungen!$A$4:$A$23,0))),"") -> Beine vorne | D31: Beinstrecker | E31: R | F31: 60 | G31: 10 | I31: =IF(AND(ISNUMBER($F31),ISNUMBER($G31),$E31<>"R"),$F31*$G31,"") | J31: =IF(AND($E31="A",ISNUMBER($F31),ISNUMBER($G31)),$F31*(1+$G31/30),"") | K31: 60 / 45 / 30 / 15 / 15
A32: =IFERROR(IF($B32="","",IF(INDEX(Einheiten!$B$4:$B$63,MATCH($B32,Einheiten!$A$4:$A$63,0))=0,"",INDEX(Einheiten!$B$4:$B$63,MATCH($B32,Einheiten!$A$4:$A$63,0)))),"") | B32: 3 | C32: =IFERROR(IF($D32="","",INDEX(Übungen!$B$4:$B$23,MATCH($D32,Übungen!$A$4:$A$23,0))),"") -> Beine vorne | D32: Beinstrecker | E32: W | F32: 15 | G32: 6 | I32: =IF(AND(ISNUMBER($F32),ISNUMBER($G32),$E32<>"R"),$F32*$G32,"") -> 90 | J32: =IF(AND($E32="A",ISNUMBER($F32),ISNUMBER($G32)),$F32*(1+$G32/30),"")
A33: =IFERROR(IF($B33="","",IF(INDEX(Einheiten!$B$4:$B$63,MATCH($B33,Einheiten!$A$4:$A$63,0))=0,"",INDEX(Einheiten!$B$4:$B$63,MATCH($B33,Einheiten!$A$4:$A$63,0)))),"") | B33: 3 | C33: =IFERROR(IF($D33="","",INDEX(Übungen!$B$4:$B$23,MATCH($D33,Übungen!$A$4:$A$23,0))),"") -> Beine vorne | D33: Beinstrecker | E33: W | F33: 25 | G33: 5 | I33: =IF(AND(ISNUMBER($F33),ISNUMBER($G33),$E33<>"R"),$F33*$G33,"") -> 125 | J33: =IF(AND($E33="A",ISNUMBER($F33),ISNUMBER($G33)),$F33*(1+$G33/30),"")
A34: =IFERROR(IF($B34="","",IF(INDEX(Einheiten!$B$4:$B$63,MATCH($B34,Einheiten!$A$4:$A$63,0))=0,"",INDEX(Einheiten!$B$4:$B$63,MATCH($B34,Einheiten!$A$4:$A$63,0)))),"") | B34: 3 | C34: =IFERROR(IF($D34="","",INDEX(Übungen!$B$4:$B$23,MATCH($D34,Übungen!$A$4:$A$23,0))),"") -> Beine vorne | D34: Beinstrecker | E34: A | F34: 85 | G34: 8 | I34: =IF(AND(ISNUMBER($F34),ISNUMBER($G34),$E34<>"R"),$F34*$G34,"") -> 680 | J34: =IF(AND($E34="A",ISNUMBER($F34),ISNUMBER($G34)),$F34*(1+$G34/30),"") -> 107.66667
A35: =IFERROR(IF($B35="","",IF(INDEX(Einheiten!$B$4:$B$63,MATCH($B35,Einheiten!$A$4:$A$63,0))=0,"",INDEX(Einheiten!$B$4:$B$63,MATCH($B35,Einheiten!$A$4:$A$63,0)))),"") | B35: 3 | C35: =IFERROR(IF($D35="","",INDEX(Übungen!$B$4:$B$23,MATCH($D35,Übungen!$A$4:$A$23,0))),"") -> Beine vorne | D35: Beinstrecker | E35: A | F35: 75 | G35: 10 | I35: =IF(AND(ISNUMBER($F35),ISNUMBER($G35),$E35<>"R"),$F35*$G35,"") -> 750 | J35: =IF(AND($E35="A",ISNUMBER($F35),ISNUMBER($G35)),$F35*(1+$G35/30),"") -> 100
A36: =IFERROR(IF($B36="","",IF(INDEX(Einheiten!$B$4:$B$63,MATCH($B36,Einheiten!$A$4:$A$63,0))=0,"",INDEX(Einheiten!$B$4:$B$63,MATCH($B36,Einheiten!$A$4:$A$63,0)))),"") | B36: 3 | C36: =IFERROR(IF($D36="","",INDEX(Übungen!$B$4:$B$23,MATCH($D36,Übungen!$A$4:$A$23,0))),"") -> Beine vorne | D36: Beinstrecker | E36: R | F36: 65 | G36: 10 | I36: =IF(AND(ISNUMBER($F36),ISNUMBER($G36),$E36<>"R"),$F36*$G36,"") | J36: =IF(AND($E36="A",ISNUMBER($F36),ISNUMBER($G36)),$F36*(1+$G36/30),"") | K36: 65 / 55 / 45 / 35 / 25 / 15
A37: =IFERROR(IF($B37="","",IF(INDEX(Einheiten!$B$4:$B$63,MATCH($B37,Einheiten!$A$4:$A$63,0))=0,"",INDEX(Einheiten!$B$4:$B$63,MATCH($B37,Einheiten!$A$4:$A$63,0)))),"") | B37: 4 | C37: =IFERROR(IF($D37="","",INDEX(Übungen!$B$4:$B$23,MATCH($D37,Übungen!$A$4:$A$23,0))),"") -> Beine vorne | D37: Beinstrecker | E37: W | F37: 15 | G37: 10 | I37: =IF(AND(ISNUMBER($F37),ISNUMBER($G37),$E37<>"R"),$F37*$G37,"") -> 150 | J37: =IF(AND($E37="A",ISNUMBER($F37),ISNUMBER($G37)),$F37*(1+$G37/30),"")
A38: =IFERROR(IF($B38="","",IF(INDEX(Einheiten!$B$4:$B$63,MATCH($B38,Einheiten!$A$4:$A$63,0))=0,"",INDEX(Einheiten!$B$4:$B$63,MATCH($B38,Einheiten!$A$4:$A$63,0)))),"") | B38: 4 | C38: =IFERROR(IF($D38="","",INDEX(Übungen!$B$4:$B$23,MATCH($D38,Übungen!$A$4:$A$23,0))),"") -> Beine vorne | D38: Beinstrecker | E38: W | F38: 30 | G38: 5 | I38: =IF(AND(ISNUMBER($F38),ISNUMBER($G38),$E38<>"R"),$F38*$G38,"") -> 150 | J38: =IF(AND($E38="A",ISNUMBER($F38),ISNUMBER($G38)),$F38*(1+$G38/30),"")
A39: =IFERROR(IF($B39="","",IF(INDEX(Einheiten!$B$4:$B$63,MATCH($B39,Einheiten!$A$4:$A$63,0))=0,"",INDEX(Einheiten!$B$4:$B$63,MATCH($B39,Einheiten!$A$4:$A$63,0)))),"") | B39: 4 | C39: =IFERROR(IF($D39="","",INDEX(Übungen!$B$4:$B$23,MATCH($D39,Übungen!$A$4:$A$23,0))),"") -> Beine vorne | D39: Beinstrecker | E39: A | F39: 80 | G39: 12 | I39: =IF(AND(ISNUMBER($F39),ISNUMBER($G39),$E39<>"R"),$F39*$G39,"") -> 960 | J39: =IF(AND($E39="A",ISNUMBER($F39),ISNUMBER($G39)),$F39*(1+$G39/30),"") -> 112
A40: =IFERROR(IF($B40="","",IF(INDEX(Einheiten!$B$4:$B$63,MATCH($B40,Einheiten!$A$4:$A$63,0))=0,"",INDEX(Einheiten!$B$4:$B$63,MATCH($B40,Einheiten!$A$4:$A$63,0)))),"") | B40: 4 | C40: =IFERROR(IF($D40="","",INDEX(Übungen!$B$4:$B$23,MATCH($D40,Übungen!$A$4:$A$23,0))),"") -> Beine vorne | D40: Beinstrecker | E40: A | F40: 80 | G40: 8 | I40: =IF(AND(ISNUMBER($F40),ISNUMBER($G40),$E40<>"R"),$F40*$G40,"") -> 640 | J40: =IF(AND($E40="A",ISNUMBER($F40),ISNUMBER($G40)),$F40*(1+$G40/30),"") -> 101.33333
A41: =IFERROR(IF($B41="","",IF(INDEX(Einheiten!$B$4:$B$63,MATCH($B41,Einheiten!$A$4:$A$63,0))=0,"",INDEX(Einheiten!$B$4:$B$63,MATCH($B41,Einheiten!$A$4:$A$63,0)))),"") | B41: 4 | C41: =IFERROR(IF($D41="","",INDEX(Übungen!$B$4:$B$23,MATCH($D41,Übungen!$A$4:$A$23,0))),"") -> Beine vorne | D41: Beinstrecker | E41: R | F41: 70 | G41: 6 | I41: =IF(AND(ISNUMBER($F41),ISNUMBER($G41),$E41<>"R"),$F41*$G41,"") | J41: =IF(AND($E41="A",ISNUMBER($F41),ISNUMBER($G41)),$F41*(1+$G41/30),"") | K41: 70 / 60 / 45 / 30 / 15
A42: =IFERROR(IF($B42="","",IF(INDEX(Einheiten!$B$4:$B$63,MATCH($B42,Einheiten!$A$4:$A$63,0))=0,"",INDEX(Einheiten!$B$4:$B$63,MATCH($B42,Einheiten!$A$4:$A$63,0)))),"") | B42: 1 | C42: =IFERROR(IF($D42="","",INDEX(Übungen!$B$4:$B$23,MATCH($D42,Übungen!$A$4:$A$23,0))),"") -> Beine vorne | D42: Split Squat | E42: W | F42: 20 | G42: 5 | I42: =IF(AND(ISNUMBER($F42),ISNUMBER($G42),$E42<>"R"),$F42*$G42,"") -> 100 | J42: =IF(AND($E42="A",ISNUMBER($F42),ISNUMBER($G42)),$F42*(1+$G42/30),"")
A43: =IFERROR(IF($B43="","",IF(INDEX(Einheiten!$B$4:$B$63,MATCH($B43,Einheiten!$A$4:$A$63,0))=0,"",INDEX(Einheiten!$B$4:$B$63,MATCH($B43,Einheiten!$A$4:$A$63,0)))),"") | B43: 1 | C43: =IFERROR(IF($D43="","",INDEX(Übungen!$B$4:$B$23,MATCH($D43,Übungen!$A$4:$A$23,0))),"") -> Beine vorne | D43: Split Squat | E43: W | F43: 40 | G43: 5 | I43: =IF(AND(ISNUMBER($F43),ISNUMBER($G43),$E43<>"R"),$F43*$G43,"") -> 200 | J43: =IF(AND($E43="A",ISNUMBER($F43),ISNUMBER($G43)),$F43*(1+$G43/30),"")
A44: =IFERROR(IF($B44="","",IF(INDEX(Einheiten!$B$4:$B$63,MATCH($B44,Einheiten!$A$4:$A$63,0))=0,"",INDEX(Einheiten!$B$4:$B$63,MATCH($B44,Einheiten!$A$4:$A$63,0)))),"") | B44: 1 | C44: =IFERROR(IF($D44="","",INDEX(Übungen!$B$4:$B$23,MATCH($D44,Übungen!$A$4:$A$23,0))),"") -> Beine vorne | D44: Split Squat | E44: A | F44: 80 | G44: 6 | I44: =IF(AND(ISNUMBER($F44),ISNUMBER($G44),$E44<>"R"),$F44*$G44,"") -> 480 | J44: =IF(AND($E44="A",ISNUMBER($F44),ISNUMBER($G44)),$F44*(1+$G44/30),"") -> 96
A45: =IFERROR(IF($B45="","",IF(INDEX(Einheiten!$B$4:$B$63,MATCH($B45,Einheiten!$A$4:$A$63,0))=0,"",INDEX(Einheiten!$B$4:$B$63,MATCH($B45,Einheiten!$A$4:$A$63,0)))),"") | B45: 1 | C45: =IFERROR(IF($D45="","",INDEX(Übungen!$B$4:$B$23,MATCH($D45,Übungen!$A$4:$A$23,0))),"") -> Beine vorne | D45: Split Squat | E45: A | F45: 90 | G45: 7 | I45: =IF(AND(ISNUMBER($F45),ISNUMBER($G45),$E45<>"R"),$F45*$G45,"") -> 630 | J45: =IF(AND($E45="A",ISNUMBER($F45),ISNUMBER($G45)),$F45*(1+$G45/30),"") -> 111
A46: =IFERROR(IF($B46="","",IF(INDEX(Einheiten!$B$4:$B$63,MATCH($B46,Einheiten!$A$4:$A$63,0))=0,"",INDEX(Einheiten!$B$4:$B$63,MATCH($B46,Einheiten!$A$4:$A$63,0)))),"") | B46: 1 | C46: =IFERROR(IF($D46="","",INDEX(Übungen!$B$4:$B$23,MATCH($D46,Übungen!$A$4:$A$23,0))),"") -> Beine vorne | D46: Split Squat | E46: A | F46: 100 | G46: 5 | I46: =IF(AND(ISNUMBER($F46),ISNUMBER($G46),$E46<>"R"),$F46*$G46,"") -> 500 | J46: =IF(AND($E46="A",ISNUMBER($F46),ISNUMBER($G46)),$F46*(1+$G46/30),"") -> 116.66667
A47: =IFERROR(IF($B47="","",IF(INDEX(Einheiten!$B$4:$B$63,MATCH($B47,Einheiten!$A$4:$A$63,0))=0,"",INDEX(Einheiten!$B$4:$B$63,MATCH($B47,Einheiten!$A$4:$A$63,0)))),"") | B47: 2 | C47: =IFERROR(IF($D47="","",INDEX(Übungen!$B$4:$B$23,MATCH($D47,Übungen!$A$4:$A$23,0))),"") -> Beine vorne | D47: Split Squat | E47: W | F47: 30 | G47: 5 | I47: =IF(AND(ISNUMBER($F47),ISNUMBER($G47),$E47<>"R"),$F47*$G47,"") -> 150 | J47: =IF(AND($E47="A",ISNUMBER($F47),ISNUMBER($G47)),$F47*(1+$G47/30),"")
A48: =IFERROR(IF($B48="","",IF(INDEX(Einheiten!$B$4:$B$63,MATCH($B48,Einheiten!$A$4:$A$63,0))=0,"",INDEX(Einheiten!$B$4:$B$63,MATCH($B48,Einheiten!$A$4:$A$63,0)))),"") | B48: 2 | C48: =IFERROR(IF($D48="","",INDEX(Übungen!$B$4:$B$23,MATCH($D48,Übungen!$A$4:$A$23,0))),"") -> Beine vorne | D48: Split Squat | E48: W | F48: 50 | G48: 3 | I48: =IF(AND(ISNUMBER($F48),ISNUMBER($G48),$E48<>"R"),$F48*$G48,"") -> 150 | J48: =IF(AND($E48="A",ISNUMBER($F48),ISNUMBER($G48)),$F48*(1+$G48/30),"")
A49: =IFERROR(IF($B49="","",IF(INDEX(Einheiten!$B$4:$B$63,MATCH($B49,Einheiten!$A$4:$A$63,0))=0,"",INDEX(Einheiten!$B$4:$B$63,MATCH($B49,Einheiten!$A$4:$A$63,0)))),"") | B49: 2 | C49: =IFERROR(IF($D49="","",INDEX(Übungen!$B$4:$B$23,MATCH($D49,Übungen!$A$4:$A$23,0))),"") -> Beine vorne | D49: Split Squat | E49: A | F49: 85 | G49: 8 | I49: =IF(AND(ISNUMBER($F49),ISNUMBER($G49),$E49<>"R"),$F49*$G49,"") -> 680 | J49: =IF(AND($E49="A",ISNUMBER($F49),ISNUMBER($G49)),$F49*(1+$G49/30),"") -> 107.66667
A50: =IFERROR(IF($B50="","",IF(INDEX(Einheiten!$B$4:$B$63,MATCH($B50,Einheiten!$A$4:$A$63,0))=0,"",INDEX(Einheiten!$B$4:$B$63,MATCH($B50,Einheiten!$A$4:$A$63,0)))),"") | B50: 2 | C50: =IFERROR(IF($D50="","",INDEX(Übungen!$B$4:$B$23,MATCH($D50,Übungen!$A$4:$A$23,0))),"") -> Beine vorne | D50: Split Squat | E50: A | F50: 95 | G50: 5 | I50: =IF(AND(ISNUMBER($F50),ISNUMBER($G50),$E50<>"R"),$F50*$G50,"") -> 475 | J50: =IF(AND($E50="A",ISNUMBER($F50),ISNUMBER($G50)),$F50*(1+$G50/30),"") -> 110.83333
A51: =IFERROR(IF($B51="","",IF(INDEX(Einheiten!$B$4:$B$63,MATCH($B51,Einheiten!$A$4:$A$63,0))=0,"",INDEX(Einheiten!$B$4:$B$63,MATCH($B51,Einheiten!$A$4:$A$63,0)))),"") | B51: 2 | C51: =IFERROR(IF($D51="","",INDEX(Übungen!$B$4:$B$23,MATCH($D51,Übungen!$A$4:$A$23,0))),"") -> Beine vorne | D51: Split Squat | E51: A | F51: 105 | G51: 4 | I51: =IF(AND(ISNUMBER($F51),ISNUMBER($G51),$E51<>"R"),$F51*$G51,"") -> 420 | J51: =IF(AND($E51="A",ISNUMBER($F51),ISNUMBER($G51)),$F51*(1+$G51/30),"") -> 119
A52: =IFERROR(IF($B52="","",IF(INDEX(Einheiten!$B$4:$B$63,MATCH($B52,Einheiten!$A$4:$A$63,0))=0,"",INDEX(Einheiten!$B$4:$B$63,MATCH($B52,Einheiten!$A$4:$A$63,0)))),"") | B52: 3 | C52: =IFERROR(IF($D52="","",INDEX(Übungen!$B$4:$B$23,MATCH($D52,Übungen!$A$4:$A$23,0))),"") -> Beine vorne | D52: Split Squat | E52: W | F52: 40 | G52: 5 | I52: =IF(AND(ISNUMBER($F52),ISNUMBER($G52),$E52<>"R"),$F52*$G52,"") -> 200 | J52: =IF(AND($E52="A",ISNUMBER($F52),ISNUMBER($G52)),$F52*(1+$G52/30),"")
A53: =IFERROR(IF($B53="","",IF(INDEX(Einheiten!$B$4:$B$63,MATCH($B53,Einheiten!$A$4:$A$63,0))=0,"",INDEX(Einheiten!$B$4:$B$63,MATCH($B53,Einheiten!$A$4:$A$63,0)))),"") | B53: 3 | C53: =IFERROR(IF($D53="","",INDEX(Übungen!$B$4:$B$23,MATCH($D53,Übungen!$A$4:$A$23,0))),"") -> Beine vorne | D53: Split Squat | E53: W | F53: 60 | G53: 3 | I53: =IF(AND(ISNUMBER($F53),ISNUMBER($G53),$E53<>"R"),$F53*$G53,"") -> 180 | J53: =IF(AND($E53="A",ISNUMBER($F53),ISNUMBER($G53)),$F53*(1+$G53/30),"")
... A61: =IFERROR(IF($B61="","",IF(INDEX(Einheiten!$B$4:$B$63,MATCH($B61,Einheiten!$A$4:$A$63,0))=0,"",INDEX(Einheiten!$B$4:$B$63,MATCH($B61,Einheiten!$A$4:$A$63,0)))),"") | B61: 4 | C61: =IFERROR(IF($D61="","",INDEX(Übungen!$B$4:$B$23,MATCH($D61,Übungen!$A$4:$A$23,0))),"") -> Beine vorne | D61: Split Squat | E61: A | F61: 50 | G61: 8 | I61: =IF(AND(ISNUMBER($F61),ISNUMBER($G61),$E61<>"R"),$F61*$G61,"") -> 400 | J61: =IF(AND($E61="A",ISNUMBER($F61),ISNUMBER($G61)),$F61*(1+$G61/30),"") -> 63.333333
A62: =IFERROR(IF($B62="","",IF(INDEX(Einheiten!$B$4:$B$63,MATCH($B62,Einheiten!$A$4:$A$63,0))=0,"",INDEX(Einheiten!$B$4:$B$63,MATCH($B62,Einheiten!$A$4:$A$63,0)))),"") | B62: 1 | C62: =IFERROR(IF($D62="","",INDEX(Übungen!$B$4:$B$23,MATCH($D62,Übungen!$A$4:$A$23,0))),"") -> Beine vorne | D62: Lunges | E62: A | F62: 10 | I62: =IF(AND(ISNUMBER($F62),ISNUMBER($G62),$E62<>"R"),$F62*$G62,"") | J62: =IF(AND($E62="A",ISNUMBER($F62),ISNUMBER($G62)),$F62*(1+$G62/30),"") | L62: Wdh fehlt im Original
A63: =IFERROR(IF($B63="","",IF(INDEX(Einheiten!$B$4:$B$63,MATCH($B63,Einheiten!$A$4:$A$63,0))=0,"",INDEX(Einheiten!$B$4:$B$63,MATCH($B63,Einheiten!$A$4:$A$63,0)))),"") | B63: 2 | C63: =IFERROR(IF($D63="","",INDEX(Übungen!$B$4:$B$23,MATCH($D63,Übungen!$A$4:$A$23,0))),"") -> Beine vorne | D63: Lunges | E63: A | F63: 16 | I63: =IF(AND(ISNUMBER($F63),ISNUMBER($G63),$E63<>"R"),$F63*$G63,"") | J63: =IF(AND($E63="A",ISNUMBER($F63),ISNUMBER($G63)),$F63*(1+$G63/30),"") | L63: Wdh fehlt im Original
A64: =IFERROR(IF($B64="","",IF(INDEX(Einheiten!$B$4:$B$63,MATCH($B64,Einheiten!$A$4:$A$63,0))=0,"",INDEX(Einheiten!$B$4:$B$63,MATCH($B64,Einheiten!$A$4:$A$63,0)))),"") | B64: 3 | C64: =IFERROR(IF($D64="","",INDEX(Übungen!$B$4:$B$23,MATCH($D64,Übungen!$A$4:$A$23,0))),"") -> Beine vorne | D64: Lunges | E64: A | F64: 18 | I64: =IF(AND(ISNUMBER($F64),ISNUMBER($G64),$E64<>"R"),$F64*$G64,"") | J64: =IF(AND($E64="A",ISNUMBER($F64),ISNUMBER($G64)),$F64*(1+$G64/30),"") | L64: Wdh fehlt im Original
A65: =IFERROR(IF($B65="","",IF(INDEX(Einheiten!$B$4:$B$63,MATCH($B65,Einheiten!$A$4:$A$63,0))=0,"",INDEX(Einheiten!$B$4:$B$63,MATCH($B65,Einheiten!$A$4:$A$63,0)))),"") | B65: 1 | C65: =IFERROR(IF($D65="","",INDEX(Übungen!$B$4:$B$23,MATCH($D65,Übungen!$A$4:$A$23,0))),"") -> Beine hinten | D65: Kickback | E65: W | F65: 35 | I65: =IF(AND(ISNUMBER($F65),ISNUMBER($G65),$E65<>"R"),$F65*$G65,"") | J65: =IF(AND($E65="A",ISNUMBER($F65),ISNUMBER($G65)),$F65*(1+$G65/30),"") | L65: Wdh fehlt im Original
A66: =IFERROR(IF($B66="","",IF(INDEX(Einheiten!$B$4:$B$63,MATCH($B66,Einheiten!$A$4:$A$63,0))=0,"",INDEX(Einheiten!$B$4:$B$63,MATCH($B66,Einheiten!$A$4:$A$63,0)))),"") | B66: 1 | C66: =IFERROR(IF($D66="","",INDEX(Übungen!$B$4:$B$23,MATCH($D66,Übungen!$A$4:$A$23,0))),"") -> Beine hinten | D66: Kickback | E66: W | F66: 49 | I66: =IF(AND(ISNUMBER($F66),ISNUMBER($G66),$E66<>"R"),$F66*$G66,"") | J66: =IF(AND($E66="A",ISNUMBER($F66),ISNUMBER($G66)),$F66*(1+$G66/30),"") | L66: Wdh fehlt im Original
A67: =IFERROR(IF($B67="","",IF(INDEX(Einheiten!$B$4:$B$63,MATCH($B67,Einheiten!$A$4:$A$63,0))=0,"",INDEX(Einheiten!$B$4:$B$63,MATCH($B67,Einheiten!$A$4:$A$63,0)))),"") | B67: 1 | C67: =IFERROR(IF($D67="","",INDEX(Übungen!$B$4:$B$23,MATCH($D67,Übungen!$A$4:$A$23,0))),"") -> Beine hinten | D67: Kickback | E67: A | F67: 70 | G67: 15 | I67: =IF(AND(ISNUMBER($F67),ISNUMBER($G67),$E67<>"R"),$F67*$G67,"") -> 1050 | J67: =IF(AND($E67="A",ISNUMBER($F67),ISNUMBER($G67)),$F67*(1+$G67/30),"") -> 105
A68: =IFERROR(IF($B68="","",IF(INDEX(Einheiten!$B$4:$B$63,MATCH($B68,Einheiten!$A$4:$A$63,0))=0,"",INDEX(Einheiten!$B$4:$B$63,MATCH($B68,Einheiten!$A$4:$A$63,0)))),"") | B68: 1 | C68: =IFERROR(IF($D68="","",INDEX(Übungen!$B$4:$B$23,MATCH($D68,Übungen!$A$4:$A$23,0))),"") -> Beine hinten | D68: Kickback | E68: A | F68: 77 | G68: 12 | I68: =IF(AND(ISNUMBER($F68),ISNUMBER($G68),$E68<>"R"),$F68*$G68,"") -> 924 | J68: =IF(AND($E68="A",ISNUMBER($F68),ISNUMBER($G68)),$F68*(1+$G68/30),"") -> 107.8
A69: =IFERROR(IF($B69="","",IF(INDEX(Einheiten!$B$4:$B$63,MATCH($B69,Einheiten!$A$4:$A$63,0))=0,"",INDEX(Einheiten!$B$4:$B$63,MATCH($B69,Einheiten!$A$4:$A$63,0)))),"") | B69: 2 | C69: =IFERROR(IF($D69="","",INDEX(Übungen!$B$4:$B$23,MATCH($D69,Übungen!$A$4:$A$23,0))),"") -> Beine hinten | D69: Kickback | E69: W | F69: 30 | I69: =IF(AND(ISNUMBER($F69),ISNUMBER($G69),$E69<>"R"),$F69*$G69,"") | J69: =IF(AND($E69="A",ISNUMBER($F69),ISNUMBER($G69)),$F69*(1+$G69/30),"") | L69: Wdh fehlt im Original
A70: =IFERROR(IF($B70="","",IF(INDEX(Einheiten!$B$4:$B$63,MATCH($B70,Einheiten!$A$4:$A$63,0))=0,"",INDEX(Einheiten!$B$4:$B$63,MATCH($B70,Einheiten!$A$4:$A$63,0)))),"") | B70: 2 | C70: =IFERROR(IF($D70="","",INDEX(Übungen!$B$4:$B$23,MATCH($D70,Übungen!$A$4:$A$23,0))),"") -> Beine hinten | D70: Kickback | E70: W | F70: 42 | I70: =IF(AND(ISNUMBER($F70),ISNUMBER($G70),$E70<>"R"),$F70*$G70,"") | J70: =IF(AND($E70="A",ISNUMBER($F70),ISNUMBER($G70)),$F70*(1+$G70/30),"") | L70: Wdh fehlt im Original
A71: =IFERROR(IF($B71="","",IF(INDEX(Einheiten!$B$4:$B$63,MATCH($B71,Einheiten!$A$4:$A$63,0))=0,"",INDEX(Einheiten!$B$4:$B$63,MATCH($B71,Einheiten!$A$4:$A$63,0)))),"") | B71: 2 | C71: =IFERROR(IF($D71="","",INDEX(Übungen!$B$4:$B$23,MATCH($D71,Übungen!$A$4:$A$23,0))),"") -> Beine hinten | D71: Kickback | E71: A | F71: 77 | G71: 10 | I71: =IF(AND(ISNUMBER($F71),ISNUMBER($G71),$E71<>"R"),$F71*$G71,"") -> 770 | J71: =IF(AND($E71="A",ISNUMBER($F71),ISNUMBER($G71)),$F71*(1+$G71/30),"") -> 102.66667
A72: =IFERROR(IF($B72="","",IF(INDEX(Einheiten!$B$4:$B$63,MATCH($B72,Einheiten!$A$4:$A$63,0))=0,"",INDEX(Einheiten!$B$4:$B$63,MATCH($B72,Einheiten!$A$4:$A$63,0)))),"") | B72: 2 | C72: =IFERROR(IF($D72="","",INDEX(Übungen!$B$4:$B$23,MATCH($D72,Übungen!$A$4:$A$23,0))),"") -> Beine hinten | D72: Kickback | E72: A | F72: 84 | G72: 6 | I72: =IF(AND(ISNUMBER($F72),ISNUMBER($G72),$E72<>"R"),$F72*$G72,"") -> 504 | J72: =IF(AND($E72="A",ISNUMBER($F72),ISNUMBER($G72)),$F72*(1+$G72/30),"") -> 100.8
A73: =IFERROR(IF($B73="","",IF(INDEX(Einheiten!$B$4:$B$63,MATCH($B73,Einheiten!$A$4:$A$63,0))=0,"",INDEX(Einheiten!$B$4:$B$63,MATCH($B73,Einheiten!$A$4:$A$63,0)))),"") | B73: 3 | C73: =IFERROR(IF($D73="","",INDEX(Übungen!$B$4:$B$23,MATCH($D73,Übungen!$A$4:$A$23,0))),"") -> Beine hinten | D73: Kickback | E73: W | F73: 20 | I73: =IF(AND(ISNUMBER($F73),ISNUMBER($G73),$E73<>"R"),$F73*$G73,"") | J73: =IF(AND($E73="A",ISNUMBER($F73),ISNUMBER($G73)),$F73*(1+$G73/30),"") | L73: Wdh fehlt im Original
A74: =IFERROR(IF($B74="","",IF(INDEX(Einheiten!$B$4:$B$63,MATCH($B74,Einheiten!$A$4:$A$63,0))=0,"",INDEX(Einheiten!$B$4:$B$63,MATCH($B74,Einheiten!$A$4:$A$63,0)))),"") | B74: 3 | C74: =IFERROR(IF($D74="","",INDEX(Übungen!$B$4:$B$23,MATCH($D74,Übungen!$A$4:$A$23,0))),"") -> Beine hinten | D74: Kickback | E74: W | F74: 30 | I74: =IF(AND(ISNUMBER($F74),ISNUMBER($G74),$E74<>"R"),$F74*$G74,"") | J74: =IF(AND($E74="A",ISNUMBER($F74),ISNUMBER($G74)),$F74*(1+$G74/30),"") | L74: Wdh fehlt im Original
A75: =IFERROR(IF($B75="","",IF(INDEX(Einheiten!$B$4:$B$63,MATCH($B75,Einheiten!$A$4:$A$63,0))=0,"",INDEX(Einheiten!$B$4:$B$63,MATCH($B75,Einheiten!$A$4:$A$63,0)))),"") | B75: 3 | C75: =IFERROR(IF($D75="","",INDEX(Übungen!$B$4:$B$23,MATCH($D75,Übungen!$A$4:$A$23,0))),"") -> Beine hinten | D75: Kickback | E75: A | F75: 77 | G75: 14 | I75: =IF(AND(ISNUMBER($F75),ISNUMBER($G75),$E75<>"R"),$F75*$G75,"") -> 1078 | J75: =IF(AND($E75="A",ISNUMBER($F75),ISNUMBER($G75)),$F75*(1+$G75/30),"") -> 112.93333
A76: =IFERROR(IF($B76="","",IF(INDEX(Einheiten!$B$4:$B$63,MATCH($B76,Einheiten!$A$4:$A$63,0))=0,"",INDEX(Einheiten!$B$4:$B$63,MATCH($B76,Einheiten!$A$4:$A$63,0)))),"") | B76: 3 | C76: =IFERROR(IF($D76="","",INDEX(Übungen!$B$4:$B$23,MATCH($D76,Übungen!$A$4:$A$23,0))),"") -> Beine hinten | D76: Kickback | E76: A | F76: 84 | G76: 12 | I76: =IF(AND(ISNUMBER($F76),ISNUMBER($G76),$E76<>"R"),$F76*$G76,"") -> 1008 | J76: =IF(AND($E76="A",ISNUMBER($F76),ISNUMBER($G76)),$F76*(1+$G76/30),"") -> 117.6
A77: =IFERROR(IF($B77="","",IF(INDEX(Einheiten!$B$4:$B$63,MATCH($B77,Einheiten!$A$4:$A$63,0))=0,"",INDEX(Einheiten!$B$4:$B$63,MATCH($B77,Einheiten!$A$4:$A$63,0)))),"") | B77: 4 | C77: =IFERROR(IF($D77="","",INDEX(Übungen!$B$4:$B$23,MATCH($D77,Übungen!$A$4:$A$23,0))),"") -> Beine hinten | D77: Kickback | E77: W | F77: 25 | I77: =IF(AND(ISNUMBER($F77),ISNUMBER($G77),$E77<>"R"),$F77*$G77,"") | J77: =IF(AND($E77="A",ISNUMBER($F77),ISNUMBER($G77)),$F77*(1+$G77/30),"") | L77: Wdh fehlt im Original
A78: =IFERROR(IF($B78="","",IF(INDEX(Einheiten!$B$4:$B$63,MATCH($B78,Einheiten!$A$4:$A$63,0))=0,"",INDEX(Einheiten!$B$4:$B$63,MATCH($B78,Einheiten!$A$4:$A$63,0)))),"") | B78: 4 | C78: =IFERROR(IF($D78="","",INDEX(Übungen!$B$4:$B$23,MATCH($D78,Übungen!$A$4:$A$23,0))),"") -> Beine hinten | D78: Kickback | E78: W | F78: 35 | I78: =IF(AND(ISNUMBER($F78),ISNUMBER($G78),$E78<>"R"),$F78*$G78,"") | J78: =IF(AND($E78="A",ISNUMBER($F78),ISNUMBER($G78)),$F78*(1+$G78/30),"") | L78: Wdh fehlt im Original
A79: =IFERROR(IF($B79="","",IF(INDEX(Einheiten!$B$4:$B$63,MATCH($B79,Einheiten!$A$4:$A$63,0))=0,"",INDEX(Einheiten!$B$4:$B$63,MATCH($B79,Einheiten!$A$4:$A$63,0)))),"") | B79: 4 | C79: =IFERROR(IF($D79="","",INDEX(Übungen!$B$4:$B$23,MATCH($D79,Übungen!$A$4:$A$23,0))),"") -> Beine hinten | D79: Kickback | E79: A | F79: 63 | G79: 15 | I79: =IF(AND(ISNUMBER($F79),ISNUMBER($G79),$E79<>"R"),$F79*$G79,"") -> 945 | J79: =IF(AND($E79="A",ISNUMBER($F79),ISNUMBER($G79)),$F79*(1+$G79/30),"") -> 94.5
A80: =IFERROR(IF($B80="","",IF(INDEX(Einheiten!$B$4:$B$63,MATCH($B80,Einheiten!$A$4:$A$63,0))=0,"",INDEX(Einheiten!$B$4:$B$63,MATCH($B80,Einheiten!$A$4:$A$63,0)))),"") | B80: 4 | C80: =IFERROR(IF($D80="","",INDEX(Übungen!$B$4:$B$23,MATCH($D80,Übungen!$A$4:$A$23,0))),"") -> Beine hinten | D80: Kickback | E80: A | F80: 56 | G80: 15 | I80: =IF(AND(ISNUMBER($F80),ISNUMBER($G80),$E80<>"R"),$F80*$G80,"") -> 840 | J80: =IF(AND($E80="A",ISNUMBER($F80),ISNUMBER($G80)),$F80*(1+$G80/30),"") -> 84
A81: =IFERROR(IF($B81="","",IF(INDEX(Einheiten!$B$4:$B$63,MATCH($B81,Einheiten!$A$4:$A$63,0))=0,"",INDEX(Einheiten!$B$4:$B$63,MATCH($B81,Einheiten!$A$4:$A$63,0)))),"") | B81: 1 | C81: =IFERROR(IF($D81="","",INDEX(Übungen!$B$4:$B$23,MATCH($D81,Übungen!$A$4:$A$23,0))),"") -> Beine hinten | D81: Seitliche Kickbacks | E81: W | F81: 15 | G81: 8 | I81: =IF(AND(ISNUMBER($F81),ISNUMBER($G81),$E81<>"R"),$F81*$G81,"") -> 120 | J81: =IF(AND($E81="A",ISNUMBER($F81),ISNUMBER($G81)),$F81*(1+$G81/30),"")
A82: =IFERROR(IF($B82="","",IF(INDEX(Einheiten!$B$4:$B$63,MATCH($B82,Einheiten!$A$4:$A$63,0))=0,"",INDEX(Einheiten!$B$4:$B$63,MATCH($B82,Einheiten!$A$4:$A$63,0)))),"") | B82: 1 | C82: =IFERROR(IF($D82="","",INDEX(Übungen!$B$4:$B$23,MATCH($D82,Übungen!$A$4:$A$23,0))),"") -> Beine hinten | D82: Seitliche Kickbacks | E82: A | F82: 49 | G82: 12 | I82: =IF(AND(ISNUMBER($F82),ISNUMBER($G82),$E82<>"R"),$F82*$G82,"") -> 588 | J82: =IF(AND($E82="A",ISNUMBER($F82),ISNUMBER($G82)),$F82*(1+$G82/30),"") -> 68.6
A83: =IFERROR(IF($B83="","",IF(INDEX(Einheiten!$B$4:$B$63,MATCH($B83,Einheiten!$A$4:$A$63,0))=0,"",INDEX(Einheiten!$B$4:$B$63,MATCH($B83,Einheiten!$A$4:$A$63,0)))),"") | B83: 1 | C83: =IFERROR(IF($D83="","",INDEX(Übungen!$B$4:$B$23,MATCH($D83,Übungen!$A$4:$A$23,0))),"") -> Beine hinten | D83: Seitliche Kickbacks | E83: A | F83: 35 | G83: 14 | I83: =IF(AND(ISNUMBER($F83),ISNUMBER($G83),$E83<>"R"),$F83*$G83,"") -> 490 | J83: =IF(AND($E83="A",ISNUMBER($F83),ISNUMBER($G83)),$F83*(1+$G83/30),"") -> 51.333333
A84: =IFERROR(IF($B84="","",IF(INDEX(Einheiten!$B$4:$B$63,MATCH($B84,Einheiten!$A$4:$A$63,0))=0,"",INDEX(Einheiten!$B$4:$B$63,MATCH($B84,Einheiten!$A$4:$A$63,0)))),"") | B84: 2 | C84: =IFERROR(IF($D84="","",INDEX(Übungen!$B$4:$B$23,MATCH($D84,Übungen!$A$4:$A$23,0))),"") -> Beine hinten | D84: Seitliche Kickbacks | E84: W | F84: 25 | G84: 5 | I84: =IF(AND(ISNUMBER($F84),ISNUMBER($G84),$E84<>"R"),$F84*$G84,"") -> 125 | J84: =IF(AND($E84="A",ISNUMBER($F84),ISNUMBER($G84)),$F84*(1+$G84/30),"")
A85: =IFERROR(IF($B85="","",IF(INDEX(Einheiten!$B$4:$B$63,MATCH($B85,Einheiten!$A$4:$A$63,0))=0,"",INDEX(Einheiten!$B$4:$B$63,MATCH($B85,Einheiten!$A$4:$A$63,0)))),"") | B85: 2 | C85: =IFERROR(IF($D85="","",INDEX(Übungen!$B$4:$B$23,MATCH($D85,Übungen!$A$4:$A$23,0))),"") -> Beine hinten | D85: Seitliche Kickbacks | E85: A | F85: 35 | G85: 15 | I85: =IF(AND(ISNUMBER($F85),ISNUMBER($G85),$E85<>"R"),$F85*$G85,"") -> 525 | J85: =IF(AND($E85="A",ISNUMBER($F85),ISNUMBER($G85)),$F85*(1+$G85/30),"") -> 52.5
A86: =IFERROR(IF($B86="","",IF(INDEX(Einheiten!$B$4:$B$63,MATCH($B86,Einheiten!$A$4:$A$63,0))=0,"",INDEX(Einheiten!$B$4:$B$63,MATCH($B86,Einheiten!$A$4:$A$63,0)))),"") | B86: 2 | C86: =IFERROR(IF($D86="","",INDEX(Übungen!$B$4:$B$23,MATCH($D86,Übungen!$A$4:$A$23,0))),"") -> Beine hinten | D86: Seitliche Kickbacks | E86: A | F86: 30 | G86: 15 | I86: =IF(AND(ISNUMBER($F86),ISNUMBER($G86),$E86<>"R"),$F86*$G86,"") -> 450 | J86: =IF(AND($E86="A",ISNUMBER($F86),ISNUMBER($G86)),$F86*(1+$G86/30),"") -> 45
A87: =IFERROR(IF($B87="","",IF(INDEX(Einheiten!$B$4:$B$63,MATCH($B87,Einheiten!$A$4:$A$63,0))=0,"",INDEX(Einheiten!$B$4:$B$63,MATCH($B87,Einheiten!$A$4:$A$63,0)))),"") | B87: 1 | C87: =IFERROR(IF($D87="","",INDEX(Übungen!$B$4:$B$23,MATCH($D87,Übungen!$A$4:$A$23,0))),"") -> Beine hinten | D87: Beinbeuger | E87: W | F87: 25 | G87: 10 | I87: =IF(AND(ISNUMBER($F87),ISNUMBER($G87),$E87<>"R"),$F87*$G87,"") -> 250 | J87: =IF(AND($E87="A",ISNUMBER($F87),ISNUMBER($G87)),$F87*(1+$G87/30),"")
A88: =IFERROR(IF($B88="","",IF(INDEX(Einheiten!$B$4:$B$63,MATCH($B88,Einheiten!$A$4:$A$63,0))=0,"",INDEX(Einheiten!$B$4:$B$63,MATCH($B88,Einheiten!$A$4:$A$63,0)))),"") | B88: 1 | C88: =IFERROR(IF($D88="","",INDEX(Übungen!$B$4:$B$23,MATCH($D88,Übungen!$A$4:$A$23,0))),"") -> Beine hinten | D88: Beinbeuger | E88: A | F88: 45 | G88: 14 | I88: =IF(AND(ISNUMBER($F88),ISNUMBER($G88),$E88<>"R"),$F88*$G88,"") -> 630 | J88: =IF(AND($E88="A",ISNUMBER($F88),ISNUMBER($G88)),$F88*(1+$G88/30),"") -> 66
A89: =IFERROR(IF($B89="","",IF(INDEX(Einheiten!$B$4:$B$63,MATCH($B89,Einheiten!$A$4:$A$63,0))=0,"",INDEX(Einheiten!$B$4:$B$63,MATCH($B89,Einheiten!$A$4:$A$63,0)))),"") | B89: 1 | C89: =IFERROR(IF($D89="","",INDEX(Übungen!$B$4:$B$23,MATCH($D89,Übungen!$A$4:$A$23,0))),"") -> Beine hinten | D89: Beinbeuger | E89: A | F89: 50 | G89: 10 | I89: =IF(AND(ISNUMBER($F89),ISNUMBER($G89),$E89<>"R"),$F89*$G89,"") -> 500 | J89: =IF(AND($E89="A",ISNUMBER($F89),ISNUMBER($G89)),$F89*(1+$G89/30),"") -> 66.666667
A90: =IFERROR(IF($B90="","",IF(INDEX(Einheiten!$B$4:$B$63,MATCH($B90,Einheiten!$A$4:$A$63,0))=0,"",INDEX(Einheiten!$B$4:$B$63,MATCH($B90,Einheiten!$A$4:$A$63,0)))),"") | B90: 1 | C90: =IFERROR(IF($D90="","",INDEX(Übungen!$B$4:$B$23,MATCH($D90,Übungen!$A$4:$A$23,0))),"") -> Beine hinten | D90: Beinbeuger | E90: R | F90: 30 | G90: 10 | I90: =IF(AND(ISNUMBER($F90),ISNUMBER($G90),$E90<>"R"),$F90*$G90,"") | J90: =IF(AND($E90="A",ISNUMBER($F90),ISNUMBER($G90)),$F90*(1+$G90/30),"") | K90: 30 / 20 / 10
A91: =IFERROR(IF($B91="","",IF(INDEX(Einheiten!$B$4:$B$63,MATCH($B91,Einheiten!$A$4:$A$63,0))=0,"",INDEX(Einheiten!$B$4:$B$63,MATCH($B91,Einheiten!$A$4:$A$63,0)))),"") | B91: 2 | C91: =IFERROR(IF($D91="","",INDEX(Übungen!$B$4:$B$23,MATCH($D91,Übungen!$A$4:$A$23,0))),"") -> Beine hinten | D91: Beinbeuger | E91: W | F91: 30 | G91: 10 | I91: =IF(AND(ISNUMBER($F91),ISNUMBER($G91),$E91<>"R"),$F91*$G91,"") -> 300 | J91: =IF(AND($E91="A",ISNUMBER($F91),ISNUMBER($G91)),$F91*(1+$G91/30),"")
A92: =IFERROR(IF($B92="","",IF(INDEX(Einheiten!$B$4:$B$63,MATCH($B92,Einheiten!$A$4:$A$63,0))=0,"",INDEX(Einheiten!$B$4:$B$63,MATCH($B92,Einheiten!$A$4:$A$63,0)))),"") | B92: 2 | C92: =IFERROR(IF($D92="","",INDEX(Übungen!$B$4:$B$23,MATCH($D92,Übungen!$A$4:$A$23,0))),"") -> Beine hinten | D92: Beinbeuger | E92: A | F92: 50 | G92: 12 | I92: =IF(AND(ISNUMBER($F92),ISNUMBER($G92),$E92<>"R"),$F92*$G92,"") -> 600 | J92: =IF(AND($E92="A",ISNUMBER($F92),ISNUMBER($G92)),$F92*(1+$G92/30),"") -> 70
A93: =IFERROR(IF($B93="","",IF(INDEX(Einheiten!$B$4:$B$63,MATCH($B93,Einheiten!$A$4:$A$63,0))=0,"",INDEX(Einheiten!$B$4:$B$63,MATCH($B93,Einheiten!$A$4:$A$63,0)))),"") | B93: 2 | C93: =IFERROR(IF($D93="","",INDEX(Übungen!$B$4:$B$23,MATCH($D93,Übungen!$A$4:$A$23,0))),"") -> Beine hinten | D93: Beinbeuger | E93: A | F93: 55 | G93: 10 | I93: =IF(AND(ISNUMBER($F93),ISNUMBER($G93),$E93<>"R"),$F93*$G93,"") -> 550 | J93: =IF(AND($E93="A",ISNUMBER($F93),ISNUMBER($G93)),$F93*(1+$G93/30),"") -> 73.333333
A94: =IFERROR(IF($B94="","",IF(INDEX(Einheiten!$B$4:$B$63,MATCH($B94,Einheiten!$A$4:$A$63,0))=0,"",INDEX(Einheiten!$B$4:$B$63,MATCH($B94,Einheiten!$A$4:$A$63,0)))),"") | B94: 2 | C94: =IFERROR(IF($D94="","",INDEX(Übungen!$B$4:$B$23,MATCH($D94,Übungen!$A$4:$A$23,0))),"") -> Beine hinten | D94: Beinbeuger | E94: R | F94: 40 | G94: 8 | I94: =IF(AND(ISNUMBER($F94),ISNUMBER($G94),$E94<>"R"),$F94*$G94,"") | J94: =IF(AND($E94="A",ISNUMBER($F94),ISNUMBER($G94)),$F94*(1+$G94/30),"") | K94: 40 / 35 / 30
A95: =IFERROR(IF($B95="","",IF(INDEX(Einheiten!$B$4:$B$63,MATCH($B95,Einheiten!$A$4:$A$63,0))=0,"",INDEX(Einheiten!$B$4:$B$63,MATCH($B95,Einheiten!$A$4:$A$63,0)))),"") | B95: 3 | C95: =IFERROR(IF($D95="","",INDEX(Übungen!$B$4:$B$23,MATCH($D95,Übungen!$A$4:$A$23,0))),"") -> Beine hinten | D95: Beinbeuger | E95: W | F95: 35 | G95: 6 | I95: =IF(AND(ISNUMBER($F95),ISNUMBER($G95),$E95<>"R"),$F95*$G95,"") -> 210 | J95: =IF(AND($E95="A",ISNUMBER($F95),ISNUMBER($G95)),$F95*(1+$G95/30),"")
A96: =IFERROR(IF($B96="","",IF(INDEX(Einheiten!$B$4:$B$63,MATCH($B96,Einheiten!$A$4:$A$63,0))=0,"",INDEX(Einheiten!$B$4:$B$63,MATCH($B96,Einheiten!$A$4:$A$63,0)))),"") | B96: 3 | C96: =IFERROR(IF($D96="","",INDEX(Übungen!$B$4:$B$23,MATCH($D96,Übungen!$A$4:$A$23,0))),"") -> Beine hinten | D96: Beinbeuger | E96: A | F96: 45 | G96: 15 | I96: =IF(AND(ISNUMBER($F96),ISNUMBER($G96),$E96<>"R"),$F96*$G96,"") -> 675 | J96: =IF(AND($E96="A",ISNUMBER($F96),ISNUMBER($G96)),$F96*(1+$G96/30),"") -> 67.5
A97: =IFERROR(IF($B97="","",IF(INDEX(Einheiten!$B$4:$B$63,MATCH($B97,Einheiten!$A$4:$A$63,0))=0,"",INDEX(Einheiten!$B$4:$B$63,MATCH($B97,Einheiten!$A$4:$A$63,0)))),"") | B97: 3 | C97: =IFERROR(IF($D97="","",INDEX(Übungen!$B$4:$B$23,MATCH($D97,Übungen!$A$4:$A$23,0))),"") -> Beine hinten | D97: Beinbeuger | E97: A | F97: 40 | G97: 15 | I97: =IF(AND(ISNUMBER($F97),ISNUMBER($G97),$E97<>"R"),$F97*$G97,"") -> 600 | J97: =IF(AND($E97="A",ISNUMBER($F97),ISNUMBER($G97)),$F97*(1+$G97/30),"") -> 60
A98: =IFERROR(IF($B98="","",IF(INDEX(Einheiten!$B$4:$B$63,MATCH($B98,Einheiten!$A$4:$A$63,0))=0,"",INDEX(Einheiten!$B$4:$B$63,MATCH($B98,Einheiten!$A$4:$A$63,0)))),"") | B98: 3 | C98: =IFERROR(IF($D98="","",INDEX(Übungen!$B$4:$B$23,MATCH($D98,Übungen!$A$4:$A$23,0))),"") -> Beine hinten | D98: Beinbeuger | E98: R | F98: 30 | G98: 6 | I98: =IF(AND(ISNUMBER($F98),ISNUMBER($G98),$E98<>"R"),$F98*$G98,"") | J98: =IF(AND($E98="A",ISNUMBER($F98),ISNUMBER($G98)),$F98*(1+$G98/30),"") | K98: 30 / 25 / 20
A99: =IFERROR(IF($B99="","",IF(INDEX(Einheiten!$B$4:$B$63,MATCH($B99,Einheiten!$A$4:$A$63,0))=0,"",INDEX(Einheiten!$B$4:$B$63,MATCH($B99,Einheiten!$A$4:$A$63,0)))),"") | B99: 1 | C99: =IFERROR(IF($D99="","",INDEX(Übungen!$B$4:$B$23,MATCH($D99,Übungen!$A$4:$A$23,0))),"") -> Beine hinten | D99: Hip Thrust | E99: W | F99: 170 | G99: 10 | I99: =IF(AND(ISNUMBER($F99),ISNUMBER($G99),$E99<>"R"),$F99*$G99,"") -> 1700 | J99: =IF(AND($E99="A",ISNUMBER($F99),ISNUMBER($G99)),$F99*(1+$G99/30),"") | L99: Gesamtgewicht inkl. Stange
A100: =IFERROR(IF($B100="","",IF(INDEX(Einheiten!$B$4:$B$63,MATCH($B100,Einheiten!$A$4:$A$63,0))=0,"",INDEX(Einheiten!$B$4:$B$63,MATCH($B100,Einheiten!$A$4:$A$63,0)))),"") | B100: 1 | C100: =IFERROR(IF($D100="","",INDEX(Übungen!$B$4:$B$23,MATCH($D100,Übungen!$A$4:$A$23,0))),"") -> Beine hinten | D100: Hip Thrust | E100: A | F100: 220 | G100: 12 | I100: =IF(AND(ISNUMBER($F100),ISNUMBER($G100),$E100<>"R"),$F100*$G100,"") -> 2640 | J100: =IF(AND($E100="A",ISNUMBER($F100),ISNUMBER($G100)),$F100*(1+$G100/30),"") -> 308
A101: =IFERROR(IF($B101="","",IF(INDEX(Einheiten!$B$4:$B$63,MATCH($B101,Einheiten!$A$4:$A$63,0))=0,"",INDEX(Einheiten!$B$4:$B$63,MATCH($B101,Einheiten!$A$4:$A$63,0)))),"") | B101: 1 | C101: =IFERROR(IF($D101="","",INDEX(Übungen!$B$4:$B$23,MATCH($D101,Übungen!$A$4:$A$23,0))),"") -> Beine hinten | D101: Hip Thrust | E101: A | F101: 240 | G101: 8 | I101: =IF(AND(ISNUMBER($F101),ISNUMBER($G101),$E101<>"R"),$F101*$G101,"") -> 1920 | J101: =IF(AND($E101="A",ISNUMBER($F101),ISNUMBER($G101)),$F101*(1+$G101/30),"") -> 304
A102: =IFERROR(IF($B102="","",IF(INDEX(Einheiten!$B$4:$B$63,MATCH($B102,Einheiten!$A$4:$A$63,0))=0,"",INDEX(Einheiten!$B$4:$B$63,MATCH($B102,Einheiten!$A$4:$A$63,0)))),"") | B102: 1 | C102: =IFERROR(IF($D102="","",INDEX(Übungen!$B$4:$B$23,MATCH($D102,Übungen!$A$4:$A$23,0))),"") -> Beine hinten | D102: Hip Thrust | E102: R | G102: 6 | I102: =IF(AND(ISNUMBER($F102),ISNUMBER($G102),$E102<>"R"),$F102*$G102,"") | J102: =IF(AND($E102="A",ISNUMBER($F102),ISNUMBER($G102)),$F102*(1+$G102/30),"") | K102: -25 kg je Seite | L102: Absolutgewicht im Original nicht notiert
A103: =IFERROR(IF($B103="","",IF(INDEX(Einheiten!$B$4:$B$63,MATCH($B103,Einheiten!$A$4:$A$63,0))=0,"",INDEX(Einheiten!$B$4:$B$63,MATCH($B103,Einheiten!$A$4:$A$63,0)))),"") | B103: 2 | C103: =IFERROR(IF($D103="","",INDEX(Übungen!$B$4:$B$23,MATCH($D103,Übungen!$A$4:$A$23,0))),"") -> Beine hinten | D103: Hip Thrust | E103: W | F103: 180 | G103: 10 | I103: =IF(AND(ISNUMBER($F103),ISNUMBER($G103),$E103<>"R"),$F103*$G103,"") -> 1800 | J103: =IF(AND($E103="A",ISNUMBER($F103),ISNUMBER($G103)),$F103*(1+$G103/30),"")
A104: =IFERROR(IF($B104="","",IF(INDEX(Einheiten!$B$4:$B$63,MATCH($B104,Einheiten!$A$4:$A$63,0))=0,"",INDEX(Einheiten!$B$4:$B$63,MATCH($B104,Einheiten!$A$4:$A$63,0)))),"") | B104: 2 | C104: =IFERROR(IF($D104="","",INDEX(Übungen!$B$4:$B$23,MATCH($D104,Übungen!$A$4:$A$23,0))),"") -> Beine hinten | D104: Hip Thrust | E104: A | F104: 240 | G104: 10 | I104: =IF(AND(ISNUMBER($F104),ISNUMBER($G104),$E104<>"R"),$F104*$G104,"") -> 2400 | J104: =IF(AND($E104="A",ISNUMBER($F104),ISNUMBER($G104)),$F104*(1+$G104/30),"") -> 320
A105: =IFERROR(IF($B105="","",IF(INDEX(Einheiten!$B$4:$B$63,MATCH($B105,Einheiten!$A$4:$A$63,0))=0,"",INDEX(Einheiten!$B$4:$B$63,MATCH($B105,Einheiten!$A$4:$A$63,0)))),"") | B105: 2 | C105: =IFERROR(IF($D105="","",INDEX(Übungen!$B$4:$B$23,MATCH($D105,Übungen!$A$4:$A$23,0))),"") -> Beine hinten | D105: Hip Thrust | E105: A | F105: 280 | G105: 6 | I105: =IF(AND(ISNUMBER($F105),ISNUMBER($G105),$E105<>"R"),$F105*$G105,"") -> 1680 | J105: =IF(AND($E105="A",ISNUMBER($F105),ISNUMBER($G105)),$F105*(1+$G105/30),"") -> 336
A106: =IFERROR(IF($B106="","",IF(INDEX(Einheiten!$B$4:$B$63,MATCH($B106,Einheiten!$A$4:$A$63,0))=0,"",INDEX(Einheiten!$B$4:$B$63,MATCH($B106,Einheiten!$A$4:$A$63,0)))),"") | B106: 2 | C106: =IFERROR(IF($D106="","",INDEX(Übungen!$B$4:$B$23,MATCH($D106,Übungen!$A$4:$A$23,0))),"") -> Beine hinten | D106: Hip Thrust | E106: R | G106: 6 | I106: =IF(AND(ISNUMBER($F106),ISNUMBER($G106),$E106<>"R"),$F106*$G106,"") | J106: =IF(AND($E106="A",ISNUMBER($F106),ISNUMBER($G106)),$F106*(1+$G106/30),"") | K106: -25 kg je Seite | L106: Absolutgewicht im Original nicht notiert
A107: =IFERROR(IF($B107="","",IF(INDEX(Einheiten!$B$4:$B$63,MATCH($B107,Einheiten!$A$4:$A$63,0))=0,"",INDEX(Einheiten!$B$4:$B$63,MATCH($B107,Einheiten!$A$4:$A$63,0)))),"") | B107: 3 | C107: =IFERROR(IF($D107="","",INDEX(Übungen!$B$4:$B$23,MATCH($D107,Übungen!$A$4:$A$23,0))),"") -> Beine hinten | D107: Hip Thrust | E107: W | F107: 120 | G107: 5 | I107: =IF(AND(ISNUMBER($F107),ISNUMBER($G107),$E107<>"R"),$F107*$G107,"") -> 600 | J107: =IF(AND($E107="A",ISNUMBER($F107),ISNUMBER($G107)),$F107*(1+$G107/30),"")
...

Sheet Auswertung
A1: AUSWERTUNG | JE ÜBUNG UND EINHEIT
A2: Nur Arbeitssätze (A). Leere Zelle = Übung in dieser Einheit nicht trainiert. Drei Tabellen, je eine Druckseite.
A3: Ab Einheit | B3: 1 | C3: ="zeigt Einheit "&$B$3&" bis "&($B$3+15)&". Zahl links ändern, um weiter zu blättern - die Spalte ganz rechts rechnet immer über alle Einheiten." -> zeigt Einheit 1 bis 16. Zahl links ändern, um weiter zu blättern - die Spalte ganz rechts rechnet immer über alle Einheiten.
A4: 1 Arbeitsvolumen (kg) · Gewicht × Wdh, nur Arbeitssätze
A5: Übung | B5: =$B$3 -> 1 | C5: =B5+1 -> 2 | D5: =C5+1 -> 3 | E5: =D5+1 -> 4 | F5: =E5+1 -> 5 | G5: =F5+1 -> 6 | H5: =G5+1 -> 7 | I5: =H5+1 -> 8 | J5: =I5+1 -> 9 | ... Q5: =P5+1 -> 16 | R5: Gesamt
A6: =IF(Übungen!$A4="","",Übungen!$A4) -> Beinpresse eng | B6: =IF($A6="","",IF(SUMIFS(Log!$I$4:$I$1203,Log!$D$4:$D$1203,$A6,Log!$B$4:$B$1203,B$5,Log!$E$4:$E$1203,"A")=0,"",SUMIFS(Log!$I$4:$I$1203,Log!$D$4:$D$1203,$A6,Log!$B$4:$B$1203,B$5,Log!$E$4:$E$1203,"A"))) | C6: =IF($A6="","",IF(SUMIFS(Log!$I$4:$I$1203,Log!$D$4:$D$1203,$A6,Log!$B$4:$B$1203,C$5,Log!$E$4:$E$1203,"A")=0,"",SUMIFS(Log!$I$4:$I$1203,Log!$D$4:$D$1203,$A6,Log!$B$4:$B$1203,C$5,Log!$E$4:$E$1203,"A"))) | D6: =IF($A6="","",IF(SUMIFS(Log!$I$4:$I$1203,Log!$D$4:$D$1203,$A6,Log!$B$4:$B$1203,D$5,Log!$E$4:$E$1203,"A")=0,"",SUMIFS(Log!$I$4:$I$1203,Log!$D$4:$D$1203,$A6,Log!$B$4:$B$1203,D$5,Log!$E$4:$E$1203,"A"))) | E6: =IF($A6="","",IF(SUMIFS(Log!$I$4:$I$1203,Log!$D$4:$D$1203,$A6,Log!$B$4:$B$1203,E$5,Log!$E$4:$E$1203,"A")=0,"",SUMIFS(Log!$I$4:$I$1203,Log!$D$4:$D$1203,$A6,Log!$B$4:$B$1203,E$5,Log!$E$4:$E$1203,"A"))) | F6: =IF($A6="","",IF(SUMIFS(Log!$I$4:$I$1203,Log!$D$4:$D$1203,$A6,Log!$B$4:$B$1203,F$5,Log!$E$4:$E$1203,"A")=0,"",SUMIFS(Log!$I$4:$I$1203,Log!$D$4:$D$1203,$A6,Log!$B$4:$B$1203,F$5,Log!$E$4:$E$1203,"A"))) -> 5766 | G6: =IF($A6="","",IF(SUMIFS(Log!$I$4:$I$1203,Log!$D$4:$D$1203,$A6,Log!$B$4:$B$1203,G$5,Log!$E$4:$E$1203,"A")=0,"",SUMIFS(Log!$I$4:$I$1203,Log!$D$4:$D$1203,$A6,Log!$B$4:$B$1203,G$5,Log!$E$4:$E$1203,"A"))) -> 7358 | H6: =IF($A6="","",IF(SUMIFS(Log!$I$4:$I$1203,Log!$D$4:$D$1203,$A6,Log!$B$4:$B$1203,H$5,Log!$E$4:$E$1203,"A")=0,"",SUMIFS(Log!$I$4:$I$1203,Log!$D$4:$D$1203,$A6,Log!$B$4:$B$1203,H$5,Log!$E$4:$E$1203,"A"))) | I6: =IF($A6="","",IF(SUMIFS(Log!$I$4:$I$1203,Log!$D$4:$D$1203,$A6,Log!$B$4:$B$1203,I$5,Log!$E$4:$E$1203,"A")=0,"",SUMIFS(Log!$I$4:$I$1203,Log!$D$4:$D$1203,$A6,Log!$B$4:$B$1203,I$5,Log!$E$4:$E$1203,"A"))) -> 7752 | ... Q6: =IF($A6="","",IF(SUMIFS(Log!$I$4:$I$1203,Log!$D$4:$D$1203,$A6,Log!$B$4:$B$1203,Q$5,Log!$E$4:$E$1203,"A")=0,"",SUMIFS(Log!$I$4:$I$1203,Log!$D$4:$D$1203,$A6,Log!$B$4:$B$1203,Q$5,Log!$E$4:$E$1203,"A"))) -> 4100 | R6: =IF($A6="","",IF(SUMIFS(Log!$I$4:$I$1203,Log!$D$4:$D$1203,$A6,Log!$E$4:$E$1203,"A")=0,"",SUMIFS(Log!$I$4:$I$1203,Log!$D$4:$D$1203,$A6,Log!$E$4:$E$1203,"A"))) -> 45176
A7: =IF(Übungen!$A5="","",Übungen!$A5) -> Split Squat | B7: =IF($A7="","",IF(SUMIFS(Log!$I$4:$I$1203,Log!$D$4:$D$1203,$A7,Log!$B$4:$B$1203,B$5,Log!$E$4:$E$1203,"A")=0,"",SUMIFS(Log!$I$4:$I$1203,Log!$D$4:$D$1203,$A7,Log!$B$4:$B$1203,B$5,Log!$E$4:$E$1203,"A"))) -> 1610 | C7: =IF($A7="","",IF(SUMIFS(Log!$I$4:$I$1203,Log!$D$4:$D$1203,$A7,Log!$B$4:$B$1203,C$5,Log!$E$4:$E$1203,"A")=0,"",SUMIFS(Log!$I$4:$I$1203,Log!$D$4:$D$1203,$A7,Log!$B$4:$B$1203,C$5,Log!$E$4:$E$1203,"A"))) -> 1575 | D7: =IF($A7="","",IF(SUMIFS(Log!$I$4:$I$1203,Log!$D$4:$D$1203,$A7,Log!$B$4:$B$1203,D$5,Log!$E$4:$E$1203,"A")=0,"",SUMIFS(Log!$I$4:$I$1203,Log!$D$4:$D$1203,$A7,Log!$B$4:$B$1203,D$5,Log!$E$4:$E$1203,"A"))) -> 2275 | E7: =IF($A7="","",IF(SUMIFS(Log!$I$4:$I$1203,Log!$D$4:$D$1203,$A7,Log!$B$4:$B$1203,E$5,Log!$E$4:$E$1203,"A")=0,"",SUMIFS(Log!$I$4:$I$1203,Log!$D$4:$D$1203,$A7,Log!$B$4:$B$1203,E$5,Log!$E$4:$E$1203,"A"))) -> 1640 | F7: =IF($A7="","",IF(SUMIFS(Log!$I$4:$I$1203,Log!$D$4:$D$1203,$A7,Log!$B$4:$B$1203,F$5,Log!$E$4:$E$1203,"A")=0,"",SUMIFS(Log!$I$4:$I$1203,Log!$D$4:$D$1203,$A7,Log!$B$4:$B$1203,F$5,Log!$E$4:$E$1203,"A"))) -> 1760 | G7: =IF($A7="","",IF(SUMIFS(Log!$I$4:$I$1203,Log!$D$4:$D$1203,$A7,Log!$B$4:$B$1203,G$5,Log!$E$4:$E$1203,"A")=0,"",SUMIFS(Log!$I$4:$I$1203,Log!$D$4:$D$1203,$A7,Log!$B$4:$B$1203,G$5,Log!$E$4:$E$1203,"A"))) -> 2700 | H7: =IF($A7="","",IF(SUMIFS(Log!$I$4:$I$1203,Log!$D$4:$D$1203,$A7,Log!$B$4:$B$1203,H$5,Log!$E$4:$E$1203,"A")=0,"",SUMIFS(Log!$I$4:$I$1203,Log!$D$4:$D$1203,$A7,Log!$B$4:$B$1203,H$5,Log!$E$4:$E$1203,"A"))) | I7: =IF($A7="","",IF(SUMIFS(Log!$I$4:$I$1203,Log!$D$4:$D$1203,$A7,Log!$B$4:$B$1203,I$5,Log!$E$4:$E$1203,"A")=0,"",SUMIFS(Log!$I$4:$I$1203,Log!$D$4:$D$1203,$A7,Log!$B$4:$B$1203,I$5,Log!$E$4:$E$1203,"A"))) -> 2035 | ... Q7: =IF($A7="","",IF(SUMIFS(Log!$I$4:$I$1203,Log!$D$4:$D$1203,$A7,Log!$B$4:$B$1203,Q$5,Log!$E$4:$E$1203,"A")=0,"",SUMIFS(Log!$I$4:$I$1203,Log!$D$4:$D$1203,$A7,Log!$B$4:$B$1203,Q$5,Log!$E$4:$E$1203,"A"))) -> 1760 | R7: =IF($A7="","",IF(SUMIFS(Log!$I$4:$I$1203,Log!$D$4:$D$1203,$A7,Log!$E$4:$E$1203,"A")=0,"",SUMIFS(Log!$I$4:$I$1203,Log!$D$4:$D$1203,$A7,Log!$E$4:$E$1203,"A"))) -> 20460
A8: =IF(Übungen!$A6="","",Übungen!$A6) -> Beinstrecker | B8: =IF($A8="","",IF(SUMIFS(Log!$I$4:$I$1203,Log!$D$4:$D$1203,$A8,Log!$B$4:$B$1203,B$5,Log!$E$4:$E$1203,"A")=0,"",SUMIFS(Log!$I$4:$I$1203,Log!$D$4:$D$1203,$A8,Log!$B$4:$B$1203,B$5,Log!$E$4:$E$1203,"A"))) -> 1205 | C8: =IF($A8="","",IF(SUMIFS(Log!$I$4:$I$1203,Log!$D$4:$D$1203,$A8,Log!$B$4:$B$1203,C$5,Log!$E$4:$E$1203,"A")=0,"",SUMIFS(Log!$I$4:$I$1203,Log!$D$4:$D$1203,$A8,Log!$B$4:$B$1203,C$5,Log!$E$4:$E$1203,"A"))) -> 1630 | D8: =IF($A8="","",IF(SUMIFS(Log!$I$4:$I$1203,Log!$D$4:$D$1203,$A8,Log!$B$4:$B$1203,D$5,Log!$E$4:$E$1203,"A")=0,"",SUMIFS(Log!$I$4:$I$1203,Log!$D$4:$D$1203,$A8,Log!$B$4:$B$1203,D$5,Log!$E$4:$E$1203,"A"))) -> 1430 | E8: =IF($A8="","",IF(SUMIFS(Log!$I$4:$I$1203,Log!$D$4:$D$1203,$A8,Log!$B$4:$B$1203,E$5,Log!$E$4:$E$1203,"A")=0,"",SUMIFS(Log!$I$4:$I$1203,Log!$D$4:$D$1203,$A8,Log!$B$4:$B$1203,E$5,Log!$E$4:$E$1203,"A"))) -> 1600 | F8: =IF($A8="","",IF(SUMIFS(Log!$I$4:$I$1203,Log!$D$4:$D$1203,$A8,Log!$B$4:$B$1203,F$5,Log!$E$4:$E$1203,"A")=0,"",SUMIFS(Log!$I$4:$I$1203,Log!$D$4:$D$1203,$A8,Log!$B$4:$B$1203,F$5,Log!$E$4:$E$1203,"A"))) -> 1570 | G8: =IF($A8="","",IF(SUMIFS(Log!$I$4:$I$1203,Log!$D$4:$D$1203,$A8,Log!$B$4:$B$1203,G$5,Log!$E$4:$E$1203,"A")=0,"",SUMIFS(Log!$I$4:$I$1203,Log!$D$4:$D$1203,$A8,Log!$B$4:$B$1203,G$5,Log!$E$4:$E$1203,"A"))) -> 1670 | H8: =IF($A8="","",IF(SUMIFS(Log!$I$4:$I$1203,Log!$D$4:$D$1203,$A8,Log!$B$4:$B$1203,H$5,Log!$E$4:$E$1203,"A")=0,"",SUMIFS(Log!$I$4:$I$1203,Log!$D$4:$D$1203,$A8,Log!$B$4:$B$1203,H$5,Log!$E$4:$E$1203,"A"))) | I8: =IF($A8="","",IF(SUMIFS(Log!$I$4:$I$1203,Log!$D$4:$D$1203,$A8,Log!$B$4:$B$1203,I$5,Log!$E$4:$E$1203,"A")=0,"",SUMIFS(Log!$I$4:$I$1203,Log!$D$4:$D$1203,$A8,Log!$B$4:$B$1203,I$5,Log!$E$4:$E$1203,"A"))) -> 1920 | ... Q8: =IF($A8="","",IF(SUMIFS(Log!$I$4:$I$1203,Log!$D$4:$D$1203,$A8,Log!$B$4:$B$1203,Q$5,Log!$E$4:$E$1203,"A")=0,"",SUMIFS(Log!$I$4:$I$1203,Log!$D$4:$D$1203,$A8,Log!$B$4:$B$1203,Q$5,Log!$E$4:$E$1203,"A"))) -> 1395 | R8: =IF($A8="","",IF(SUMIFS(Log!$I$4:$I$1203,Log!$D$4:$D$1203,$A8,Log!$E$4:$E$1203,"A")=0,"",SUMIFS(Log!$I$4:$I$1203,Log!$D$4:$D$1203,$A8,Log!$E$4:$E$1203,"A"))) -> 17570
A9: =IF(Übungen!$A7="","",Übungen!$A7) -> Adduktion | B9: =IF($A9="","",IF(SUMIFS(Log!$I$4:$I$1203,Log!$D$4:$D$1203,$A9,Log!$B$4:$B$1203,B$5,Log!$E$4:$E$1203,"A")=0,"",SUMIFS(Log!$I$4:$I$1203,Log!$D$4:$D$1203,$A9,Log!$B$4:$B$1203,B$5,Log!$E$4:$E$1203,"A"))) -> 4117.5 | C9: =IF($A9="","",IF(SUMIFS(Log!$I$4:$I$1203,Log!$D$4:$D$1203,$A9,Log!$B$4:$B$1203,C$5,Log!$E$4:$E$1203,"A")=0,"",SUMIFS(Log!$I$4:$I$1203,Log!$D$4:$D$1203,$A9,Log!$B$4:$B$1203,C$5,Log!$E$4:$E$1203,"A"))) -> 5490 | D9: =IF($A9="","",IF(SUMIFS(Log!$I$4:$I$1203,Log!$D$4:$D$1203,$A9,Log!$B$4:$B$1203,D$5,Log!$E$4:$E$1203,"A")=0,"",SUMIFS(Log!$I$4:$I$1203,Log!$D$4:$D$1203,$A9,Log!$B$4:$B$1203,D$5,Log!$E$4:$E$1203,"A"))) -> 5337.5 | E9: =IF($A9="","",IF(SUMIFS(Log!$I$4:$I$1203,Log!$D$4:$D$1203,$A9,Log!$B$4:$B$1203,E$5,Log!$E$4:$E$1203,"A")=0,"",SUMIFS(Log!$I$4:$I$1203,Log!$D$4:$D$1203,$A9,Log!$B$4:$B$1203,E$5,Log!$E$4:$E$1203,"A"))) -> 6862.5 | F9: =IF($A9="","",IF(SUMIFS(Log!$I$4:$I$1203,Log!$D$4:$D$1203,$A9,Log!$B$4:$B$1203,F$5,Log!$E$4:$E$1203,"A")=0,"",SUMIFS(Log!$I$4:$I$1203,Log!$D$4:$D$1203,$A9,Log!$B$4:$B$1203,F$5,Log!$E$4:$E$1203,"A"))) -> 2600 | G9: =IF($A9="","",IF(SUMIFS(Log!$I$4:$I$1203,Log!$D$4:$D$1203,$A9,Log!$B$4:$B$1203,G$5,Log!$E$4:$E$1203,"A")=0,"",SUMIFS(Log!$I$4:$I$1203,Log!$D$4:$D$1203,$A9,Log!$B$4:$B$1203,G$5,Log!$E$4:$E$1203,"A"))) -> 2844 | H9: =IF($A9="","",IF(SUMIFS(Log!$I$4:$I$1203,Log!$D$4:$D$1203,$A9,Log!$B$4:$B$1203,H$5,Log!$E$4:$E$1203,"A")=0,"",SUMIFS(Log!$I$4:$I$1203,Log!$D$4:$D$1203,$A9,Log!$B$4:$B$1203,H$5,Log!$E$4:$E$1203,"A"))) | I9: =IF($A9="","",IF(SUMIFS(Log!$I$4:$I$1203,Log!$D$4:$D$1203,$A9,Log!$B$4:$B$1203,I$5,Log!$E$4:$E$1203,"A")=0,"",SUMIFS(Log!$I$4:$I$1203,Log!$D$4:$D$1203,$A9,Log!$B$4:$B$1203,I$5,Log!$E$4:$E$1203,"A"))) -> 3146.5 | ... Q9: =IF($A9="","",IF(SUMIFS(Log!$I$4:$I$1203,Log!$D$4:$D$1203,$A9,Log!$B$4:$B$1203,Q$5,Log!$E$4:$E$1203,"A")=0,"",SUMIFS(Log!$I$4:$I$1203,Log!$D$4:$D$1203,$A9,Log!$B$4:$B$1203,Q$5,Log!$E$4:$E$1203,"A"))) | R9: =IF($A9="","",IF(SUMIFS(Log!$I$4:$I$1203,Log!$D$4:$D$1203,$A9,Log!$E$4:$E$1203,"A")=0,"",SUMIFS(Log!$I$4:$I$1203,Log!$D$4:$D$1203,$A9,Log!$E$4:$E$1203,"A"))) -> 32330
A10: =IF(Übungen!$A8="","",Übungen!$A8) -> Reverse V-Squat | B10: =IF($A10="","",IF(SUMIFS(Log!$I$4:$I$1203,Log!$D$4:$D$1203,$A10,Log!$B$4:$B$1203,B$5,Log!$E$4:$E$1203,"A")=0,"",SUMIFS(Log!$I$4:$I$1203,Log!$D$4:$D$1203,$A10,Log!$B$4:$B$1203,B$5,Log!$E$4:$E$1203,"A"))) | C10: =IF($A10="","",IF(SUMIFS(Log!$I$4:$I$1203,Log!$D$4:$D$1203,$A10,Log!$B$4:$B$1203,C$5,Log!$E$4:$E$1203,"A")=0,"",SUMIFS(Log!$I$4:$I$1203,Log!$D$4:$D$1203,$A10,Log!$B$4:$B$1203,C$5,Log!$E$4:$E$1203,"A"))) | D10: =IF($A10="","",IF(SUMIFS(Log!$I$4:$I$1203,Log!$D$4:$D$1203,$A10,Log!$B$4:$B$1203,D$5,Log!$E$4:$E$1203,"A")=0,"",SUMIFS(Log!$I$4:$I$1203,Log!$D$4:$D$1203,$A10,Log!$B$4:$B$1203,D$5,Log!$E$4:$E$1203,"A"))) | E10: =IF($A10="","",IF(SUMIFS(Log!$I$4:$I$1203,Log!$D$4:$D$1203,$A10,Log!$B$4:$B$1203,E$5,Log!$E$4:$E$1203,"A")=0,"",SUMIFS(Log!$I$4:$I$1203,Log!$D$4:$D$1203,$A10,Log!$B$4:$B$1203,E$5,Log!$E$4:$E$1203,"A"))) | F10: =IF($A10="","",IF(SUMIFS(Log!$I$4:$I$1203,Log!$D$4:$D$1203,$A10,Log!$B$4:$B$1203,F$5,Log!$E$4:$E$1203,"A")=0,"",SUMIFS(Log!$I$4:$I$1203,Log!$D$4:$D$1203,$A10,Log!$B$4:$B$1203,F$5,Log!$E$4:$E$1203,"A"))) | G10: =IF($A10="","",IF(SUMIFS(Log!$I$4:$I$1203,Log!$D$4:$D$1203,$A10,Log!$B$4:$B$1203,G$5,Log!$E$4:$E$1203,"A")=0,"",SUMIFS(Log!$I$4:$I$1203,Log!$D$4:$D$1203,$A10,Log!$B$4:$B$1203,G$5,Log!$E$4:$E$1203,"A"))) | H10: =IF($A10="","",IF(SUMIFS(Log!$I$4:$I$1203,Log!$D$4:$D$1203,$A10,Log!$B$4:$B$1203,H$5,Log!$E$4:$E$1203,"A")=0,"",SUMIFS(Log!$I$4:$I$1203,Log!$D$4:$D$1203,$A10,Log!$B$4:$B$1203,H$5,Log!$E$4:$E$1203,"A"))) | I10: =IF($A10="","",IF(SUMIFS(Log!$I$4:$I$1203,Log!$D$4:$D$1203,$A10,Log!$B$4:$B$1203,I$5,Log!$E$4:$E$1203,"A")=0,"",SUMIFS(Log!$I$4:$I$1203,Log!$D$4:$D$1203,$A10,Log!$B$4:$B$1203,I$5,Log!$E$4:$E$1203,"A"))) | ... Q10: =IF($A10="","",IF(SUMIFS(Log!$I$4:$I$1203,Log!$D$4:$D$1203,$A10,Log!$B$4:$B$1203,Q$5,Log!$E$4:$E$1203,"A")=0,"",SUMIFS(Log!$I$4:$I$1203,Log!$D$4:$D$1203,$A10,Log!$B$4:$B$1203,Q$5,Log!$E$4:$E$1203,"A"))) | R10: =IF($A10="","",IF(SUMIFS(Log!$I$4:$I$1203,Log!$D$4:$D$1203,$A10,Log!$E$4:$E$1203,"A")=0,"",SUMIFS(Log!$I$4:$I$1203,Log!$D$4:$D$1203,$A10,Log!$E$4:$E$1203,"A"))) -> 7683
A11: =IF(Übungen!$A9="","",Übungen!$A9) -> Rumänisches Kreuzheben | B11: =IF($A11="","",IF(SUMIFS(Log!$I$4:$I$1203,Log!$D$4:$D$1203,$A11,Log!$B$4:$B$1203,B$5,Log!$E$4:$E$1203,"A")=0,"",SUMIFS(Log!$I$4:$I$1203,Log!$D$4:$D$1203,$A11,Log!$B$4:$B$1203,B$5,Log!$E$4:$E$1203,"A"))) | C11: =IF($A11="","",IF(SUMIFS(Log!$I$4:$I$1203,Log!$D$4:$D$1203,$A11,Log!$B$4:$B$1203,C$5,Log!$E$4:$E$1203,"A")=0,"",SUMIFS(Log!$I$4:$I$1203,Log!$D$4:$D$1203,$A11,Log!$B$4:$B$1203,C$5,Log!$E$4:$E$1203,"A"))) | D11: =IF($A11="","",IF(SUMIFS(Log!$I$4:$I$1203,Log!$D$4:$D$1203,$A11,Log!$B$4:$B$1203,D$5,Log!$E$4:$E$1203,"A")=0,"",SUMIFS(Log!$I$4:$I$1203,Log!$D$4:$D$1203,$A11,Log!$B$4:$B$1203,D$5,Log!$E$4:$E$1203,"A"))) | E11: =IF($A11="","",IF(SUMIFS(Log!$I$4:$I$1203,Log!$D$4:$D$1203,$A11,Log!$B$4:$B$1203,E$5,Log!$E$4:$E$1203,"A")=0,"",SUMIFS(Log!$I$4:$I$1203,Log!$D$4:$D$1203,$A11,Log!$B$4:$B$1203,E$5,Log!$E$4:$E$1203,"A"))) | F11: =IF($A11="","",IF(SUMIFS(Log!$I$4:$I$1203,Log!$D$4:$D$1203,$A11,Log!$B$4:$B$1203,F$5,Log!$E$4:$E$1203,"A")=0,"",SUMIFS(Log!$I$4:$I$1203,Log!$D$4:$D$1203,$A11,Log!$B$4:$B$1203,F$5,Log!$E$4:$E$1203,"A"))) -> 3740 | G11: =IF($A11="","",IF(SUMIFS(Log!$I$4:$I$1203,Log!$D$4:$D$1203,$A11,Log!$B$4:$B$1203,G$5,Log!$E$4:$E$1203,"A")=0,"",SUMIFS(Log!$I$4:$I$1203,Log!$D$4:$D$1203,$A11,Log!$B$4:$B$1203,G$5,Log!$E$4:$E$1203,"A"))) | H11: =IF($A11="","",IF(SUMIFS(Log!$I$4:$I$1203,Log!$D$4:$D$1203,$A11,Log!$B$4:$B$1203,H$5,Log!$E$4:$E$1203,"A")=0,"",SUMIFS(Log!$I$4:$I$1203,Log!$D$4:$D$1203,$A11,Log!$B$4:$B$1203,H$5,Log!$E$4:$E$1203,"A"))) -> 2810 | I11: =IF($A11="","",IF(SUMIFS(Log!$I$4:$I$1203,Log!$D$4:$D$1203,$A11,Log!$B$4:$B$1203,I$5,Log!$E$4:$E$1203,"A")=0,"",SUMIFS(Log!$I$4:$I$1203,Log!$D$4:$D$1203,$A11,Log!$B$4:$B$1203,I$5,Log!$E$4:$E$1203,"A"))) | ... Q11: =IF($A11="","",IF(SUMIFS(Log!$I$4:$I$1203,Log!$D$4:$D$1203,$A11,Log!$B$4:$B$1203,Q$5,Log!$E$4:$E$1203,"A")=0,"",SUMIFS(Log!$I$4:$I$1203,Log!$D$4:$D$1203,$A11,Log!$B$4:$B$1203,Q$5,Log!$E$4:$E$1203,"A"))) | R11: =IF($A11="","",IF(SUMIFS(Log!$I$4:$I$1203,Log!$D$4:$D$1203,$A11,Log!$E$4:$E$1203,"A")=0,"",SUMIFS(Log!$I$4:$I$1203,Log!$D$4:$D$1203,$A11,Log!$E$4:$E$1203,"A"))) -> 10755
A12: =IF(Übungen!$A10="","",Übungen!$A10) -> Rumänisches Kreuzheben KH | B12: =IF($A12="","",IF(SUMIFS(Log!$I$4:$I$1203,Log!$D$4:$D$1203,$A12,Log!$B$4:$B$1203,B$5,Log!$E$4:$E$1203,"A")=0,"",SUMIFS(Log!$I$4:$I$1203,Log!$D$4:$D$1203,$A12,Log!$B$4:$B$1203,B$5,Log!$E$4:$E$1203,"A"))) | C12: =IF($A12="","",IF(SUMIFS(Log!$I$4:$I$1203,Log!$D$4:$D$1203,$A12,Log!$B$4:$B$1203,C$5,Log!$E$4:$E$1203,"A")=0,"",SUMIFS(Log!$I$4:$I$1203,Log!$D$4:$D$1203,$A12,Log!$B$4:$B$1203,C$5,Log!$E$4:$E$1203,"A"))) | D12: =IF($A12="","",IF(SUMIFS(Log!$I$4:$I$1203,Log!$D$4:$D$1203,$A12,Log!$B$4:$B$1203,D$5,Log!$E$4:$E$1203,"A")=0,"",SUMIFS(Log!$I$4:$I$1203,Log!$D$4:$D$1203,$A12,Log!$B$4:$B$1203,D$5,Log!$E$4:$E$1203,"A"))) | E12: =IF($A12="","",IF(SUMIFS(Log!$I$4:$I$1203,Log!$D$4:$D$1203,$A12,Log!$B$4:$B$1203,E$5,Log!$E$4:$E$1203,"A")=0,"",SUMIFS(Log!$I$4:$I$1203,Log!$D$4:$D$1203,$A12,Log!$B$4:$B$1203,E$5,Log!$E$4:$E$1203,"A"))) | F12: =IF($A12="","",IF(SUMIFS(Log!$I$4:$I$1203,Log!$D$4:$D$1203,$A12,Log!$B$4:$B$1203,F$5,Log!$E$4:$E$1203,"A")=0,"",SUMIFS(Log!$I$4:$I$1203,Log!$D$4:$D$1203,$A12,Log!$B$4:$B$1203,F$5,Log!$E$4:$E$1203,"A"))) | G12: =IF($A12="","",IF(SUMIFS(Log!$I$4:$I$1203,Log!$D$4:$D$1203,$A12,Log!$B$4:$B$1203,G$5,Log!$E$4:$E$1203,"A")=0,"",SUMIFS(Log!$I$4:$I$1203,Log!$D$4:$D$1203,$A12,Log!$B$4:$B$1203,G$5,Log!$E$4:$E$1203,"A"))) | H12: =IF($A12="","",IF(SUMIFS(Log!$I$4:$I$1203,Log!$D$4:$D$1203,$A12,Log!$B$4:$B$1203,H$5,Log!$E$4:$E$1203,"A")=0,"",SUMIFS(Log!$I$4:$I$1203,Log!$D$4:$D$1203,$A12,Log!$B$4:$B$1203,H$5,Log!$E$4:$E$1203,"A"))) | I12: =IF($A12="","",IF(SUMIFS(Log!$I$4:$I$1203,Log!$D$4:$D$1203,$A12,Log!$B$4:$B$1203,I$5,Log!$E$4:$E$1203,"A")=0,"",SUMIFS(Log!$I$4:$I$1203,Log!$D$4:$D$1203,$A12,Log!$B$4:$B$1203,I$5,Log!$E$4:$E$1203,"A"))) | ... Q12: =IF($A12="","",IF(SUMIFS(Log!$I$4:$I$1203,Log!$D$4:$D$1203,$A12,Log!$B$4:$B$1203,Q$5,Log!$E$4:$E$1203,"A")=0,"",SUMIFS(Log!$I$4:$I$1203,Log!$D$4:$D$1203,$A12,Log!$B$4:$B$1203,Q$5,Log!$E$4:$E$1203,"A"))) | R12: =IF($A12="","",IF(SUMIFS(Log!$I$4:$I$1203,Log!$D$4:$D$1203,$A12,Log!$E$4:$E$1203,"A")=0,"",SUMIFS(Log!$I$4:$I$1203,Log!$D$4:$D$1203,$A12,Log!$E$4:$E$1203,"A"))) -> 480
A13: =IF(Übungen!$A11="","",Übungen!$A11) -> Beinpresse breit | B13: =IF($A13="","",IF(SUMIFS(Log!$I$4:$I$1203,Log!$D$4:$D$1203,$A13,Log!$B$4:$B$1203,B$5,Log!$E$4:$E$1203,"A")=0,"",SUMIFS(Log!$I$4:$I$1203,Log!$D$4:$D$1203,$A13,Log!$B$4:$B$1203,B$5,Log!$E$4:$E$1203,"A"))) | C13: =IF($A13="","",IF(SUMIFS(Log!$I$4:$I$1203,Log!$D$4:$D$1203,$A13,Log!$B$4:$B$1203,C$5,Log!$E$4:$E$1203,"A")=0,"",SUMIFS(Log!$I$4:$I$1203,Log!$D$4:$D$1203,$A13,Log!$B$4:$B$1203,C$5,Log!$E$4:$E$1203,"A"))) | D13: =IF($A13="","",IF(SUMIFS(Log!$I$4:$I$1203,Log!$D$4:$D$1203,$A13,Log!$B$4:$B$1203,D$5,Log!$E$4:$E$1203,"A")=0,"",SUMIFS(Log!$I$4:$I$1203,Log!$D$4:$D$1203,$A13,Log!$B$4:$B$1203,D$5,Log!$E$4:$E$1203,"A"))) | E13: =IF($A13="","",IF(SUMIFS(Log!$I$4:$I$1203,Log!$D$4:$D$1203,$A13,Log!$B$4:$B$1203,E$5,Log!$E$4:$E$1203,"A")=0,"",SUMIFS(Log!$I$4:$I$1203,Log!$D$4:$D$1203,$A13,Log!$B$4:$B$1203,E$5,Log!$E$4:$E$1203,"A"))) | F13: =IF($A13="","",IF(SUMIFS(Log!$I$4:$I$1203,Log!$D$4:$D$1203,$A13,Log!$B$4:$B$1203,F$5,Log!$E$4:$E$1203,"A")=0,"",SUMIFS(Log!$I$4:$I$1203,Log!$D$4:$D$1203,$A13,Log!$B$4:$B$1203,F$5,Log!$E$4:$E$1203,"A"))) | G13: =IF($A13="","",IF(SUMIFS(Log!$I$4:$I$1203,Log!$D$4:$D$1203,$A13,Log!$B$4:$B$1203,G$5,Log!$E$4:$E$1203,"A")=0,"",SUMIFS(Log!$I$4:$I$1203,Log!$D$4:$D$1203,$A13,Log!$B$4:$B$1203,G$5,Log!$E$4:$E$1203,"A"))) | H13: =IF($A13="","",IF(SUMIFS(Log!$I$4:$I$1203,Log!$D$4:$D$1203,$A13,Log!$B$4:$B$1203,H$5,Log!$E$4:$E$1203,"A")=0,"",SUMIFS(Log!$I$4:$I$1203,Log!$D$4:$D$1203,$A13,Log!$B$4:$B$1203,H$5,Log!$E$4:$E$1203,"A"))) | I13: =IF($A13="","",IF(SUMIFS(Log!$I$4:$I$1203,Log!$D$4:$D$1203,$A13,Log!$B$4:$B$1203,I$5,Log!$E$4:$E$1203,"A")=0,"",SUMIFS(Log!$I$4:$I$1203,Log!$D$4:$D$1203,$A13,Log!$B$4:$B$1203,I$5,Log!$E$4:$E$1203,"A"))) | ... Q13: =IF($A13="","",IF(SUMIFS(Log!$I$4:$I$1203,Log!$D$4:$D$1203,$A13,Log!$B$4:$B$1203,Q$5,Log!$E$4:$E$1203,"A")=0,"",SUMIFS(Log!$I$4:$I$1203,Log!$D$4:$D$1203,$A13,Log!$B$4:$B$1203,Q$5,Log!$E$4:$E$1203,"A"))) | R13: =IF($A13="","",IF(SUMIFS(Log!$I$4:$I$1203,Log!$D$4:$D$1203,$A13,Log!$E$4:$E$1203,"A")=0,"",SUMIFS(Log!$I$4:$I$1203,Log!$D$4:$D$1203,$A13,Log!$E$4:$E$1203,"A")))
A14: =IF(Übungen!$A12="","",Übungen!$A12) -> Hip Thrust | B14: =IF($A14="","",IF(SUMIFS(Log!$I$4:$I$1203,Log!$D$4:$D$1203,$A14,Log!$B$4:$B$1203,B$5,Log!$E$4:$E$1203,"A")=0,"",SUMIFS(Log!$I$4:$I$1203,Log!$D$4:$D$1203,$A14,Log!$B$4:$B$1203,B$5,Log!$E$4:$E$1203,"A"))) -> 4560 | C14: =IF($A14="","",IF(SUMIFS(Log!$I$4:$I$1203,Log!$D$4:$D$1203,$A14,Log!$B$4:$B$1203,C$5,Log!$E$4:$E$1203,"A")=0,"",SUMIFS(Log!$I$4:$I$1203,Log!$D$4:$D$1203,$A14,Log!$B$4:$B$1203,C$5,Log!$E$4:$E$1203,"A"))) -> 4080 | D14: =IF($A14="","",IF(SUMIFS(Log!$I$4:$I$1203,Log!$D$4:$D$1203,$A14,Log!$B$4:$B$1203,D$5,Log!$E$4:$E$1203,"A")=0,"",SUMIFS(Log!$I$4:$I$1203,Log!$D$4:$D$1203,$A14,Log!$B$4:$B$1203,D$5,Log!$E$4:$E$1203,"A"))) -> 4940 | E14: =IF($A14="","",IF(SUMIFS(Log!$I$4:$I$1203,Log!$D$4:$D$1203,$A14,Log!$B$4:$B$1203,E$5,Log!$E$4:$E$1203,"A")=0,"",SUMIFS(Log!$I$4:$I$1203,Log!$D$4:$D$1203,$A14,Log!$B$4:$B$1203,E$5,Log!$E$4:$E$1203,"A"))) -> 6480 | F14: =IF($A14="","",IF(SUMIFS(Log!$I$4:$I$1203,Log!$D$4:$D$1203,$A14,Log!$B$4:$B$1203,F$5,Log!$E$4:$E$1203,"A")=0,"",SUMIFS(Log!$I$4:$I$1203,Log!$D$4:$D$1203,$A14,Log!$B$4:$B$1203,F$5,Log!$E$4:$E$1203,"A"))) -> 5020 | G14: =IF($A14="","",IF(SUMIFS(Log!$I$4:$I$1203,Log!$D$4:$D$1203,$A14,Log!$B$4:$B$1203,G$5,Log!$E$4:$E$1203,"A")=0,"",SUMIFS(Log!$I$4:$I$1203,Log!$D$4:$D$1203,$A14,Log!$B$4:$B$1203,G$5,Log!$E$4:$E$1203,"A"))) | H14: =IF($A14="","",IF(SUMIFS(Log!$I$4:$I$1203,Log!$D$4:$D$1203,$A14,Log!$B$4:$B$1203,H$5,Log!$E$4:$E$1203,"A")=0,"",SUMIFS(Log!$I$4:$I$1203,Log!$D$4:$D$1203,$A14,Log!$B$4:$B$1203,H$5,Log!$E$4:$E$1203,"A"))) -> 6880 | I14: =IF($A14="","",IF(SUMIFS(Log!$I$4:$I$1203,Log!$D$4:$D$1203,$A14,Log!$B$4:$B$1203,I$5,Log!$E$4:$E$1203,"A")=0,"",SUMIFS(Log!$I$4:$I$1203,Log!$D$4:$D$1203,$A14,Log!$B$4:$B$1203,I$5,Log!$E$4:$E$1203,"A"))) | ... Q14: =IF($A14="","",IF(SUMIFS(Log!$I$4:$I$1203,Log!$D$4:$D$1203,$A14,Log!$B$4:$B$1203,Q$5,Log!$E$4:$E$1203,"A")=0,"",SUMIFS(Log!$I$4:$I$1203,Log!$D$4:$D$1203,$A14,Log!$B$4:$B$1203,Q$5,Log!$E$4:$E$1203,"A"))) | R14: =IF($A14="","",IF(SUMIFS(Log!$I$4:$I$1203,Log!$D$4:$D$1203,$A14,Log!$E$4:$E$1203,"A")=0,"",SUMIFS(Log!$I$4:$I$1203,Log!$D$4:$D$1203,$A14,Log!$E$4:$E$1203,"A"))) -> 48370
A15: =IF(Übungen!$A13="","",Übungen!$A13) -> Hip & Glute | B15: =IF($A15="","",IF(SUMIFS(Log!$I$4:$I$1203,Log!$D$4:$D$1203,$A15,Log!$B$4:$B$1203,B$5,Log!$E$4:$E$1203,"A")=0,"",SUMIFS(Log!$I$4:$I$1203,Log!$D$4:$D$1203,$A15,Log!$B$4:$B$1203,B$5,Log!$E$4:$E$1203,"A"))) | C15: =IF($A15="","",IF(SUMIFS(Log!$I$4:$I$1203,Log!$D$4:$D$1203,$A15,Log!$B$4:$B$1203,C$5,Log!$E$4:$E$1203,"A")=0,"",SUMIFS(Log!$I$4:$I$1203,Log!$D$4:$D$1203,$A15,Log!$B$4:$B$1203,C$5,Log!$E$4:$E$1203,"A"))) | D15: =IF($A15="","",IF(SUMIFS(Log!$I$4:$I$1203,Log!$D$4:$D$1203,$A15,Log!$B$4:$B$1203,D$5,Log!$E$4:$E$1203,"A")=0,"",SUMIFS(Log!$I$4:$I$1203,Log!$D$4:$D$1203,$A15,Log!$B$4:$B$1203,D$5,Log!$E$4:$E$1203,"A"))) | E15: =IF($A15="","",IF(SUMIFS(Log!$I$4:$I$1203,Log!$D$4:$D$1203,$A15,Log!$B$4:$B$1203,E$5,Log!$E$4:$E$1203,"A")=0,"",SUMIFS(Log!$I$4:$I$1203,Log!$D$4:$D$1203,$A15,Log!$B$4:$B$1203,E$5,Log!$E$4:$E$1203,"A"))) | F15: =IF($A15="","",IF(SUMIFS(Log!$I$4:$I$1203,Log!$D$4:$D$1203,$A15,Log!$B$4:$B$1203,F$5,Log!$E$4:$E$1203,"A")=0,"",SUMIFS(Log!$I$4:$I$1203,Log!$D$4:$D$1203,$A15,Log!$B$4:$B$1203,F$5,Log!$E$4:$E$1203,"A"))) | G15: =IF($A15="","",IF(SUMIFS(Log!$I$4:$I$1203,Log!$D$4:$D$1203,$A15,Log!$B$4:$B$1203,G$5,Log!$E$4:$E$1203,"A")=0,"",SUMIFS(Log!$I$4:$I$1203,Log!$D$4:$D$1203,$A15,Log!$B$4:$B$1203,G$5,Log!$E$4:$E$1203,"A"))) | H15: =IF($A15="","",IF(SUMIFS(Log!$I$4:$I$1203,Log!$D$4:$D$1203,$A15,Log!$B$4:$B$1203,H$5,Log!$E$4:$E$1203,"A")=0,"",SUMIFS(Log!$I$4:$I$1203,Log!$D$4:$D$1203,$A15,Log!$B$4:$B$1203,H$5,Log!$E$4:$E$1203,"A"))) -> 3732 | I15: =IF($A15="","",IF(SUMIFS(Log!$I$4:$I$1203,Log!$D$4:$D$1203,$A15,Log!$B$4:$B$1203,I$5,Log!$E$4:$E$1203,"A")=0,"",SUMIFS(Log!$I$4:$I$1203,Log!$D$4:$D$1203,$A15,Log!$B$4:$B$1203,I$5,Log!$E$4:$E$1203,"A"))) | ... Q15: =IF($A15="","",IF(SUMIFS(Log!$I$4:$I$1203,Log!$D$4:$D$1203,$A15,Log!$B$4:$B$1203,Q$5,Log!$E$4:$E$1203,"A")=0,"",SUMIFS(Log!$I$4:$I$1203,Log!$D$4:$D$1203,$A15,Log!$B$4:$B$1203,Q$5,Log!$E$4:$E$1203,"A"))) | R15: =IF($A15="","",IF(SUMIFS(Log!$I$4:$I$1203,Log!$D$4:$D$1203,$A15,Log!$E$4:$E$1203,"A")=0,"",SUMIFS(Log!$I$4:$I$1203,Log!$D$4:$D$1203,$A15,Log!$E$4:$E$1203,"A"))) -> 18037
A16: =IF(Übungen!$A14="","",Übungen!$A14) -> Beinbeuger | B16: =IF($A16="","",IF(SUMIFS(Log!$I$4:$I$1203,Log!$D$4:$D$1203,$A16,Log!$B$4:$B$1203,B$5,Log!$E$4:$E$1203,"A")=0,"",SUMIFS(Log!$I$4:$I$1203,Log!$D$4:$D$1203,$A16,Log!$B$4:$B$1203,B$5,Log!$E$4:$E$1203,"A"))) -> 1130 | C16: =IF($A16="","",IF(SUMIFS(Log!$I$4:$I$1203,Log!$D$4:$D$1203,$A16,Log!$B$4:$B$1203,C$5,Log!$E$4:$E$1203,"A")=0,"",SUMIFS(Log!$I$4:$I$1203,Log!$D$4:$D$1203,$A16,Log!$B$4:$B$1203,C$5,Log!$E$4:$E$1203,"A"))) -> 1150 | D16: =IF($A16="","",IF(SUMIFS(Log!$I$4:$I$1203,Log!$D$4:$D$1203,$A16,Log!$B$4:$B$1203,D$5,Log!$E$4:$E$1203,"A")=0,"",SUMIFS(Log!$I$4:$I$1203,Log!$D$4:$D$1203,$A16,Log!$B$4:$B$1203,D$5,Log!$E$4:$E$1203,"A"))) -> 1275 | E16: =IF($A16="","",IF(SUMIFS(Log!$I$4:$I$1203,Log!$D$4:$D$1203,$A16,Log!$B$4:$B$1203,E$5,Log!$E$4:$E$1203,"A")=0,"",SUMIFS(Log!$I$4:$I$1203,Log!$D$4:$D$1203,$A16,Log!$B$4:$B$1203,E$5,Log!$E$4:$E$1203,"A"))) | F16: =IF($A16="","",IF(SUMIFS(Log!$I$4:$I$1203,Log!$D$4:$D$1203,$A16,Log!$B$4:$B$1203,F$5,Log!$E$4:$E$1203,"A")=0,"",SUMIFS(Log!$I$4:$I$1203,Log!$D$4:$D$1203,$A16,Log!$B$4:$B$1203,F$5,Log!$E$4:$E$1203,"A"))) -> 1080 | G16: =IF($A16="","",IF(SUMIFS(Log!$I$4:$I$1203,Log!$D$4:$D$1203,$A16,Log!$B$4:$B$1203,G$5,Log!$E$4:$E$1203,"A")=0,"",SUMIFS(Log!$I$4:$I$1203,Log!$D$4:$D$1203,$A16,Log!$B$4:$B$1203,G$5,Log!$E$4:$E$1203,"A"))) | H16: =IF($A16="","",IF(SUMIFS(Log!$I$4:$I$1203,Log!$D$4:$D$1203,$A16,Log!$B$4:$B$1203,H$5,Log!$E$4:$E$1203,"A")=0,"",SUMIFS(Log!$I$4:$I$1203,Log!$D$4:$D$1203,$A16,Log!$B$4:$B$1203,H$5,Log!$E$4:$E$1203,"A"))) -> 1025 | I16: =IF($A16="","",IF(SUMIFS(Log!$I$4:$I$1203,Log!$D$4:$D$1203,$A16,Log!$B$4:$B$1203,I$5,Log!$E$4:$E$1203,"A")=0,"",SUMIFS(Log!$I$4:$I$1203,Log!$D$4:$D$1203,$A16,Log!$B$4:$B$1203,I$5,Log!$E$4:$E$1203,"A"))) | ... Q16: =IF($A16="","",IF(SUMIFS(Log!$I$4:$I$1203,Log!$D$4:$D$1203,$A16,Log!$B$4:$B$1203,Q$5,Log!$E$4:$E$1203,"A")=0,"",SUMIFS(Log!$I$4:$I$1203,Log!$D$4:$D$1203,$A16,Log!$B$4:$B$1203,Q$5,Log!$E$4:$E$1203,"A"))) | R16: =IF($A16="","",IF(SUMIFS(Log!$I$4:$I$1203,Log!$D$4:$D$1203,$A16,Log!$E$4:$E$1203,"A")=0,"",SUMIFS(Log!$I$4:$I$1203,Log!$D$4:$D$1203,$A16,Log!$E$4:$E$1203,"A"))) -> 8013.5
A17: =IF(Übungen!$A15="","",Übungen!$A15) -> Seitliche Kickbacks | B17: =IF($A17="","",IF(SUMIFS(Log!$I$4:$I$1203,Log!$D$4:$D$1203,$A17,Log!$B$4:$B$1203,B$5,Log!$E$4:$E$1203,"A")=0,"",SUMIFS(Log!$I$4:$I$1203,Log!$D$4:$D$1203,$A17,Log!$B$4:$B$1203,B$5,Log!$E$4:$E$1203,"A"))) -> 1078 | C17: =IF($A17="","",IF(SUMIFS(Log!$I$4:$I$1203,Log!$D$4:$D$1203,$A17,Log!$B$4:$B$1203,C$5,Log!$E$4:$E$1203,"A")=0,"",SUMIFS(Log!$I$4:$I$1203,Log!$D$4:$D$1203,$A17,Log!$B$4:$B$1203,C$5,Log!$E$4:$E$1203,"A"))) -> 975 | D17: =IF($A17="","",IF(SUMIFS(Log!$I$4:$I$1203,Log!$D$4:$D$1203,$A17,Log!$B$4:$B$1203,D$5,Log!$E$4:$E$1203,"A")=0,"",SUMIFS(Log!$I$4:$I$1203,Log!$D$4:$D$1203,$A17,Log!$B$4:$B$1203,D$5,Log!$E$4:$E$1203,"A"))) | E17: =IF($A17="","",IF(SUMIFS(Log!$I$4:$I$1203,Log!$D$4:$D$1203,$A17,Log!$B$4:$B$1203,E$5,Log!$E$4:$E$1203,"A")=0,"",SUMIFS(Log!$I$4:$I$1203,Log!$D$4:$D$1203,$A17,Log!$B$4:$B$1203,E$5,Log!$E$4:$E$1203,"A"))) | F17: =IF($A17="","",IF(SUMIFS(Log!$I$4:$I$1203,Log!$D$4:$D$1203,$A17,Log!$B$4:$B$1203,F$5,Log!$E$4:$E$1203,"A")=0,"",SUMIFS(Log!$I$4:$I$1203,Log!$D$4:$D$1203,$A17,Log!$B$4:$B$1203,F$5,Log!$E$4:$E$1203,"A"))) -> 720 | G17: =IF($A17="","",IF(SUMIFS(Log!$I$4:$I$1203,Log!$D$4:$D$1203,$A17,Log!$B$4:$B$1203,G$5,Log!$E$4:$E$1203,"A")=0,"",SUMIFS(Log!$I$4:$I$1203,Log!$D$4:$D$1203,$A17,Log!$B$4:$B$1203,G$5,Log!$E$4:$E$1203,"A"))) | H17: =IF($A17="","",IF(SUMIFS(Log!$I$4:$I$1203,Log!$D$4:$D$1203,$A17,Log!$B$4:$B$1203,H$5,Log!$E$4:$E$1203,"A")=0,"",SUMIFS(Log!$I$4:$I$1203,Log!$D$4:$D$1203,$A17,Log!$B$4:$B$1203,H$5,Log!$E$4:$E$1203,"A"))) | I17: =IF($A17="","",IF(SUMIFS(Log!$I$4:$I$1203,Log!$D$4:$D$1203,$A17,Log!$B$4:$B$1203,I$5,Log!$E$4:$E$1203,"A")=0,"",SUMIFS(Log!$I$4:$I$1203,Log!$D$4:$D$1203,$A17,Log!$B$4:$B$1203,I$5,Log!$E$4:$E$1203,"A"))) | ... Q17: =IF($A17="","",IF(SUMIFS(Log!$I$4:$I$1203,Log!$D$4:$D$1203,$A17,Log!$B$4:$B$1203,Q$5,Log!$E$4:$E$1203,"A")=0,"",SUMIFS(Log!$I$4:$I$1203,Log!$D$4:$D$1203,$A17,Log!$B$4:$B$1203,Q$5,Log!$E$4:$E$1203,"A"))) | R17: =IF($A17="","",IF(SUMIFS(Log!$I$4:$I$1203,Log!$D$4:$D$1203,$A17,Log!$E$4:$E$1203,"A")=0,"",SUMIFS(Log!$I$4:$I$1203,Log!$D$4:$D$1203,$A17,Log!$E$4:$E$1203,"A"))) -> 2773
... A25: =IF(Übungen!$A23="","",Übungen!$A23) | B25: =IF($A25="","",IF(SUMIFS(Log!$I$4:$I$1203,Log!$D$4:$D$1203,$A25,Log!$B$4:$B$1203,B$5,Log!$E$4:$E$1203,"A")=0,"",SUMIFS(Log!$I$4:$I$1203,Log!$D$4:$D$1203,$A25,Log!$B$4:$B$1203,B$5,Log!$E$4:$E$1203,"A"))) | C25: =IF($A25="","",IF(SUMIFS(Log!$I$4:$I$1203,Log!$D$4:$D$1203,$A25,Log!$B$4:$B$1203,C$5,Log!$E$4:$E$1203,"A")=0,"",SUMIFS(Log!$I$4:$I$1203,Log!$D$4:$D$1203,$A25,Log!$B$4:$B$1203,C$5,Log!$E$4:$E$1203,"A"))) | D25: =IF($A25="","",IF(SUMIFS(Log!$I$4:$I$1203,Log!$D$4:$D$1203,$A25,Log!$B$4:$B$1203,D$5,Log!$E$4:$E$1203,"A")=0,"",SUMIFS(Log!$I$4:$I$1203,Log!$D$4:$D$1203,$A25,Log!$B$4:$B$1203,D$5,Log!$E$4:$E$1203,"A"))) | E25: =IF($A25="","",IF(SUMIFS(Log!$I$4:$I$1203,Log!$D$4:$D$1203,$A25,Log!$B$4:$B$1203,E$5,Log!$E$4:$E$1203,"A")=0,"",SUMIFS(Log!$I$4:$I$1203,Log!$D$4:$D$1203,$A25,Log!$B$4:$B$1203,E$5,Log!$E$4:$E$1203,"A"))) | F25: =IF($A25="","",IF(SUMIFS(Log!$I$4:$I$1203,Log!$D$4:$D$1203,$A25,Log!$B$4:$B$1203,F$5,Log!$E$4:$E$1203,"A")=0,"",SUMIFS(Log!$I$4:$I$1203,Log!$D$4:$D$1203,$A25,Log!$B$4:$B$1203,F$5,Log!$E$4:$E$1203,"A"))) | G25: =IF($A25="","",IF(SUMIFS(Log!$I$4:$I$1203,Log!$D$4:$D$1203,$A25,Log!$B$4:$B$1203,G$5,Log!$E$4:$E$1203,"A")=0,"",SUMIFS(Log!$I$4:$I$1203,Log!$D$4:$D$1203,$A25,Log!$B$4:$B$1203,G$5,Log!$E$4:$E$1203,"A"))) | H25: =IF($A25="","",IF(SUMIFS(Log!$I$4:$I$1203,Log!$D$4:$D$1203,$A25,Log!$B$4:$B$1203,H$5,Log!$E$4:$E$1203,"A")=0,"",SUMIFS(Log!$I$4:$I$1203,Log!$D$4:$D$1203,$A25,Log!$B$4:$B$1203,H$5,Log!$E$4:$E$1203,"A"))) | I25: =IF($A25="","",IF(SUMIFS(Log!$I$4:$I$1203,Log!$D$4:$D$1203,$A25,Log!$B$4:$B$1203,I$5,Log!$E$4:$E$1203,"A")=0,"",SUMIFS(Log!$I$4:$I$1203,Log!$D$4:$D$1203,$A25,Log!$B$4:$B$1203,I$5,Log!$E$4:$E$1203,"A"))) | ... Q25: =IF($A25="","",IF(SUMIFS(Log!$I$4:$I$1203,Log!$D$4:$D$1203,$A25,Log!$B$4:$B$1203,Q$5,Log!$E$4:$E$1203,"A")=0,"",SUMIFS(Log!$I$4:$I$1203,Log!$D$4:$D$1203,$A25,Log!$B$4:$B$1203,Q$5,Log!$E$4:$E$1203,"A"))) | R25: =IF($A25="","",IF(SUMIFS(Log!$I$4:$I$1203,Log!$D$4:$D$1203,$A25,Log!$E$4:$E$1203,"A")=0,"",SUMIFS(Log!$I$4:$I$1203,Log!$D$4:$D$1203,$A25,Log!$E$4:$E$1203,"A")))
A28: 2 Top-Gewicht (kg) · schwerster Arbeitssatz der Einheit
A29: Übung | B29: =$B$3 -> 1 | C29: =B29+1 -> 2 | D29: =C29+1 -> 3 | E29: =D29+1 -> 4 | F29: =E29+1 -> 5 | G29: =F29+1 -> 6 | H29: =G29+1 -> 7 | I29: =H29+1 -> 8 | J29: =I29+1 -> 9 | ... Q29: =P29+1 -> 16 | R29: Bestwert
A30: =IF(Übungen!$A4="","",Übungen!$A4) -> Beinpresse eng | B30: =IF($A30="","",IF(SUMPRODUCT(MAX((Log!$D$4:$D$1203=$A30)*(Log!$B$4:$B$1203=B$29)*(Log!$E$4:$E$1203="A")*(Log!$F$4:$F$1203<>"")*Log!$F$4:$F$1203))=0,"",SUMPRODUCT(MAX((Log!$D$4:$D$1203=$A30)*(Log!$B$4:$B$1203=B$29)*(Log!$E$4:$E$1203="A")*(Log!$F$4:$F$1203<>"")*Log!$F$4:$F$1203)))) | C30: =IF($A30="","",IF(SUMPRODUCT(MAX((Log!$D$4:$D$1203=$A30)*(Log!$B$4:$B$1203=C$29)*(Log!$E$4:$E$1203="A")*(Log!$F$4:$F$1203<>"")*Log!$F$4:$F$1203))=0,"",SUMPRODUCT(MAX((Log!$D$4:$D$1203=$A30)*(Log!$B$4:$B$1203=C$29)*(Log!$E$4:$E$1203="A")*(Log!$F$4:$F$1203<>"")*Log!$F$4:$F$1203)))) | D30: =IF($A30="","",IF(SUMPRODUCT(MAX((Log!$D$4:$D$1203=$A30)*(Log!$B$4:$B$1203=D$29)*(Log!$E$4:$E$1203="A")*(Log!$F$4:$F$1203<>"")*Log!$F$4:$F$1203))=0,"",SUMPRODUCT(MAX((Log!$D$4:$D$1203=$A30)*(Log!$B$4:$B$1203=D$29)*(Log!$E$4:$E$1203="A")*(Log!$F$4:$F$1203<>"")*Log!$F$4:$F$1203)))) | E30: =IF($A30="","",IF(SUMPRODUCT(MAX((Log!$D$4:$D$1203=$A30)*(Log!$B$4:$B$1203=E$29)*(Log!$E$4:$E$1203="A")*(Log!$F$4:$F$1203<>"")*Log!$F$4:$F$1203))=0,"",SUMPRODUCT(MAX((Log!$D$4:$D$1203=$A30)*(Log!$B$4:$B$1203=E$29)*(Log!$E$4:$E$1203="A")*(Log!$F$4:$F$1203<>"")*Log!$F$4:$F$1203)))) | F30: =IF($A30="","",IF(SUMPRODUCT(MAX((Log!$D$4:$D$1203=$A30)*(Log!$B$4:$B$1203=F$29)*(Log!$E$4:$E$1203="A")*(Log!$F$4:$F$1203<>"")*Log!$F$4:$F$1203))=0,"",SUMPRODUCT(MAX((Log!$D$4:$D$1203=$A30)*(Log!$B$4:$B$1203=F$29)*(Log!$E$4:$E$1203="A")*(Log!$F$4:$F$1203<>"")*Log!$F$4:$F$1203)))) -> 273 | G30: =IF($A30="","",IF(SUMPRODUCT(MAX((Log!$D$4:$D$1203=$A30)*(Log!$B$4:$B$1203=G$29)*(Log!$E$4:$E$1203="A")*(Log!$F$4:$F$1203<>"")*Log!$F$4:$F$1203))=0,"",SUMPRODUCT(MAX((Log!$D$4:$D$1203=$A30)*(Log!$B$4:$B$1203=G$29)*(Log!$E$4:$E$1203="A")*(Log!$F$4:$F$1203<>"")*Log!$F$4:$F$1203)))) -> 303 | H30: =IF($A30="","",IF(SUMPRODUCT(MAX((Log!$D$4:$D$1203=$A30)*(Log!$B$4:$B$1203=H$29)*(Log!$E$4:$E$1203="A")*(Log!$F$4:$F$1203<>"")*Log!$F$4:$F$1203))=0,"",SUMPRODUCT(MAX((Log!$D$4:$D$1203=$A30)*(Log!$B$4:$B$1203=H$29)*(Log!$E$4:$E$1203="A")*(Log!$F$4:$F$1203<>"")*Log!$F$4:$F$1203)))) | I30: =IF($A30="","",IF(SUMPRODUCT(MAX((Log!$D$4:$D$1203=$A30)*(Log!$B$4:$B$1203=I$29)*(Log!$E$4:$E$1203="A")*(Log!$F$4:$F$1203<>"")*Log!$F$4:$F$1203))=0,"",SUMPRODUCT(MAX((Log!$D$4:$D$1203=$A30)*(Log!$B$4:$B$1203=I$29)*(Log!$E$4:$E$1203="A")*(Log!$F$4:$F$1203<>"")*Log!$F$4:$F$1203)))) -> 333 | ... Q30: =IF($A30="","",IF(SUMPRODUCT(MAX((Log!$D$4:$D$1203=$A30)*(Log!$B$4:$B$1203=Q$29)*(Log!$E$4:$E$1203="A")*(Log!$F$4:$F$1203<>"")*Log!$F$4:$F$1203))=0,"",SUMPRODUCT(MAX((Log!$D$4:$D$1203=$A30)*(Log!$B$4:$B$1203=Q$29)*(Log!$E$4:$E$1203="A")*(Log!$F$4:$F$1203<>"")*Log!$F$4:$F$1203)))) -> 300 | R30: =IF($A30="","",IF(SUMPRODUCT(MAX((Log!$D$4:$D$1203=$A30)*(Log!$E$4:$E$1203="A")*(Log!$F$4:$F$1203<>"")*Log!$F$4:$F$1203))=0,"",SUMPRODUCT(MAX((Log!$D$4:$D$1203=$A30)*(Log!$E$4:$E$1203="A")*(Log!$F$4:$F$1203<>"")*Log!$F$4:$F$1203)))) -> 333
A31: =IF(Übungen!$A5="","",Übungen!$A5) -> Split Squat | B31: =IF($A31="","",IF(SUMPRODUCT(MAX((Log!$D$4:$D$1203=$A31)*(Log!$B$4:$B$1203=B$29)*(Log!$E$4:$E$1203="A")*(Log!$F$4:$F$1203<>"")*Log!$F$4:$F$1203))=0,"",SUMPRODUCT(MAX((Log!$D$4:$D$1203=$A31)*(Log!$B$4:$B$1203=B$29)*(Log!$E$4:$E$1203="A")*(Log!$F$4:$F$1203<>"")*Log!$F$4:$F$1203)))) -> 100 | C31: =IF($A31="","",IF(SUMPRODUCT(MAX((Log!$D$4:$D$1203=$A31)*(Log!$B$4:$B$1203=C$29)*(Log!$E$4:$E$1203="A")*(Log!$F$4:$F$1203<>"")*Log!$F$4:$F$1203))=0,"",SUMPRODUCT(MAX((Log!$D$4:$D$1203=$A31)*(Log!$B$4:$B$1203=C$29)*(Log!$E$4:$E$1203="A")*(Log!$F$4:$F$1203<>"")*Log!$F$4:$F$1203)))) -> 105 | D31: =IF($A31="","",IF(SUMPRODUCT(MAX((Log!$D$4:$D$1203=$A31)*(Log!$B$4:$B$1203=D$29)*(Log!$E$4:$E$1203="A")*(Log!$F$4:$F$1203<>"")*Log!$F$4:$F$1203))=0,"",SUMPRODUCT(MAX((Log!$D$4:$D$1203=$A31)*(Log!$B$4:$B$1203=D$29)*(Log!$E$4:$E$1203="A")*(Log!$F$4:$F$1203<>"")*Log!$F$4:$F$1203)))) -> 100 | E31: =IF($A31="","",IF(SUMPRODUCT(MAX((Log!$D$4:$D$1203=$A31)*(Log!$B$4:$B$1203=E$29)*(Log!$E$4:$E$1203="A")*(Log!$F$4:$F$1203<>"")*Log!$F$4:$F$1203))=0,"",SUMPRODUCT(MAX((Log!$D$4:$D$1203=$A31)*(Log!$B$4:$B$1203=E$29)*(Log!$E$4:$E$1203="A")*(Log!$F$4:$F$1203<>"")*Log!$F$4:$F$1203)))) -> 80 | F31: =IF($A31="","",IF(SUMPRODUCT(MAX((Log!$D$4:$D$1203=$A31)*(Log!$B$4:$B$1203=F$29)*(Log!$E$4:$E$1203="A")*(Log!$F$4:$F$1203<>"")*Log!$F$4:$F$1203))=0,"",SUMPRODUCT(MAX((Log!$D$4:$D$1203=$A31)*(Log!$B$4:$B$1203=F$29)*(Log!$E$4:$E$1203="A")*(Log!$F$4:$F$1203<>"")*Log!$F$4:$F$1203)))) -> 100 | G31: =IF($A31="","",IF(SUMPRODUCT(MAX((Log!$D$4:$D$1203=$A31)*(Log!$B$4:$B$1203=G$29)*(Log!$E$4:$E$1203="A")*(Log!$F$4:$F$1203<>"")*Log!$F$4:$F$1203))=0,"",SUMPRODUCT(MAX((Log!$D$4:$D$1203=$A31)*(Log!$B$4:$B$1203=G$29)*(Log!$E$4:$E$1203="A")*(Log!$F$4:$F$1203<>"")*Log!$F$4:$F$1203)))) -> 100 | H31: =IF($A31="","",IF(SUMPRODUCT(MAX((Log!$D$4:$D$1203=$A31)*(Log!$B$4:$B$1203=H$29)*(Log!$E$4:$E$1203="A")*(Log!$F$4:$F$1203<>"")*Log!$F$4:$F$1203))=0,"",SUMPRODUCT(MAX((Log!$D$4:$D$1203=$A31)*(Log!$B$4:$B$1203=H$29)*(Log!$E$4:$E$1203="A")*(Log!$F$4:$F$1203<>"")*Log!$F$4:$F$1203)))) | I31: =IF($A31="","",IF(SUMPRODUCT(MAX((Log!$D$4:$D$1203=$A31)*(Log!$B$4:$B$1203=I$29)*(Log!$E$4:$E$1203="A")*(Log!$F$4:$F$1203<>"")*Log!$F$4:$F$1203))=0,"",SUMPRODUCT(MAX((Log!$D$4:$D$1203=$A31)*(Log!$B$4:$B$1203=I$29)*(Log!$E$4:$E$1203="A")*(Log!$F$4:$F$1203<>"")*Log!$F$4:$F$1203)))) -> 115 | ... Q31: =IF($A31="","",IF(SUMPRODUCT(MAX((Log!$D$4:$D$1203=$A31)*(Log!$B$4:$B$1203=Q$29)*(Log!$E$4:$E$1203="A")*(Log!$F$4:$F$1203<>"")*Log!$F$4:$F$1203))=0,"",SUMPRODUCT(MAX((Log!$D$4:$D$1203=$A31)*(Log!$B$4:$B$1203=Q$29)*(Log!$E$4:$E$1203="A")*(Log!$F$4:$F$1203<>"")*Log!$F$4:$F$1203)))) -> 100 | R31: =IF($A31="","",IF(SUMPRODUCT(MAX((Log!$D$4:$D$1203=$A31)*(Log!$E$4:$E$1203="A")*(Log!$F$4:$F$1203<>"")*Log!$F$4:$F$1203))=0,"",SUMPRODUCT(MAX((Log!$D$4:$D$1203=$A31)*(Log!$E$4:$E$1203="A")*(Log!$F$4:$F$1203<>"")*Log!$F$4:$F$1203)))) -> 120
A32: =IF(Übungen!$A6="","",Übungen!$A6) -> Beinstrecker | B32: =IF($A32="","",IF(SUMPRODUCT(MAX((Log!$D$4:$D$1203=$A32)*(Log!$B$4:$B$1203=B$29)*(Log!$E$4:$E$1203="A")*(Log!$F$4:$F$1203<>"")*Log!$F$4:$F$1203))=0,"",SUMPRODUCT(MAX((Log!$D$4:$D$1203=$A32)*(Log!$B$4:$B$1203=B$29)*(Log!$E$4:$E$1203="A")*(Log!$F$4:$F$1203<>"")*Log!$F$4:$F$1203)))) -> 75 | C32: =IF($A32="","",IF(SUMPRODUCT(MAX((Log!$D$4:$D$1203=$A32)*(Log!$B$4:$B$1203=C$29)*(Log!$E$4:$E$1203="A")*(Log!$F$4:$F$1203<>"")*Log!$F$4:$F$1203))=0,"",SUMPRODUCT(MAX((Log!$D$4:$D$1203=$A32)*(Log!$B$4:$B$1203=C$29)*(Log!$E$4:$E$1203="A")*(Log!$F$4:$F$1203<>"")*Log!$F$4:$F$1203)))) -> 80 | D32: =IF($A32="","",IF(SUMPRODUCT(MAX((Log!$D$4:$D$1203=$A32)*(Log!$B$4:$B$1203=D$29)*(Log!$E$4:$E$1203="A")*(Log!$F$4:$F$1203<>"")*Log!$F$4:$F$1203))=0,"",SUMPRODUCT(MAX((Log!$D$4:$D$1203=$A32)*(Log!$B$4:$B$1203=D$29)*(Log!$E$4:$E$1203="A")*(Log!$F$4:$F$1203<>"")*Log!$F$4:$F$1203)))) -> 85 | E32: =IF($A32="","",IF(SUMPRODUCT(MAX((Log!$D$4:$D$1203=$A32)*(Log!$B$4:$B$1203=E$29)*(Log!$E$4:$E$1203="A")*(Log!$F$4:$F$1203<>"")*Log!$F$4:$F$1203))=0,"",SUMPRODUCT(MAX((Log!$D$4:$D$1203=$A32)*(Log!$B$4:$B$1203=E$29)*(Log!$E$4:$E$1203="A")*(Log!$F$4:$F$1203<>"")*Log!$F$4:$F$1203)))) -> 80 | F32: =IF($A32="","",IF(SUMPRODUCT(MAX((Log!$D$4:$D$1203=$A32)*(Log!$B$4:$B$1203=F$29)*(Log!$E$4:$E$1203="A")*(Log!$F$4:$F$1203<>"")*Log!$F$4:$F$1203))=0,"",SUMPRODUCT(MAX((Log!$D$4:$D$1203=$A32)*(Log!$B$4:$B$1203=F$29)*(Log!$E$4:$E$1203="A")*(Log!$F$4:$F$1203<>"")*Log!$F$4:$F$1203)))) -> 80 | G32: =IF($A32="","",IF(SUMPRODUCT(MAX((Log!$D$4:$D$1203=$A32)*(Log!$B$4:$B$1203=G$29)*(Log!$E$4:$E$1203="A")*(Log!$F$4:$F$1203<>"")*Log!$F$4:$F$1203))=0,"",SUMPRODUCT(MAX((Log!$D$4:$D$1203=$A32)*(Log!$B$4:$B$1203=G$29)*(Log!$E$4:$E$1203="A")*(Log!$F$4:$F$1203<>"")*Log!$F$4:$F$1203)))) -> 95 | H32: =IF($A32="","",IF(SUMPRODUCT(MAX((Log!$D$4:$D$1203=$A32)*(Log!$B$4:$B$1203=H$29)*(Log!$E$4:$E$1203="A")*(Log!$F$4:$F$1203<>"")*Log!$F$4:$F$1203))=0,"",SUMPRODUCT(MAX((Log!$D$4:$D$1203=$A32)*(Log!$B$4:$B$1203=H$29)*(Log!$E$4:$E$1203="A")*(Log!$F$4:$F$1203<>"")*Log!$F$4:$F$1203)))) | I32: =IF($A32="","",IF(SUMPRODUCT(MAX((Log!$D$4:$D$1203=$A32)*(Log!$B$4:$B$1203=I$29)*(Log!$E$4:$E$1203="A")*(Log!$F$4:$F$1203<>"")*Log!$F$4:$F$1203))=0,"",SUMPRODUCT(MAX((Log!$D$4:$D$1203=$A32)*(Log!$B$4:$B$1203=I$29)*(Log!$E$4:$E$1203="A")*(Log!$F$4:$F$1203<>"")*Log!$F$4:$F$1203)))) -> 80 | ... Q32: =IF($A32="","",IF(SUMPRODUCT(MAX((Log!$D$4:$D$1203=$A32)*(Log!$B$4:$B$1203=Q$29)*(Log!$E$4:$E$1203="A")*(Log!$F$4:$F$1203<>"")*Log!$F$4:$F$1203))=0,"",SUMPRODUCT(MAX((Log!$D$4:$D$1203=$A32)*(Log!$B$4:$B$1203=Q$29)*(Log!$E$4:$E$1203="A")*(Log!$F$4:$F$1203<>"")*Log!$F$4:$F$1203)))) -> 80 | R32: =IF($A32="","",IF(SUMPRODUCT(MAX((Log!$D$4:$D$1203=$A32)*(Log!$E$4:$E$1203="A")*(Log!$F$4:$F$1203<>"")*Log!$F$4:$F$1203))=0,"",SUMPRODUCT(MAX((Log!$D$4:$D$1203=$A32)*(Log!$E$4:$E$1203="A")*(Log!$F$4:$F$1203<>"")*Log!$F$4:$F$1203)))) -> 95
A33: =IF(Übungen!$A7="","",Übungen!$A7) -> Adduktion | B33: =IF($A33="","",IF(SUMPRODUCT(MAX((Log!$D$4:$D$1203=$A33)*(Log!$B$4:$B$1203=B$29)*(Log!$E$4:$E$1203="A")*(Log!$F$4:$F$1203<>"")*Log!$F$4:$F$1203))=0,"",SUMPRODUCT(MAX((Log!$D$4:$D$1203=$A33)*(Log!$B$4:$B$1203=B$29)*(Log!$E$4:$E$1203="A")*(Log!$F$4:$F$1203<>"")*Log!$F$4:$F$1203)))) -> 152.5 | C33: =IF($A33="","",IF(SUMPRODUCT(MAX((Log!$D$4:$D$1203=$A33)*(Log!$B$4:$B$1203=C$29)*(Log!$E$4:$E$1203="A")*(Log!$F$4:$F$1203<>"")*Log!$F$4:$F$1203))=0,"",SUMPRODUCT(MAX((Log!$D$4:$D$1203=$A33)*(Log!$B$4:$B$1203=C$29)*(Log!$E$4:$E$1203="A")*(Log!$F$4:$F$1203<>"")*Log!$F$4:$F$1203)))) -> 152.5 | D33: =IF($A33="","",IF(SUMPRODUCT(MAX((Log!$D$4:$D$1203=$A33)*(Log!$B$4:$B$1203=D$29)*(Log!$E$4:$E$1203="A")*(Log!$F$4:$F$1203<>"")*Log!$F$4:$F$1203))=0,"",SUMPRODUCT(MAX((Log!$D$4:$D$1203=$A33)*(Log!$B$4:$B$1203=D$29)*(Log!$E$4:$E$1203="A")*(Log!$F$4:$F$1203<>"")*Log!$F$4:$F$1203)))) -> 152.5 | E33: =IF($A33="","",IF(SUMPRODUCT(MAX((Log!$D$4:$D$1203=$A33)*(Log!$B$4:$B$1203=E$29)*(Log!$E$4:$E$1203="A")*(Log!$F$4:$F$1203<>"")*Log!$F$4:$F$1203))=0,"",SUMPRODUCT(MAX((Log!$D$4:$D$1203=$A33)*(Log!$B$4:$B$1203=E$29)*(Log!$E$4:$E$1203="A")*(Log!$F$4:$F$1203<>"")*Log!$F$4:$F$1203)))) -> 152.5 | F33: =IF($A33="","",IF(SUMPRODUCT(MAX((Log!$D$4:$D$1203=$A33)*(Log!$B$4:$B$1203=F$29)*(Log!$E$4:$E$1203="A")*(Log!$F$4:$F$1203<>"")*Log!$F$4:$F$1203))=0,"",SUMPRODUCT(MAX((Log!$D$4:$D$1203=$A33)*(Log!$B$4:$B$1203=F$29)*(Log!$E$4:$E$1203="A")*(Log!$F$4:$F$1203<>"")*Log!$F$4:$F$1203)))) -> 162.5 | G33: =IF($A33="","",IF(SUMPRODUCT(MAX((Log!$D$4:$D$1203=$A33)*(Log!$B$4:$B$1203=G$29)*(Log!$E$4:$E$1203="A")*(Log!$F$4:$F$1203<>"")*Log!$F$4:$F$1203))=0,"",SUMPRODUCT(MAX((Log!$D$4:$D$1203=$A33)*(Log!$B$4:$B$1203=G$29)*(Log!$E$4:$E$1203="A")*(Log!$F$4:$F$1203<>"")*Log!$F$4:$F$1203)))) -> 180 | H33: =IF($A33="","",IF(SUMPRODUCT(MAX((Log!$D$4:$D$1203=$A33)*(Log!$B$4:$B$1203=H$29)*(Log!$E$4:$E$1203="A")*(Log!$F$4:$F$1203<>"")*Log!$F$4:$F$1203))=0,"",SUMPRODUCT(MAX((Log!$D$4:$D$1203=$A33)*(Log!$B$4:$B$1203=H$29)*(Log!$E$4:$E$1203="A")*(Log!$F$4:$F$1203<>"")*Log!$F$4:$F$1203)))) | I33: =IF($A33="","",IF(SUMPRODUCT(MAX((Log!$D$4:$D$1203=$A33)*(Log!$B$4:$B$1203=I$29)*(Log!$E$4:$E$1203="A")*(Log!$F$4:$F$1203<>"")*Log!$F$4:$F$1203))=0,"",SUMPRODUCT(MAX((Log!$D$4:$D$1203=$A33)*(Log!$B$4:$B$1203=I$29)*(Log!$E$4:$E$1203="A")*(Log!$F$4:$F$1203<>"")*Log!$F$4:$F$1203)))) -> 185 | ... Q33: =IF($A33="","",IF(SUMPRODUCT(MAX((Log!$D$4:$D$1203=$A33)*(Log!$B$4:$B$1203=Q$29)*(Log!$E$4:$E$1203="A")*(Log!$F$4:$F$1203<>"")*Log!$F$4:$F$1203))=0,"",SUMPRODUCT(MAX((Log!$D$4:$D$1203=$A33)*(Log!$B$4:$B$1203=Q$29)*(Log!$E$4:$E$1203="A")*(Log!$F$4:$F$1203<>"")*Log!$F$4:$F$1203)))) | R33: =IF($A33="","",IF(SUMPRODUCT(MAX((Log!$D$4:$D$1203=$A33)*(Log!$E$4:$E$1203="A")*(Log!$F$4:$F$1203<>"")*Log!$F$4:$F$1203))=0,"",SUMPRODUCT(MAX((Log!$D$4:$D$1203=$A33)*(Log!$E$4:$E$1203="A")*(Log!$F$4:$F$1203<>"")*Log!$F$4:$F$1203)))) -> 185
A34: =IF(Übungen!$A8="","",Übungen!$A8) -> Reverse V-Squat | B34: =IF($A34="","",IF(SUMPRODUCT(MAX((Log!$D$4:$D$1203=$A34)*(Log!$B$4:$B$1203=B$29)*(Log!$E$4:$E$1203="A")*(Log!$F$4:$F$1203<>"")*Log!$F$4:$F$1203))=0,"",SUMPRODUCT(MAX((Log!$D$4:$D$1203=$A34)*(Log!$B$4:$B$1203=B$29)*(Log!$E$4:$E$1203="A")*(Log!$F$4:$F$1203<>"")*Log!$F$4:$F$1203)))) | C34: =IF($A34="","",IF(SUMPRODUCT(MAX((Log!$D$4:$D$1203=$A34)*(Log!$B$4:$B$1203=C$29)*(Log!$E$4:$E$1203="A")*(Log!$F$4:$F$1203<>"")*Log!$F$4:$F$1203))=0,"",SUMPRODUCT(MAX((Log!$D$4:$D$1203=$A34)*(Log!$B$4:$B$1203=C$29)*(Log!$E$4:$E$1203="A")*(Log!$F$4:$F$1203<>"")*Log!$F$4:$F$1203)))) | D34: =IF($A34="","",IF(SUMPRODUCT(MAX((Log!$D$4:$D$1203=$A34)*(Log!$B$4:$B$1203=D$29)*(Log!$E$4:$E$1203="A")*(Log!$F$4:$F$1203<>"")*Log!$F$4:$F$1203))=0,"",SUMPRODUCT(MAX((Log!$D$4:$D$1203=$A34)*(Log!$B$4:$B$1203=D$29)*(Log!$E$4:$E$1203="A")*(Log!$F$4:$F$1203<>"")*Log!$F$4:$F$1203)))) | E34: =IF($A34="","",IF(SUMPRODUCT(MAX((Log!$D$4:$D$1203=$A34)*(Log!$B$4:$B$1203=E$29)*(Log!$E$4:$E$1203="A")*(Log!$F$4:$F$1203<>"")*Log!$F$4:$F$1203))=0,"",SUMPRODUCT(MAX((Log!$D$4:$D$1203=$A34)*(Log!$B$4:$B$1203=E$29)*(Log!$E$4:$E$1203="A")*(Log!$F$4:$F$1203<>"")*Log!$F$4:$F$1203)))) | F34: =IF($A34="","",IF(SUMPRODUCT(MAX((Log!$D$4:$D$1203=$A34)*(Log!$B$4:$B$1203=F$29)*(Log!$E$4:$E$1203="A")*(Log!$F$4:$F$1203<>"")*Log!$F$4:$F$1203))=0,"",SUMPRODUCT(MAX((Log!$D$4:$D$1203=$A34)*(Log!$B$4:$B$1203=F$29)*(Log!$E$4:$E$1203="A")*(Log!$F$4:$F$1203<>"")*Log!$F$4:$F$1203)))) | G34: =IF($A34="","",IF(SUMPRODUCT(MAX((Log!$D$4:$D$1203=$A34)*(Log!$B$4:$B$1203=G$29)*(Log!$E$4:$E$1203="A")*(Log!$F$4:$F$1203<>"")*Log!$F$4:$F$1203))=0,"",SUMPRODUCT(MAX((Log!$D$4:$D$1203=$A34)*(Log!$B$4:$B$1203=G$29)*(Log!$E$4:$E$1203="A")*(Log!$F$4:$F$1203<>"")*Log!$F$4:$F$1203)))) | H34: =IF($A34="","",IF(SUMPRODUCT(MAX((Log!$D$4:$D$1203=$A34)*(Log!$B$4:$B$1203=H$29)*(Log!$E$4:$E$1203="A")*(Log!$F$4:$F$1203<>"")*Log!$F$4:$F$1203))=0,"",SUMPRODUCT(MAX((Log!$D$4:$D$1203=$A34)*(Log!$B$4:$B$1203=H$29)*(Log!$E$4:$E$1203="A")*(Log!$F$4:$F$1203<>"")*Log!$F$4:$F$1203)))) | I34: =IF($A34="","",IF(SUMPRODUCT(MAX((Log!$D$4:$D$1203=$A34)*(Log!$B$4:$B$1203=I$29)*(Log!$E$4:$E$1203="A")*(Log!$F$4:$F$1203<>"")*Log!$F$4:$F$1203))=0,"",SUMPRODUCT(MAX((Log!$D$4:$D$1203=$A34)*(Log!$B$4:$B$1203=I$29)*(Log!$E$4:$E$1203="A")*(Log!$F$4:$F$1203<>"")*Log!$F$4:$F$1203)))) | ... Q34: =IF($A34="","",IF(SUMPRODUCT(MAX((Log!$D$4:$D$1203=$A34)*(Log!$B$4:$B$1203=Q$29)*(Log!$E$4:$E$1203="A")*(Log!$F$4:$F$1203<>"")*Log!$F$4:$F$1203))=0,"",SUMPRODUCT(MAX((Log!$D$4:$D$1203=$A34)*(Log!$B$4:$B$1203=Q$29)*(Log!$E$4:$E$1203="A")*(Log!$F$4:$F$1203<>"")*Log!$F$4:$F$1203)))) | R34: =IF($A34="","",IF(SUMPRODUCT(MAX((Log!$D$4:$D$1203=$A34)*(Log!$E$4:$E$1203="A")*(Log!$F$4:$F$1203<>"")*Log!$F$4:$F$1203))=0,"",SUMPRODUCT(MAX((Log!$D$4:$D$1203=$A34)*(Log!$E$4:$E$1203="A")*(Log!$F$4:$F$1203<>"")*Log!$F$4:$F$1203)))) -> 215
A35: =IF(Übungen!$A9="","",Übungen!$A9) -> Rumänisches Kreuzheben | B35: =IF($A35="","",IF(SUMPRODUCT(MAX((Log!$D$4:$D$1203=$A35)*(Log!$B$4:$B$1203=B$29)*(Log!$E$4:$E$1203="A")*(Log!$F$4:$F$1203<>"")*Log!$F$4:$F$1203))=0,"",SUMPRODUCT(MAX((Log!$D$4:$D$1203=$A35)*(Log!$B$4:$B$1203=B$29)*(Log!$E$4:$E$1203="A")*(Log!$F$4:$F$1203<>"")*Log!$F$4:$F$1203)))) | C35: =IF($A35="","",IF(SUMPRODUCT(MAX((Log!$D$4:$D$1203=$A35)*(Log!$B$4:$B$1203=C$29)*(Log!$E$4:$E$1203="A")*(Log!$F$4:$F$1203<>"")*Log!$F$4:$F$1203))=0,"",SUMPRODUCT(MAX((Log!$D$4:$D$1203=$A35)*(Log!$B$4:$B$1203=C$29)*(Log!$E$4:$E$1203="A")*(Log!$F$4:$F$1203<>"")*Log!$F$4:$F$1203)))) | D35: =IF($A35="","",IF(SUMPRODUCT(MAX((Log!$D$4:$D$1203=$A35)*(Log!$B$4:$B$1203=D$29)*(Log!$E$4:$E$1203="A")*(Log!$F$4:$F$1203<>"")*Log!$F$4:$F$1203))=0,"",SUMPRODUCT(MAX((Log!$D$4:$D$1203=$A35)*(Log!$B$4:$B$1203=D$29)*(Log!$E$4:$E$1203="A")*(Log!$F$4:$F$1203<>"")*Log!$F$4:$F$1203)))) | E35: =IF($A35="","",IF(SUMPRODUCT(MAX((Log!$D$4:$D$1203=$A35)*(Log!$B$4:$B$1203=E$29)*(Log!$E$4:$E$1203="A")*(Log!$F$4:$F$1203<>"")*Log!$F$4:$F$1203))=0,"",SUMPRODUCT(MAX((Log!$D$4:$D$1203=$A35)*(Log!$B$4:$B$1203=E$29)*(Log!$E$4:$E$1203="A")*(Log!$F$4:$F$1203<>"")*Log!$F$4:$F$1203)))) | F35: =IF($A35="","",IF(SUMPRODUCT(MAX((Log!$D$4:$D$1203=$A35)*(Log!$B$4:$B$1203=F$29)*(Log!$E$4:$E$1203="A")*(Log!$F$4:$F$1203<>"")*Log!$F$4:$F$1203))=0,"",SUMPRODUCT(MAX((Log!$D$4:$D$1203=$A35)*(Log!$B$4:$B$1203=F$29)*(Log!$E$4:$E$1203="A")*(Log!$F$4:$F$1203<>"")*Log!$F$4:$F$1203)))) -> 110 | G35: =IF($A35="","",IF(SUMPRODUCT(MAX((Log!$D$4:$D$1203=$A35)*(Log!$B$4:$B$1203=G$29)*(Log!$E$4:$E$1203="A")*(Log!$F$4:$F$1203<>"")*Log!$F$4:$F$1203))=0,"",SUMPRODUCT(MAX((Log!$D$4:$D$1203=$A35)*(Log!$B$4:$B$1203=G$29)*(Log!$E$4:$E$1203="A")*(Log!$F$4:$F$1203<>"")*Log!$F$4:$F$1203)))) | H35: =IF($A35="","",IF(SUMPRODUCT(MAX((Log!$D$4:$D$1203=$A35)*(Log!$B$4:$B$1203=H$29)*(Log!$E$4:$E$1203="A")*(Log!$F$4:$F$1203<>"")*Log!$F$4:$F$1203))=0,"",SUMPRODUCT(MAX((Log!$D$4:$D$1203=$A35)*(Log!$B$4:$B$1203=H$29)*(Log!$E$4:$E$1203="A")*(Log!$F$4:$F$1203<>"")*Log!$F$4:$F$1203)))) -> 135 | I35: =IF($A35="","",IF(SUMPRODUCT(MAX((Log!$D$4:$D$1203=$A35)*(Log!$B$4:$B$1203=I$29)*(Log!$E$4:$E$1203="A")*(Log!$F$4:$F$1203<>"")*Log!$F$4:$F$1203))=0,"",SUMPRODUCT(MAX((Log!$D$4:$D$1203=$A35)*(Log!$B$4:$B$1203=I$29)*(Log!$E$4:$E$1203="A")*(Log!$F$4:$F$1203<>"")*Log!$F$4:$F$1203)))) | ... Q35: =IF($A35="","",IF(SUMPRODUCT(MAX((Log!$D$4:$D$1203=$A35)*(Log!$B$4:$B$1203=Q$29)*(Log!$E$4:$E$1203="A")*(Log!$F$4:$F$1203<>"")*Log!$F$4:$F$1203))=0,"",SUMPRODUCT(MAX((Log!$D$4:$D$1203=$A35)*(Log!$B$4:$B$1203=Q$29)*(Log!$E$4:$E$1203="A")*(Log!$F$4:$F$1203<>"")*Log!$F$4:$F$1203)))) | R35: =IF($A35="","",IF(SUMPRODUCT(MAX((Log!$D$4:$D$1203=$A35)*(Log!$E$4:$E$1203="A")*(Log!$F$4:$F$1203<>"")*Log!$F$4:$F$1203))=0,"",SUMPRODUCT(MAX((Log!$D$4:$D$1203=$A35)*(Log!$E$4:$E$1203="A")*(Log!$F$4:$F$1203<>"")*Log!$F$4:$F$1203)))) -> 135
A36: =IF(Übungen!$A10="","",Übungen!$A10) -> Rumänisches Kreuzheben KH | B36: =IF($A36="","",IF(SUMPRODUCT(MAX((Log!$D$4:$D$1203=$A36)*(Log!$B$4:$B$1203=B$29)*(Log!$E$4:$E$1203="A")*(Log!$F$4:$F$1203<>"")*Log!$F$4:$F$1203))=0,"",SUMPRODUCT(MAX((Log!$D$4:$D$1203=$A36)*(Log!$B$4:$B$1203=B$29)*(Log!$E$4:$E$1203="A")*(Log!$F$4:$F$1203<>"")*Log!$F$4:$F$1203)))) | C36: =IF($A36="","",IF(SUMPRODUCT(MAX((Log!$D$4:$D$1203=$A36)*(Log!$B$4:$B$1203=C$29)*(Log!$E$4:$E$1203="A")*(Log!$F$4:$F$1203<>"")*Log!$F$4:$F$1203))=0,"",SUMPRODUCT(MAX((Log!$D$4:$D$1203=$A36)*(Log!$B$4:$B$1203=C$29)*(Log!$E$4:$E$1203="A")*(Log!$F$4:$F$1203<>"")*Log!$F$4:$F$1203)))) | D36: =IF($A36="","",IF(SUMPRODUCT(MAX((Log!$D$4:$D$1203=$A36)*(Log!$B$4:$B$1203=D$29)*(Log!$E$4:$E$1203="A")*(Log!$F$4:$F$1203<>"")*Log!$F$4:$F$1203))=0,"",SUMPRODUCT(MAX((Log!$D$4:$D$1203=$A36)*(Log!$B$4:$B$1203=D$29)*(Log!$E$4:$E$1203="A")*(Log!$F$4:$F$1203<>"")*Log!$F$4:$F$1203)))) | E36: =IF($A36="","",IF(SUMPRODUCT(MAX((Log!$D$4:$D$1203=$A36)*(Log!$B$4:$B$1203=E$29)*(Log!$E$4:$E$1203="A")*(Log!$F$4:$F$1203<>"")*Log!$F$4:$F$1203))=0,"",SUMPRODUCT(MAX((Log!$D$4:$D$1203=$A36)*(Log!$B$4:$B$1203=E$29)*(Log!$E$4:$E$1203="A")*(Log!$F$4:$F$1203<>"")*Log!$F$4:$F$1203)))) | F36: =IF($A36="","",IF(SUMPRODUCT(MAX((Log!$D$4:$D$1203=$A36)*(Log!$B$4:$B$1203=F$29)*(Log!$E$4:$E$1203="A")*(Log!$F$4:$F$1203<>"")*Log!$F$4:$F$1203))=0,"",SUMPRODUCT(MAX((Log!$D$4:$D$1203=$A36)*(Log!$B$4:$B$1203=F$29)*(Log!$E$4:$E$1203="A")*(Log!$F$4:$F$1203<>"")*Log!$F$4:$F$1203)))) | G36: =IF($A36="","",IF(SUMPRODUCT(MAX((Log!$D$4:$D$1203=$A36)*(Log!$B$4:$B$1203=G$29)*(Log!$E$4:$E$1203="A")*(Log!$F$4:$F$1203<>"")*Log!$F$4:$F$1203))=0,"",SUMPRODUCT(MAX((Log!$D$4:$D$1203=$A36)*(Log!$B$4:$B$1203=G$29)*(Log!$E$4:$E$1203="A")*(Log!$F$4:$F$1203<>"")*Log!$F$4:$F$1203)))) | H36: =IF($A36="","",IF(SUMPRODUCT(MAX((Log!$D$4:$D$1203=$A36)*(Log!$B$4:$B$1203=H$29)*(Log!$E$4:$E$1203="A")*(Log!$F$4:$F$1203<>"")*Log!$F$4:$F$1203))=0,"",SUMPRODUCT(MAX((Log!$D$4:$D$1203=$A36)*(Log!$B$4:$B$1203=H$29)*(Log!$E$4:$E$1203="A")*(Log!$F$4:$F$1203<>"")*Log!$F$4:$F$1203)))) | I36: =IF($A36="","",IF(SUMPRODUCT(MAX((Log!$D$4:$D$1203=$A36)*(Log!$B$4:$B$1203=I$29)*(Log!$E$4:$E$1203="A")*(Log!$F$4:$F$1203<>"")*Log!$F$4:$F$1203))=0,"",SUMPRODUCT(MAX((Log!$D$4:$D$1203=$A36)*(Log!$B$4:$B$1203=I$29)*(Log!$E$4:$E$1203="A")*(Log!$F$4:$F$1203<>"")*Log!$F$4:$F$1203)))) | ... Q36: =IF($A36="","",IF(SUMPRODUCT(MAX((Log!$D$4:$D$1203=$A36)*(Log!$B$4:$B$1203=Q$29)*(Log!$E$4:$E$1203="A")*(Log!$F$4:$F$1203<>"")*Log!$F$4:$F$1203))=0,"",SUMPRODUCT(MAX((Log!$D$4:$D$1203=$A36)*(Log!$B$4:$B$1203=Q$29)*(Log!$E$4:$E$1203="A")*(Log!$F$4:$F$1203<>"")*Log!$F$4:$F$1203)))) | R36: =IF($A36="","",IF(SUMPRODUCT(MAX((Log!$D$4:$D$1203=$A36)*(Log!$E$4:$E$1203="A")*(Log!$F$4:$F$1203<>"")*Log!$F$4:$F$1203))=0,"",SUMPRODUCT(MAX((Log!$D$4:$D$1203=$A36)*(Log!$E$4:$E$1203="A")*(Log!$F$4:$F$1203<>"")*Log!$F$4:$F$1203)))) -> 34
A37: =IF(Übungen!$A11="","",Übungen!$A11) -> Beinpresse breit | B37: =IF($A37="","",IF(SUMPRODUCT(MAX((Log!$D$4:$D$1203=$A37)*(Log!$B$4:$B$1203=B$29)*(Log!$E$4:$E$1203="A")*(Log!$F$4:$F$1203<>"")*Log!$F$4:$F$1203))=0,"",SUMPRODUCT(MAX((Log!$D$4:$D$1203=$A37)*(Log!$B$4:$B$1203=B$29)*(Log!$E$4:$E$1203="A")*(Log!$F$4:$F$1203<>"")*Log!$F$4:$F$1203)))) | C37: =IF($A37="","",IF(SUMPRODUCT(MAX((Log!$D$4:$D$1203=$A37)*(Log!$B$4:$B$1203=C$29)*(Log!$E$4:$E$1203="A")*(Log!$F$4:$F$1203<>"")*Log!$F$4:$F$1203))=0,"",SUMPRODUCT(MAX((Log!$D$4:$D$1203=$A37)*(Log!$B$4:$B$1203=C$29)*(Log!$E$4:$E$1203="A")*(Log!$F$4:$F$1203<>"")*Log!$F$4:$F$1203)))) | D37: =IF($A37="","",IF(SUMPRODUCT(MAX((Log!$D$4:$D$1203=$A37)*(Log!$B$4:$B$1203=D$29)*(Log!$E$4:$E$1203="A")*(Log!$F$4:$F$1203<>"")*Log!$F$4:$F$1203))=0,"",SUMPRODUCT(MAX((Log!$D$4:$D$1203=$A37)*(Log!$B$4:$B$1203=D$29)*(Log!$E$4:$E$1203="A")*(Log!$F$4:$F$1203<>"")*Log!$F$4:$F$1203)))) | E37: =IF($A37="","",IF(SUMPRODUCT(MAX((Log!$D$4:$D$1203=$A37)*(Log!$B$4:$B$1203=E$29)*(Log!$E$4:$E$1203="A")*(Log!$F$4:$F$1203<>"")*Log!$F$4:$F$1203))=0,"",SUMPRODUCT(MAX((Log!$D$4:$D$1203=$A37)*(Log!$B$4:$B$1203=E$29)*(Log!$E$4:$E$1203="A")*(Log!$F$4:$F$1203<>"")*Log!$F$4:$F$1203)))) | F37: =IF($A37="","",IF(SUMPRODUCT(MAX((Log!$D$4:$D$1203=$A37)*(Log!$B$4:$B$1203=F$29)*(Log!$E$4:$E$1203="A")*(Log!$F$4:$F$1203<>"")*Log!$F$4:$F$1203))=0,"",SUMPRODUCT(MAX((Log!$D$4:$D$1203=$A37)*(Log!$B$4:$B$1203=F$29)*(Log!$E$4:$E$1203="A")*(Log!$F$4:$F$1203<>"")*Log!$F$4:$F$1203)))) | G37: =IF($A37="","",IF(SUMPRODUCT(MAX((Log!$D$4:$D$1203=$A37)*(Log!$B$4:$B$1203=G$29)*(Log!$E$4:$E$1203="A")*(Log!$F$4:$F$1203<>"")*Log!$F$4:$F$1203))=0,"",SUMPRODUCT(MAX((Log!$D$4:$D$1203=$A37)*(Log!$B$4:$B$1203=G$29)*(Log!$E$4:$E$1203="A")*(Log!$F$4:$F$1203<>"")*Log!$F$4:$F$1203)))) | H37: =IF($A37="","",IF(SUMPRODUCT(MAX((Log!$D$4:$D$1203=$A37)*(Log!$B$4:$B$1203=H$29)*(Log!$E$4:$E$1203="A")*(Log!$F$4:$F$1203<>"")*Log!$F$4:$F$1203))=0,"",SUMPRODUCT(MAX((Log!$D$4:$D$1203=$A37)*(Log!$B$4:$B$1203=H$29)*(Log!$E$4:$E$1203="A")*(Log!$F$4:$F$1203<>"")*Log!$F$4:$F$1203)))) | I37: =IF($A37="","",IF(SUMPRODUCT(MAX((Log!$D$4:$D$1203=$A37)*(Log!$B$4:$B$1203=I$29)*(Log!$E$4:$E$1203="A")*(Log!$F$4:$F$1203<>"")*Log!$F$4:$F$1203))=0,"",SUMPRODUCT(MAX((Log!$D$4:$D$1203=$A37)*(Log!$B$4:$B$1203=I$29)*(Log!$E$4:$E$1203="A")*(Log!$F$4:$F$1203<>"")*Log!$F$4:$F$1203)))) | ... Q37: =IF($A37="","",IF(SUMPRODUCT(MAX((Log!$D$4:$D$1203=$A37)*(Log!$B$4:$B$1203=Q$29)*(Log!$E$4:$E$1203="A")*(Log!$F$4:$F$1203<>"")*Log!$F$4:$F$1203))=0,"",SUMPRODUCT(MAX((Log!$D$4:$D$1203=$A37)*(Log!$B$4:$B$1203=Q$29)*(Log!$E$4:$E$1203="A")*(Log!$F$4:$F$1203<>"")*Log!$F$4:$F$1203)))) | R37: =IF($A37="","",IF(SUMPRODUCT(MAX((Log!$D$4:$D$1203=$A37)*(Log!$E$4:$E$1203="A")*(Log!$F$4:$F$1203<>"")*Log!$F$4:$F$1203))=0,"",SUMPRODUCT(MAX((Log!$D$4:$D$1203=$A37)*(Log!$E$4:$E$1203="A")*(Log!$F$4:$F$1203<>"")*Log!$F$4:$F$1203))))
A38: =IF(Übungen!$A12="","",Übungen!$A12) -> Hip Thrust | B38: =IF($A38="","",IF(SUMPRODUCT(MAX((Log!$D$4:$D$1203=$A38)*(Log!$B$4:$B$1203=B$29)*(Log!$E$4:$E$1203="A")*(Log!$F$4:$F$1203<>"")*Log!$F$4:$F$1203))=0,"",SUMPRODUCT(MAX((Log!$D$4:$D$1203=$A38)*(Log!$B$4:$B$1203=B$29)*(Log!$E$4:$E$1203="A")*(Log!$F$4:$F$1203<>"")*Log!$F$4:$F$1203)))) -> 240 | C38: =IF($A38="","",IF(SUMPRODUCT(MAX((Log!$D$4:$D$1203=$A38)*(Log!$B$4:$B$1203=C$29)*(Log!$E$4:$E$1203="A")*(Log!$F$4:$F$1203<>"")*Log!$F$4:$F$1203))=0,"",SUMPRODUCT(MAX((Log!$D$4:$D$1203=$A38)*(Log!$B$4:$B$1203=C$29)*(Log!$E$4:$E$1203="A")*(Log!$F$4:$F$1203<>"")*Log!$F$4:$F$1203)))) -> 280 | D38: =IF($A38="","",IF(SUMPRODUCT(MAX((Log!$D$4:$D$1203=$A38)*(Log!$B$4:$B$1203=D$29)*(Log!$E$4:$E$1203="A")*(Log!$F$4:$F$1203<>"")*Log!$F$4:$F$1203))=0,"",SUMPRODUCT(MAX((Log!$D$4:$D$1203=$A38)*(Log!$B$4:$B$1203=D$29)*(Log!$E$4:$E$1203="A")*(Log!$F$4:$F$1203<>"")*Log!$F$4:$F$1203)))) -> 280 | E38: =IF($A38="","",IF(SUMPRODUCT(MAX((Log!$D$4:$D$1203=$A38)*(Log!$B$4:$B$1203=E$29)*(Log!$E$4:$E$1203="A")*(Log!$F$4:$F$1203<>"")*Log!$F$4:$F$1203))=0,"",SUMPRODUCT(MAX((Log!$D$4:$D$1203=$A38)*(Log!$B$4:$B$1203=E$29)*(Log!$E$4:$E$1203="A")*(Log!$F$4:$F$1203<>"")*Log!$F$4:$F$1203)))) -> 270 | F38: =IF($A38="","",IF(SUMPRODUCT(MAX((Log!$D$4:$D$1203=$A38)*(Log!$B$4:$B$1203=F$29)*(Log!$E$4:$E$1203="A")*(Log!$F$4:$F$1203<>"")*Log!$F$4:$F$1203))=0,"",SUMPRODUCT(MAX((Log!$D$4:$D$1203=$A38)*(Log!$B$4:$B$1203=F$29)*(Log!$E$4:$E$1203="A")*(Log!$F$4:$F$1203<>"")*Log!$F$4:$F$1203)))) -> 190 | G38: =IF($A38="","",IF(SUMPRODUCT(MAX((Log!$D$4:$D$1203=$A38)*(Log!$B$4:$B$1203=G$29)*(Log!$E$4:$E$1203="A")*(Log!$F$4:$F$1203<>"")*Log!$F$4:$F$1203))=0,"",SUMPRODUCT(MAX((Log!$D$4:$D$1203=$A38)*(Log!$B$4:$B$1203=G$29)*(Log!$E$4:$E$1203="A")*(Log!$F$4:$F$1203<>"")*Log!$F$4:$F$1203)))) | H38: =IF($A38="","",IF(SUMPRODUCT(MAX((Log!$D$4:$D$1203=$A38)*(Log!$B$4:$B$1203=H$29)*(Log!$E$4:$E$1203="A")*(Log!$F$4:$F$1203<>"")*Log!$F$4:$F$1203))=0,"",SUMPRODUCT(MAX((Log!$D$4:$D$1203=$A38)*(Log!$B$4:$B$1203=H$29)*(Log!$E$4:$E$1203="A")*(Log!$F$4:$F$1203<>"")*Log!$F$4:$F$1203)))) -> 290 | I38: =IF($A38="","",IF(SUMPRODUCT(MAX((Log!$D$4:$D$1203=$A38)*(Log!$B$4:$B$1203=I$29)*(Log!$E$4:$E$1203="A")*(Log!$F$4:$F$1203<>"")*Log!$F$4:$F$1203))=0,"",SUMPRODUCT(MAX((Log!$D$4:$D$1203=$A38)*(Log!$B$4:$B$1203=I$29)*(Log!$E$4:$E$1203="A")*(Log!$F$4:$F$1203<>"")*Log!$F$4:$F$1203)))) | ... Q38: =IF($A38="","",IF(SUMPRODUCT(MAX((Log!$D$4:$D$1203=$A38)*(Log!$B$4:$B$1203=Q$29)*(Log!$E$4:$E$1203="A")*(Log!$F$4:$F$1203<>"")*Log!$F$4:$F$1203))=0,"",SUMPRODUCT(MAX((Log!$D$4:$D$1203=$A38)*(Log!$B$4:$B$1203=Q$29)*(Log!$E$4:$E$1203="A")*(Log!$F$4:$F$1203<>"")*Log!$F$4:$F$1203)))) | R38: =IF($A38="","",IF(SUMPRODUCT(MAX((Log!$D$4:$D$1203=$A38)*(Log!$E$4:$E$1203="A")*(Log!$F$4:$F$1203<>"")*Log!$F$4:$F$1203))=0,"",SUMPRODUCT(MAX((Log!$D$4:$D$1203=$A38)*(Log!$E$4:$E$1203="A")*(Log!$F$4:$F$1203<>"")*Log!$F$4:$F$1203)))) -> 290
A39: =IF(Übungen!$A13="","",Übungen!$A13) -> Hip & Glute | B39: =IF($A39="","",IF(SUMPRODUCT(MAX((Log!$D$4:$D$1203=$A39)*(Log!$B$4:$B$1203=B$29)*(Log!$E$4:$E$1203="A")*(Log!$F$4:$F$1203<>"")*Log!$F$4:$F$1203))=0,"",SUMPRODUCT(MAX((Log!$D$4:$D$1203=$A39)*(Log!$B$4:$B$1203=B$29)*(Log!$E$4:$E$1203="A")*(Log!$F$4:$F$1203<>"")*Log!$F$4:$F$1203)))) | C39: =IF($A39="","",IF(SUMPRODUCT(MAX((Log!$D$4:$D$1203=$A39)*(Log!$B$4:$B$1203=C$29)*(Log!$E$4:$E$1203="A")*(Log!$F$4:$F$1203<>"")*Log!$F$4:$F$1203))=0,"",SUMPRODUCT(MAX((Log!$D$4:$D$1203=$A39)*(Log!$B$4:$B$1203=C$29)*(Log!$E$4:$E$1203="A")*(Log!$F$4:$F$1203<>"")*Log!$F$4:$F$1203)))) | D39: =IF($A39="","",IF(SUMPRODUCT(MAX((Log!$D$4:$D$1203=$A39)*(Log!$B$4:$B$1203=D$29)*(Log!$E$4:$E$1203="A")*(Log!$F$4:$F$1203<>"")*Log!$F$4:$F$1203))=0,"",SUMPRODUCT(MAX((Log!$D$4:$D$1203=$A39)*(Log!$B$4:$B$1203=D$29)*(Log!$E$4:$E$1203="A")*(Log!$F$4:$F$1203<>"")*Log!$F$4:$F$1203)))) | E39: =IF($A39="","",IF(SUMPRODUCT(MAX((Log!$D$4:$D$1203=$A39)*(Log!$B$4:$B$1203=E$29)*(Log!$E$4:$E$1203="A")*(Log!$F$4:$F$1203<>"")*Log!$F$4:$F$1203))=0,"",SUMPRODUCT(MAX((Log!$D$4:$D$1203=$A39)*(Log!$B$4:$B$1203=E$29)*(Log!$E$4:$E$1203="A")*(Log!$F$4:$F$1203<>"")*Log!$F$4:$F$1203)))) | F39: =IF($A39="","",IF(SUMPRODUCT(MAX((Log!$D$4:$D$1203=$A39)*(Log!$B$4:$B$1203=F$29)*(Log!$E$4:$E$1203="A")*(Log!$F$4:$F$1203<>"")*Log!$F$4:$F$1203))=0,"",SUMPRODUCT(MAX((Log!$D$4:$D$1203=$A39)*(Log!$B$4:$B$1203=F$29)*(Log!$E$4:$E$1203="A")*(Log!$F$4:$F$1203<>"")*Log!$F$4:$F$1203)))) | G39: =IF($A39="","",IF(SUMPRODUCT(MAX((Log!$D$4:$D$1203=$A39)*(Log!$B$4:$B$1203=G$29)*(Log!$E$4:$E$1203="A")*(Log!$F$4:$F$1203<>"")*Log!$F$4:$F$1203))=0,"",SUMPRODUCT(MAX((Log!$D$4:$D$1203=$A39)*(Log!$B$4:$B$1203=G$29)*(Log!$E$4:$E$1203="A")*(Log!$F$4:$F$1203<>"")*Log!$F$4:$F$1203)))) | H39: =IF($A39="","",IF(SUMPRODUCT(MAX((Log!$D$4:$D$1203=$A39)*(Log!$B$4:$B$1203=H$29)*(Log!$E$4:$E$1203="A")*(Log!$F$4:$F$1203<>"")*Log!$F$4:$F$1203))=0,"",SUMPRODUCT(MAX((Log!$D$4:$D$1203=$A39)*(Log!$B$4:$B$1203=H$29)*(Log!$E$4:$E$1203="A")*(Log!$F$4:$F$1203<>"")*Log!$F$4:$F$1203)))) -> 141 | I39: =IF($A39="","",IF(SUMPRODUCT(MAX((Log!$D$4:$D$1203=$A39)*(Log!$B$4:$B$1203=I$29)*(Log!$E$4:$E$1203="A")*(Log!$F$4:$F$1203<>"")*Log!$F$4:$F$1203))=0,"",SUMPRODUCT(MAX((Log!$D$4:$D$1203=$A39)*(Log!$B$4:$B$1203=I$29)*(Log!$E$4:$E$1203="A")*(Log!$F$4:$F$1203<>"")*Log!$F$4:$F$1203)))) | ... Q39: =IF($A39="","",IF(SUMPRODUCT(MAX((Log!$D$4:$D$1203=$A39)*(Log!$B$4:$B$1203=Q$29)*(Log!$E$4:$E$1203="A")*(Log!$F$4:$F$1203<>"")*Log!$F$4:$F$1203))=0,"",SUMPRODUCT(MAX((Log!$D$4:$D$1203=$A39)*(Log!$B$4:$B$1203=Q$29)*(Log!$E$4:$E$1203="A")*(Log!$F$4:$F$1203<>"")*Log!$F$4:$F$1203)))) | R39: =IF($A39="","",IF(SUMPRODUCT(MAX((Log!$D$4:$D$1203=$A39)*(Log!$E$4:$E$1203="A")*(Log!$F$4:$F$1203<>"")*Log!$F$4:$F$1203))=0,"",SUMPRODUCT(MAX((Log!$D$4:$D$1203=$A39)*(Log!$E$4:$E$1203="A")*(Log!$F$4:$F$1203<>"")*Log!$F$4:$F$1203)))) -> 176
A40: =IF(Übungen!$A14="","",Übungen!$A14) -> Beinbeuger | B40: =IF($A40="","",IF(SUMPRODUCT(MAX((Log!$D$4:$D$1203=$A40)*(Log!$B$4:$B$1203=B$29)*(Log!$E$4:$E$1203="A")*(Log!$F$4:$F$1203<>"")*Log!$F$4:$F$1203))=0,"",SUMPRODUCT(MAX((Log!$D$4:$D$1203=$A40)*(Log!$B$4:$B$1203=B$29)*(Log!$E$4:$E$1203="A")*(Log!$F$4:$F$1203<>"")*Log!$F$4:$F$1203)))) -> 50 | C40: =IF($A40="","",IF(SUMPRODUCT(MAX((Log!$D$4:$D$1203=$A40)*(Log!$B$4:$B$1203=C$29)*(Log!$E$4:$E$1203="A")*(Log!$F$4:$F$1203<>"")*Log!$F$4:$F$1203))=0,"",SUMPRODUCT(MAX((Log!$D$4:$D$1203=$A40)*(Log!$B$4:$B$1203=C$29)*(Log!$E$4:$E$1203="A")*(Log!$F$4:$F$1203<>"")*Log!$F$4:$F$1203)))) -> 55 | D40: =IF($A40="","",IF(SUMPRODUCT(MAX((Log!$D$4:$D$1203=$A40)*(Log!$B$4:$B$1203=D$29)*(Log!$E$4:$E$1203="A")*(Log!$F$4:$F$1203<>"")*Log!$F$4:$F$1203))=0,"",SUMPRODUCT(MAX((Log!$D$4:$D$1203=$A40)*(Log!$B$4:$B$1203=D$29)*(Log!$E$4:$E$1203="A")*(Log!$F$4:$F$1203<>"")*Log!$F$4:$F$1203)))) -> 45 | E40: =IF($A40="","",IF(SUMPRODUCT(MAX((Log!$D$4:$D$1203=$A40)*(Log!$B$4:$B$1203=E$29)*(Log!$E$4:$E$1203="A")*(Log!$F$4:$F$1203<>"")*Log!$F$4:$F$1203))=0,"",SUMPRODUCT(MAX((Log!$D$4:$D$1203=$A40)*(Log!$B$4:$B$1203=E$29)*(Log!$E$4:$E$1203="A")*(Log!$F$4:$F$1203<>"")*Log!$F$4:$F$1203)))) | F40: =IF($A40="","",IF(SUMPRODUCT(MAX((Log!$D$4:$D$1203=$A40)*(Log!$B$4:$B$1203=F$29)*(Log!$E$4:$E$1203="A")*(Log!$F$4:$F$1203<>"")*Log!$F$4:$F$1203))=0,"",SUMPRODUCT(MAX((Log!$D$4:$D$1203=$A40)*(Log!$B$4:$B$1203=F$29)*(Log!$E$4:$E$1203="A")*(Log!$F$4:$F$1203<>"")*Log!$F$4:$F$1203)))) -> 45 | G40: =IF($A40="","",IF(SUMPRODUCT(MAX((Log!$D$4:$D$1203=$A40)*(Log!$B$4:$B$1203=G$29)*(Log!$E$4:$E$1203="A")*(Log!$F$4:$F$1203<>"")*Log!$F$4:$F$1203))=0,"",SUMPRODUCT(MAX((Log!$D$4:$D$1203=$A40)*(Log!$B$4:$B$1203=G$29)*(Log!$E$4:$E$1203="A")*(Log!$F$4:$F$1203<>"")*Log!$F$4:$F$1203)))) | H40: =IF($A40="","",IF(SUMPRODUCT(MAX((Log!$D$4:$D$1203=$A40)*(Log!$B$4:$B$1203=H$29)*(Log!$E$4:$E$1203="A")*(Log!$F$4:$F$1203<>"")*Log!$F$4:$F$1203))=0,"",SUMPRODUCT(MAX((Log!$D$4:$D$1203=$A40)*(Log!$B$4:$B$1203=H$29)*(Log!$E$4:$E$1203="A")*(Log!$F$4:$F$1203<>"")*Log!$F$4:$F$1203)))) -> 52.5 | I40: =IF($A40="","",IF(SUMPRODUCT(MAX((Log!$D$4:$D$1203=$A40)*(Log!$B$4:$B$1203=I$29)*(Log!$E$4:$E$1203="A")*(Log!$F$4:$F$1203<>"")*Log!$F$4:$F$1203))=0,"",SUMPRODUCT(MAX((Log!$D$4:$D$1203=$A40)*(Log!$B$4:$B$1203=I$29)*(Log!$E$4:$E$1203="A")*(Log!$F$4:$F$1203<>"")*Log!$F$4:$F$1203)))) | ... Q40: =IF($A40="","",IF(SUMPRODUCT(MAX((Log!$D$4:$D$1203=$A40)*(Log!$B$4:$B$1203=Q$29)*(Log!$E$4:$E$1203="A")*(Log!$F$4:$F$1203<>"")*Log!$F$4:$F$1203))=0,"",SUMPRODUCT(MAX((Log!$D$4:$D$1203=$A40)*(Log!$B$4:$B$1203=Q$29)*(Log!$E$4:$E$1203="A")*(Log!$F$4:$F$1203<>"")*Log!$F$4:$F$1203)))) | R40: =IF($A40="","",IF(SUMPRODUCT(MAX((Log!$D$4:$D$1203=$A40)*(Log!$E$4:$E$1203="A")*(Log!$F$4:$F$1203<>"")*Log!$F$4:$F$1203))=0,"",SUMPRODUCT(MAX((Log!$D$4:$D$1203=$A40)*(Log!$E$4:$E$1203="A")*(Log!$F$4:$F$1203<>"")*Log!$F$4:$F$1203)))) -> 57.5
A41: =IF(Übungen!$A15="","",Übungen!$A15) -> Seitliche Kickbacks | B41: =IF($A41="","",IF(SUMPRODUCT(MAX((Log!$D$4:$D$1203=$A41)*(Log!$B$4:$B$1203=B$29)*(Log!$E$4:$E$1203="A")*(Log!$F$4:$F$1203<>"")*Log!$F$4:$F$1203))=0,"",SUMPRODUCT(MAX((Log!$D$4:$D$1203=$A41)*(Log!$B$4:$B$1203=B$29)*(Log!$E$4:$E$1203="A")*(Log!$F$4:$F$1203<>"")*Log!$F$4:$F$1203)))) -> 49 | C41: =IF($A41="","",IF(SUMPRODUCT(MAX((Log!$D$4:$D$1203=$A41)*(Log!$B$4:$B$1203=C$29)*(Log!$E$4:$E$1203="A")*(Log!$F$4:$F$1203<>"")*Log!$F$4:$F$1203))=0,"",SUMPRODUCT(MAX((Log!$D$4:$D$1203=$A41)*(Log!$B$4:$B$1203=C$29)*(Log!$E$4:$E$1203="A")*(Log!$F$4:$F$1203<>"")*Log!$F$4:$F$1203)))) -> 35 | D41: =IF($A41="","",IF(SUMPRODUCT(MAX((Log!$D$4:$D$1203=$A41)*(Log!$B$4:$B$1203=D$29)*(Log!$E$4:$E$1203="A")*(Log!$F$4:$F$1203<>"")*Log!$F$4:$F$1203))=0,"",SUMPRODUCT(MAX((Log!$D$4:$D$1203=$A41)*(Log!$B$4:$B$1203=D$29)*(Log!$E$4:$E$1203="A")*(Log!$F$4:$F$1203<>"")*Log!$F$4:$F$1203)))) | E41: =IF($A41="","",IF(SUMPRODUCT(MAX((Log!$D$4:$D$1203=$A41)*(Log!$B$4:$B$1203=E$29)*(Log!$E$4:$E$1203="A")*(Log!$F$4:$F$1203<>"")*Log!$F$4:$F$1203))=0,"",SUMPRODUCT(MAX((Log!$D$4:$D$1203=$A41)*(Log!$B$4:$B$1203=E$29)*(Log!$E$4:$E$1203="A")*(Log!$F$4:$F$1203<>"")*Log!$F$4:$F$1203)))) | F41: =IF($A41="","",IF(SUMPRODUCT(MAX((Log!$D$4:$D$1203=$A41)*(Log!$B$4:$B$1203=F$29)*(Log!$E$4:$E$1203="A")*(Log!$F$4:$F$1203<>"")*Log!$F$4:$F$1203))=0,"",SUMPRODUCT(MAX((Log!$D$4:$D$1203=$A41)*(Log!$B$4:$B$1203=F$29)*(Log!$E$4:$E$1203="A")*(Log!$F$4:$F$1203<>"")*Log!$F$4:$F$1203)))) -> 36 | G41: =IF($A41="","",IF(SUMPRODUCT(MAX((Log!$D$4:$D$1203=$A41)*(Log!$B$4:$B$1203=G$29)*(Log!$E$4:$E$1203="A")*(Log!$F$4:$F$1203<>"")*Log!$F$4:$F$1203))=0,"",SUMPRODUCT(MAX((Log!$D$4:$D$1203=$A41)*(Log!$B$4:$B$1203=G$29)*(Log!$E$4:$E$1203="A")*(Log!$F$4:$F$1203<>"")*Log!$F$4:$F$1203)))) | H41: =IF($A41="","",IF(SUMPRODUCT(MAX((Log!$D$4:$D$1203=$A41)*(Log!$B$4:$B$1203=H$29)*(Log!$E$4:$E$1203="A")*(Log!$F$4:$F$1203<>"")*Log!$F$4:$F$1203))=0,"",SUMPRODUCT(MAX((Log!$D$4:$D$1203=$A41)*(Log!$B$4:$B$1203=H$29)*(Log!$E$4:$E$1203="A")*(Log!$F$4:$F$1203<>"")*Log!$F$4:$F$1203)))) | I41: =IF($A41="","",IF(SUMPRODUCT(MAX((Log!$D$4:$D$1203=$A41)*(Log!$B$4:$B$1203=I$29)*(Log!$E$4:$E$1203="A")*(Log!$F$4:$F$1203<>"")*Log!$F$4:$F$1203))=0,"",SUMPRODUCT(MAX((Log!$D$4:$D$1203=$A41)*(Log!$B$4:$B$1203=I$29)*(Log!$E$4:$E$1203="A")*(Log!$F$4:$F$1203<>"")*Log!$F$4:$F$1203)))) | ... Q41: =IF($A41="","",IF(SUMPRODUCT(MAX((Log!$D$4:$D$1203=$A41)*(Log!$B$4:$B$1203=Q$29)*(Log!$E$4:$E$1203="A")*(Log!$F$4:$F$1203<>"")*Log!$F$4:$F$1203))=0,"",SUMPRODUCT(MAX((Log!$D$4:$D$1203=$A41)*(Log!$B$4:$B$1203=Q$29)*(Log!$E$4:$E$1203="A")*(Log!$F$4:$F$1203<>"")*Log!$F$4:$F$1203)))) | R41: =IF($A41="","",IF(SUMPRODUCT(MAX((Log!$D$4:$D$1203=$A41)*(Log!$E$4:$E$1203="A")*(Log!$F$4:$F$1203<>"")*Log!$F$4:$F$1203))=0,"",SUMPRODUCT(MAX((Log!$D$4:$D$1203=$A41)*(Log!$E$4:$E$1203="A")*(Log!$F$4:$F$1203<>"")*Log!$F$4:$F$1203)))) -> 49
... A49: =IF(Übungen!$A23="","",Übungen!$A23) | B49: =IF($A49="","",IF(SUMPRODUCT(MAX((Log!$D$4:$D$1203=$A49)*(Log!$B$4:$B$1203=B$29)*(Log!$E$4:$E$1203="A")*(Log!$F$4:$F$1203<>"")*Log!$F$4:$F$1203))=0,"",SUMPRODUCT(MAX((Log!$D$4:$D$1203=$A49)*(Log!$B$4:$B$1203=B$29)*(Log!$E$4:$E$1203="A")*(Log!$F$4:$F$1203<>"")*Log!$F$4:$F$1203)))) | C49: =IF($A49="","",IF(SUMPRODUCT(MAX((Log!$D$4:$D$1203=$A49)*(Log!$B$4:$B$1203=C$29)*(Log!$E$4:$E$1203="A")*(Log!$F$4:$F$1203<>"")*Log!$F$4:$F$1203))=0,"",SUMPRODUCT(MAX((Log!$D$4:$D$1203=$A49)*(Log!$B$4:$B$1203=C$29)*(Log!$E$4:$E$1203="A")*(Log!$F$4:$F$1203<>"")*Log!$F$4:$F$1203)))) | D49: =IF($A49="","",IF(SUMPRODUCT(MAX((Log!$D$4:$D$1203=$A49)*(Log!$B$4:$B$1203=D$29)*(Log!$E$4:$E$1203="A")*(Log!$F$4:$F$1203<>"")*Log!$F$4:$F$1203))=0,"",SUMPRODUCT(MAX((Log!$D$4:$D$1203=$A49)*(Log!$B$4:$B$1203=D$29)*(Log!$E$4:$E$1203="A")*(Log!$F$4:$F$1203<>"")*Log!$F$4:$F$1203)))) | E49: =IF($A49="","",IF(SUMPRODUCT(MAX((Log!$D$4:$D$1203=$A49)*(Log!$B$4:$B$1203=E$29)*(Log!$E$4:$E$1203="A")*(Log!$F$4:$F$1203<>"")*Log!$F$4:$F$1203))=0,"",SUMPRODUCT(MAX((Log!$D$4:$D$1203=$A49)*(Log!$B$4:$B$1203=E$29)*(Log!$E$4:$E$1203="A")*(Log!$F$4:$F$1203<>"")*Log!$F$4:$F$1203)))) | F49: =IF($A49="","",IF(SUMPRODUCT(MAX((Log!$D$4:$D$1203=$A49)*(Log!$B$4:$B$1203=F$29)*(Log!$E$4:$E$1203="A")*(Log!$F$4:$F$1203<>"")*Log!$F$4:$F$1203))=0,"",SUMPRODUCT(MAX((Log!$D$4:$D$1203=$A49)*(Log!$B$4:$B$1203=F$29)*(Log!$E$4:$E$1203="A")*(Log!$F$4:$F$1203<>"")*Log!$F$4:$F$1203)))) | G49: =IF($A49="","",IF(SUMPRODUCT(MAX((Log!$D$4:$D$1203=$A49)*(Log!$B$4:$B$1203=G$29)*(Log!$E$4:$E$1203="A")*(Log!$F$4:$F$1203<>"")*Log!$F$4:$F$1203))=0,"",SUMPRODUCT(MAX((Log!$D$4:$D$1203=$A49)*(Log!$B$4:$B$1203=G$29)*(Log!$E$4:$E$1203="A")*(Log!$F$4:$F$1203<>"")*Log!$F$4:$F$1203)))) | H49: =IF($A49="","",IF(SUMPRODUCT(MAX((Log!$D$4:$D$1203=$A49)*(Log!$B$4:$B$1203=H$29)*(Log!$E$4:$E$1203="A")*(Log!$F$4:$F$1203<>"")*Log!$F$4:$F$1203))=0,"",SUMPRODUCT(MAX((Log!$D$4:$D$1203=$A49)*(Log!$B$4:$B$1203=H$29)*(Log!$E$4:$E$1203="A")*(Log!$F$4:$F$1203<>"")*Log!$F$4:$F$1203)))) | I49: =IF($A49="","",IF(SUMPRODUCT(MAX((Log!$D$4:$D$1203=$A49)*(Log!$B$4:$B$1203=I$29)*(Log!$E$4:$E$1203="A")*(Log!$F$4:$F$1203<>"")*Log!$F$4:$F$1203))=0,"",SUMPRODUCT(MAX((Log!$D$4:$D$1203=$A49)*(Log!$B$4:$B$1203=I$29)*(Log!$E$4:$E$1203="A")*(Log!$F$4:$F$1203<>"")*Log!$F$4:$F$1203)))) | ... Q49: =IF($A49="","",IF(SUMPRODUCT(MAX((Log!$D$4:$D$1203=$A49)*(Log!$B$4:$B$1203=Q$29)*(Log!$E$4:$E$1203="A")*(Log!$F$4:$F$1203<>"")*Log!$F$4:$F$1203))=0,"",SUMPRODUCT(MAX((Log!$D$4:$D$1203=$A49)*(Log!$B$4:$B$1203=Q$29)*(Log!$E$4:$E$1203="A")*(Log!$F$4:$F$1203<>"")*Log!$F$4:$F$1203)))) | R49: =IF($A49="","",IF(SUMPRODUCT(MAX((Log!$D$4:$D$1203=$A49)*(Log!$E$4:$E$1203="A")*(Log!$F$4:$F$1203<>"")*Log!$F$4:$F$1203))=0,"",SUMPRODUCT(MAX((Log!$D$4:$D$1203=$A49)*(Log!$E$4:$E$1203="A")*(Log!$F$4:$F$1203<>"")*Log!$F$4:$F$1203))))
A52: 3 Bester e1RM (kg) · Epley: Gewicht × (1 + Wdh / 30)
A53: Übung | B53: =$B$3 -> 1 | C53: =B53+1 -> 2 | D53: =C53+1 -> 3 | E53: =D53+1 -> 4 | F53: =E53+1 -> 5 | G53: =F53+1 -> 6 | H53: =G53+1 -> 7 | I53: =H53+1 -> 8 | J53: =I53+1 -> 9 | ... Q53: =P53+1 -> 16 | R53: Bestwert
A54: =IF(Übungen!$A4="","",Übungen!$A4) -> Beinpresse eng | B54: =IF($A54="","",IF(SUMPRODUCT(MAX((Log!$D$4:$D$1203=$A54)*(Log!$B$4:$B$1203=B$53)*(Log!$E$4:$E$1203="A")*(Log!$F$4:$F$1203<>"")*(Log!$G$4:$G$1203<>"")*Log!$F$4:$F$1203*(1+Log!$G$4:$G$1203/30)))=0,"",SUMPRODUCT(MAX((Log!$D$4:$D$1203=$A54)*(Log!$B$4:$B$1203=B$53)*(Log!$E$4:$E$1203="A")*(Log!$F$4:$F$1203<>"")*(Log!$G$4:$G$1203<>"")*Log!$F$4:$F$1203*(1+Log!$G$4:$G$1203/30))))) | C54: =IF($A54="","",IF(SUMPRODUCT(MAX((Log!$D$4:$D$1203=$A54)*(Log!$B$4:$B$1203=C$53)*(Log!$E$4:$E$1203="A")*(Log!$F$4:$F$1203<>"")*(Log!$G$4:$G$1203<>"")*Log!$F$4:$F$1203*(1+Log!$G$4:$G$1203/30)))=0,"",SUMPRODUCT(MAX((Log!$D$4:$D$1203=$A54)*(Log!$B$4:$B$1203=C$53)*(Log!$E$4:$E$1203="A")*(Log!$F$4:$F$1203<>"")*(Log!$G$4:$G$1203<>"")*Log!$F$4:$F$1203*(1+Log!$G$4:$G$1203/30))))) | D54: =IF($A54="","",IF(SUMPRODUCT(MAX((Log!$D$4:$D$1203=$A54)*(Log!$B$4:$B$1203=D$53)*(Log!$E$4:$E$1203="A")*(Log!$F$4:$F$1203<>"")*(Log!$G$4:$G$1203<>"")*Log!$F$4:$F$1203*(1+Log!$G$4:$G$1203/30)))=0,"",SUMPRODUCT(MAX((Log!$D$4:$D$1203=$A54)*(Log!$B$4:$B$1203=D$53)*(Log!$E$4:$E$1203="A")*(Log!$F$4:$F$1203<>"")*(Log!$G$4:$G$1203<>"")*Log!$F$4:$F$1203*(1+Log!$G$4:$G$1203/30))))) | E54: =IF($A54="","",IF(SUMPRODUCT(MAX((Log!$D$4:$D$1203=$A54)*(Log!$B$4:$B$1203=E$53)*(Log!$E$4:$E$1203="A")*(Log!$F$4:$F$1203<>"")*(Log!$G$4:$G$1203<>"")*Log!$F$4:$F$1203*(1+Log!$G$4:$G$1203/30)))=0,"",SUMPRODUCT(MAX((Log!$D$4:$D$1203=$A54)*(Log!$B$4:$B$1203=E$53)*(Log!$E$4:$E$1203="A")*(Log!$F$4:$F$1203<>"")*(Log!$G$4:$G$1203<>"")*Log!$F$4:$F$1203*(1+Log!$G$4:$G$1203/30))))) | F54: =IF($A54="","",IF(SUMPRODUCT(MAX((Log!$D$4:$D$1203=$A54)*(Log!$B$4:$B$1203=F$53)*(Log!$E$4:$E$1203="A")*(Log!$F$4:$F$1203<>"")*(Log!$G$4:$G$1203<>"")*Log!$F$4:$F$1203*(1+Log!$G$4:$G$1203/30)))=0,"",SUMPRODUCT(MAX((Log!$D$4:$D$1203=$A54)*(Log!$B$4:$B$1203=F$53)*(Log!$E$4:$E$1203="A")*(Log!$F$4:$F$1203<>"")*(Log!$G$4:$G$1203<>"")*Log!$F$4:$F$1203*(1+Log!$G$4:$G$1203/30))))) -> 364 | G54: =IF($A54="","",IF(SUMPRODUCT(MAX((Log!$D$4:$D$1203=$A54)*(Log!$B$4:$B$1203=G$53)*(Log!$E$4:$E$1203="A")*(Log!$F$4:$F$1203<>"")*(Log!$G$4:$G$1203<>"")*Log!$F$4:$F$1203*(1+Log!$G$4:$G$1203/30)))=0,"",SUMPRODUCT(MAX((Log!$D$4:$D$1203=$A54)*(Log!$B$4:$B$1203=G$53)*(Log!$E$4:$E$1203="A")*(Log!$F$4:$F$1203<>"")*(Log!$G$4:$G$1203<>"")*Log!$F$4:$F$1203*(1+Log!$G$4:$G$1203/30))))) -> 382.2 | H54: =IF($A54="","",IF(SUMPRODUCT(MAX((Log!$D$4:$D$1203=$A54)*(Log!$B$4:$B$1203=H$53)*(Log!$E$4:$E$1203="A")*(Log!$F$4:$F$1203<>"")*(Log!$G$4:$G$1203<>"")*Log!$F$4:$F$1203*(1+Log!$G$4:$G$1203/30)))=0,"",SUMPRODUCT(MAX((Log!$D$4:$D$1203=$A54)*(Log!$B$4:$B$1203=H$53)*(Log!$E$4:$E$1203="A")*(Log!$F$4:$F$1203<>"")*(Log!$G$4:$G$1203<>"")*Log!$F$4:$F$1203*(1+Log!$G$4:$G$1203/30))))) | I54: =IF($A54="","",IF(SUMPRODUCT(MAX((Log!$D$4:$D$1203=$A54)*(Log!$B$4:$B$1203=I$53)*(Log!$E$4:$E$1203="A")*(Log!$F$4:$F$1203<>"")*(Log!$G$4:$G$1203<>"")*Log!$F$4:$F$1203*(1+Log!$G$4:$G$1203/30)))=0,"",SUMPRODUCT(MAX((Log!$D$4:$D$1203=$A54)*(Log!$B$4:$B$1203=I$53)*(Log!$E$4:$E$1203="A")*(Log!$F$4:$F$1203<>"")*(Log!$G$4:$G$1203<>"")*Log!$F$4:$F$1203*(1+Log!$G$4:$G$1203/30))))) -> 421.8 | ... Q54: =IF($A54="","",IF(SUMPRODUCT(MAX((Log!$D$4:$D$1203=$A54)*(Log!$B$4:$B$1203=Q$53)*(Log!$E$4:$E$1203="A")*(Log!$F$4:$F$1203<>"")*(Log!$G$4:$G$1203<>"")*Log!$F$4:$F$1203*(1+Log!$G$4:$G$1203/30)))=0,"",SUMPRODUCT(MAX((Log!$D$4:$D$1203=$A54)*(Log!$B$4:$B$1203=Q$53)*(Log!$E$4:$E$1203="A")*(Log!$F$4:$F$1203<>"")*(Log!$G$4:$G$1203<>"")*Log!$F$4:$F$1203*(1+Log!$G$4:$G$1203/30))))) -> 350 | R54: =IF($A54="","",IF(SUMPRODUCT(MAX((Log!$D$4:$D$1203=$A54)*(Log!$E$4:$E$1203="A")*(Log!$F$4:$F$1203<>"")*(Log!$G$4:$G$1203<>"")*Log!$F$4:$F$1203*(1+Log!$G$4:$G$1203/30)))=0,"",SUMPRODUCT(MAX((Log!$D$4:$D$1203=$A54)*(Log!$E$4:$E$1203="A")*(Log!$F$4:$F$1203<>"")*(Log!$G$4:$G$1203<>"")*Log!$F$4:$F$1203*(1+Log!$G$4:$G$1203/30))))) -> 440
A55: =IF(Übungen!$A5="","",Übungen!$A5) -> Split Squat | B55: =IF($A55="","",IF(SUMPRODUCT(MAX((Log!$D$4:$D$1203=$A55)*(Log!$B$4:$B$1203=B$53)*(Log!$E$4:$E$1203="A")*(Log!$F$4:$F$1203<>"")*(Log!$G$4:$G$1203<>"")*Log!$F$4:$F$1203*(1+Log!$G$4:$G$1203/30)))=0,"",SUMPRODUCT(MAX((Log!$D$4:$D$1203=$A55)*(Log!$B$4:$B$1203=B$53)*(Log!$E$4:$E$1203="A")*(Log!$F$4:$F$1203<>"")*(Log!$G$4:$G$1203<>"")*Log!$F$4:$F$1203*(1+Log!$G$4:$G$1203/30))))) -> 116.66667 | C55: =IF($A55="","",IF(SUMPRODUCT(MAX((Log!$D$4:$D$1203=$A55)*(Log!$B$4:$B$1203=C$53)*(Log!$E$4:$E$1203="A")*(Log!$F$4:$F$1203<>"")*(Log!$G$4:$G$1203<>"")*Log!$F$4:$F$1203*(1+Log!$G$4:$G$1203/30)))=0,"",SUMPRODUCT(MAX((Log!$D$4:$D$1203=$A55)*(Log!$B$4:$B$1203=C$53)*(Log!$E$4:$E$1203="A")*(Log!$F$4:$F$1203<>"")*(Log!$G$4:$G$1203<>"")*Log!$F$4:$F$1203*(1+Log!$G$4:$G$1203/30))))) -> 119 | D55: =IF($A55="","",IF(SUMPRODUCT(MAX((Log!$D$4:$D$1203=$A55)*(Log!$B$4:$B$1203=D$53)*(Log!$E$4:$E$1203="A")*(Log!$F$4:$F$1203<>"")*(Log!$G$4:$G$1203<>"")*Log!$F$4:$F$1203*(1+Log!$G$4:$G$1203/30)))=0,"",SUMPRODUCT(MAX((Log!$D$4:$D$1203=$A55)*(Log!$B$4:$B$1203=D$53)*(Log!$E$4:$E$1203="A")*(Log!$F$4:$F$1203<>"")*(Log!$G$4:$G$1203<>"")*Log!$F$4:$F$1203*(1+Log!$G$4:$G$1203/30))))) -> 123.5 | E55: =IF($A55="","",IF(SUMPRODUCT(MAX((Log!$D$4:$D$1203=$A55)*(Log!$B$4:$B$1203=E$53)*(Log!$E$4:$E$1203="A")*(Log!$F$4:$F$1203<>"")*(Log!$G$4:$G$1203<>"")*Log!$F$4:$F$1203*(1+Log!$G$4:$G$1203/30)))=0,"",SUMPRODUCT(MAX((Log!$D$4:$D$1203=$A55)*(Log!$B$4:$B$1203=E$53)*(Log!$E$4:$E$1203="A")*(Log!$F$4:$F$1203<>"")*(Log!$G$4:$G$1203<>"")*Log!$F$4:$F$1203*(1+Log!$G$4:$G$1203/30))))) -> 101.33333 | F55: =IF($A55="","",IF(SUMPRODUCT(MAX((Log!$D$4:$D$1203=$A55)*(Log!$B$4:$B$1203=F$53)*(Log!$E$4:$E$1203="A")*(Log!$F$4:$F$1203<>"")*(Log!$G$4:$G$1203<>"")*Log!$F$4:$F$1203*(1+Log!$G$4:$G$1203/30)))=0,"",SUMPRODUCT(MAX((Log!$D$4:$D$1203=$A55)*(Log!$B$4:$B$1203=F$53)*(Log!$E$4:$E$1203="A")*(Log!$F$4:$F$1203<>"")*(Log!$G$4:$G$1203<>"")*Log!$F$4:$F$1203*(1+Log!$G$4:$G$1203/30))))) -> 126.66667 | G55: =IF($A55="","",IF(SUMPRODUCT(MAX((Log!$D$4:$D$1203=$A55)*(Log!$B$4:$B$1203=G$53)*(Log!$E$4:$E$1203="A")*(Log!$F$4:$F$1203<>"")*(Log!$G$4:$G$1203<>"")*Log!$F$4:$F$1203*(1+Log!$G$4:$G$1203/30)))=0,"",SUMPRODUCT(MAX((Log!$D$4:$D$1203=$A55)*(Log!$B$4:$B$1203=G$53)*(Log!$E$4:$E$1203="A")*(Log!$F$4:$F$1203<>"")*(Log!$G$4:$G$1203<>"")*Log!$F$4:$F$1203*(1+Log!$G$4:$G$1203/30))))) -> 133.33333 | H55: =IF($A55="","",IF(SUMPRODUCT(MAX((Log!$D$4:$D$1203=$A55)*(Log!$B$4:$B$1203=H$53)*(Log!$E$4:$E$1203="A")*(Log!$F$4:$F$1203<>"")*(Log!$G$4:$G$1203<>"")*Log!$F$4:$F$1203*(1+Log!$G$4:$G$1203/30)))=0,"",SUMPRODUCT(MAX((Log!$D$4:$D$1203=$A55)*(Log!$B$4:$B$1203=H$53)*(Log!$E$4:$E$1203="A")*(Log!$F$4:$F$1203<>"")*(Log!$G$4:$G$1203<>"")*Log!$F$4:$F$1203*(1+Log!$G$4:$G$1203/30))))) | I55: =IF($A55="","",IF(SUMPRODUCT(MAX((Log!$D$4:$D$1203=$A55)*(Log!$B$4:$B$1203=I$53)*(Log!$E$4:$E$1203="A")*(Log!$F$4:$F$1203<>"")*(Log!$G$4:$G$1203<>"")*Log!$F$4:$F$1203*(1+Log!$G$4:$G$1203/30)))=0,"",SUMPRODUCT(MAX((Log!$D$4:$D$1203=$A55)*(Log!$B$4:$B$1203=I$53)*(Log!$E$4:$E$1203="A")*(Log!$F$4:$F$1203<>"")*(Log!$G$4:$G$1203<>"")*Log!$F$4:$F$1203*(1+Log!$G$4:$G$1203/30))))) -> 138 | ... Q55: =IF($A55="","",IF(SUMPRODUCT(MAX((Log!$D$4:$D$1203=$A55)*(Log!$B$4:$B$1203=Q$53)*(Log!$E$4:$E$1203="A")*(Log!$F$4:$F$1203<>"")*(Log!$G$4:$G$1203<>"")*Log!$F$4:$F$1203*(1+Log!$G$4:$G$1203/30)))=0,"",SUMPRODUCT(MAX((Log!$D$4:$D$1203=$A55)*(Log!$B$4:$B$1203=Q$53)*(Log!$E$4:$E$1203="A")*(Log!$F$4:$F$1203<>"")*(Log!$G$4:$G$1203<>"")*Log!$F$4:$F$1203*(1+Log!$G$4:$G$1203/30))))) -> 120.33333 | R55: =IF($A55="","",IF(SUMPRODUCT(MAX((Log!$D$4:$D$1203=$A55)*(Log!$E$4:$E$1203="A")*(Log!$F$4:$F$1203<>"")*(Log!$G$4:$G$1203<>"")*Log!$F$4:$F$1203*(1+Log!$G$4:$G$1203/30)))=0,"",SUMPRODUCT(MAX((Log!$D$4:$D$1203=$A55)*(Log!$E$4:$E$1203="A")*(Log!$F$4:$F$1203<>"")*(Log!$G$4:$G$1203<>"")*Log!$F$4:$F$1203*(1+Log!$G$4:$G$1203/30))))) -> 144
A56: =IF(Übungen!$A6="","",Übungen!$A6) -> Beinstrecker | B56: =IF($A56="","",IF(SUMPRODUCT(MAX((Log!$D$4:$D$1203=$A56)*(Log!$B$4:$B$1203=B$53)*(Log!$E$4:$E$1203="A")*(Log!$F$4:$F$1203<>"")*(Log!$G$4:$G$1203<>"")*Log!$F$4:$F$1203*(1+Log!$G$4:$G$1203/30)))=0,"",SUMPRODUCT(MAX((Log!$D$4:$D$1203=$A56)*(Log!$B$4:$B$1203=B$53)*(Log!$E$4:$E$1203="A")*(Log!$F$4:$F$1203<>"")*(Log!$G$4:$G$1203<>"")*Log!$F$4:$F$1203*(1+Log!$G$4:$G$1203/30))))) -> 100 | C56: =IF($A56="","",IF(SUMPRODUCT(MAX((Log!$D$4:$D$1203=$A56)*(Log!$B$4:$B$1203=C$53)*(Log!$E$4:$E$1203="A")*(Log!$F$4:$F$1203<>"")*(Log!$G$4:$G$1203<>"")*Log!$F$4:$F$1203*(1+Log!$G$4:$G$1203/30)))=0,"",SUMPRODUCT(MAX((Log!$D$4:$D$1203=$A56)*(Log!$B$4:$B$1203=C$53)*(Log!$E$4:$E$1203="A")*(Log!$F$4:$F$1203<>"")*(Log!$G$4:$G$1203<>"")*Log!$F$4:$F$1203*(1+Log!$G$4:$G$1203/30))))) -> 104 | D56: =IF($A56="","",IF(SUMPRODUCT(MAX((Log!$D$4:$D$1203=$A56)*(Log!$B$4:$B$1203=D$53)*(Log!$E$4:$E$1203="A")*(Log!$F$4:$F$1203<>"")*(Log!$G$4:$G$1203<>"")*Log!$F$4:$F$1203*(1+Log!$G$4:$G$1203/30)))=0,"",SUMPRODUCT(MAX((Log!$D$4:$D$1203=$A56)*(Log!$B$4:$B$1203=D$53)*(Log!$E$4:$E$1203="A")*(Log!$F$4:$F$1203<>"")*(Log!$G$4:$G$1203<>"")*Log!$F$4:$F$1203*(1+Log!$G$4:$G$1203/30))))) -> 107.66667 | E56: =IF($A56="","",IF(SUMPRODUCT(MAX((Log!$D$4:$D$1203=$A56)*(Log!$B$4:$B$1203=E$53)*(Log!$E$4:$E$1203="A")*(Log!$F$4:$F$1203<>"")*(Log!$G$4:$G$1203<>"")*Log!$F$4:$F$1203*(1+Log!$G$4:$G$1203/30)))=0,"",SUMPRODUCT(MAX((Log!$D$4:$D$1203=$A56)*(Log!$B$4:$B$1203=E$53)*(Log!$E$4:$E$1203="A")*(Log!$F$4:$F$1203<>"")*(Log!$G$4:$G$1203<>"")*Log!$F$4:$F$1203*(1+Log!$G$4:$G$1203/30))))) -> 112 | F56: =IF($A56="","",IF(SUMPRODUCT(MAX((Log!$D$4:$D$1203=$A56)*(Log!$B$4:$B$1203=F$53)*(Log!$E$4:$E$1203="A")*(Log!$F$4:$F$1203<>"")*(Log!$G$4:$G$1203<>"")*Log!$F$4:$F$1203*(1+Log!$G$4:$G$1203/30)))=0,"",SUMPRODUCT(MAX((Log!$D$4:$D$1203=$A56)*(Log!$B$4:$B$1203=F$53)*(Log!$E$4:$E$1203="A")*(Log!$F$4:$F$1203<>"")*(Log!$G$4:$G$1203<>"")*Log!$F$4:$F$1203*(1+Log!$G$4:$G$1203/30))))) -> 106.66667 | G56: =IF($A56="","",IF(SUMPRODUCT(MAX((Log!$D$4:$D$1203=$A56)*(Log!$B$4:$B$1203=G$53)*(Log!$E$4:$E$1203="A")*(Log!$F$4:$F$1203<>"")*(Log!$G$4:$G$1203<>"")*Log!$F$4:$F$1203*(1+Log!$G$4:$G$1203/30)))=0,"",SUMPRODUCT(MAX((Log!$D$4:$D$1203=$A56)*(Log!$B$4:$B$1203=G$53)*(Log!$E$4:$E$1203="A")*(Log!$F$4:$F$1203<>"")*(Log!$G$4:$G$1203<>"")*Log!$F$4:$F$1203*(1+Log!$G$4:$G$1203/30))))) -> 114 | H56: =IF($A56="","",IF(SUMPRODUCT(MAX((Log!$D$4:$D$1203=$A56)*(Log!$B$4:$B$1203=H$53)*(Log!$E$4:$E$1203="A")*(Log!$F$4:$F$1203<>"")*(Log!$G$4:$G$1203<>"")*Log!$F$4:$F$1203*(1+Log!$G$4:$G$1203/30)))=0,"",SUMPRODUCT(MAX((Log!$D$4:$D$1203=$A56)*(Log!$B$4:$B$1203=H$53)*(Log!$E$4:$E$1203="A")*(Log!$F$4:$F$1203<>"")*(Log!$G$4:$G$1203<>"")*Log!$F$4:$F$1203*(1+Log!$G$4:$G$1203/30))))) | I56: =IF($A56="","",IF(SUMPRODUCT(MAX((Log!$D$4:$D$1203=$A56)*(Log!$B$4:$B$1203=I$53)*(Log!$E$4:$E$1203="A")*(Log!$F$4:$F$1203<>"")*(Log!$G$4:$G$1203<>"")*Log!$F$4:$F$1203*(1+Log!$G$4:$G$1203/30)))=0,"",SUMPRODUCT(MAX((Log!$D$4:$D$1203=$A56)*(Log!$B$4:$B$1203=I$53)*(Log!$E$4:$E$1203="A")*(Log!$F$4:$F$1203<>"")*(Log!$G$4:$G$1203<>"")*Log!$F$4:$F$1203*(1+Log!$G$4:$G$1203/30))))) -> 101.33333 | ... Q56: =IF($A56="","",IF(SUMPRODUCT(MAX((Log!$D$4:$D$1203=$A56)*(Log!$B$4:$B$1203=Q$53)*(Log!$E$4:$E$1203="A")*(Log!$F$4:$F$1203<>"")*(Log!$G$4:$G$1203<>"")*Log!$F$4:$F$1203*(1+Log!$G$4:$G$1203/30)))=0,"",SUMPRODUCT(MAX((Log!$D$4:$D$1203=$A56)*(Log!$B$4:$B$1203=Q$53)*(Log!$E$4:$E$1203="A")*(Log!$F$4:$F$1203<>"")*(Log!$G$4:$G$1203<>"")*Log!$F$4:$F$1203*(1+Log!$G$4:$G$1203/30))))) -> 96 | R56: =IF($A56="","",IF(SUMPRODUCT(MAX((Log!$D$4:$D$1203=$A56)*(Log!$E$4:$E$1203="A")*(Log!$F$4:$F$1203<>"")*(Log!$G$4:$G$1203<>"")*Log!$F$4:$F$1203*(1+Log!$G$4:$G$1203/30)))=0,"",SUMPRODUCT(MAX((Log!$D$4:$D$1203=$A56)*(Log!$E$4:$E$1203="A")*(Log!$F$4:$F$1203<>"")*(Log!$G$4:$G$1203<>"")*Log!$F$4:$F$1203*(1+Log!$G$4:$G$1203/30))))) -> 114
A57: =IF(Übungen!$A7="","",Übungen!$A7) -> Adduktion | B57: =IF($A57="","",IF(SUMPRODUCT(MAX((Log!$D$4:$D$1203=$A57)*(Log!$B$4:$B$1203=B$53)*(Log!$E$4:$E$1203="A")*(Log!$F$4:$F$1203<>"")*(Log!$G$4:$G$1203<>"")*Log!$F$4:$F$1203*(1+Log!$G$4:$G$1203/30)))=0,"",SUMPRODUCT(MAX((Log!$D$4:$D$1203=$A57)*(Log!$B$4:$B$1203=B$53)*(Log!$E$4:$E$1203="A")*(Log!$F$4:$F$1203<>"")*(Log!$G$4:$G$1203<>"")*Log!$F$4:$F$1203*(1+Log!$G$4:$G$1203/30))))) -> 238.91667 | C57: =IF($A57="","",IF(SUMPRODUCT(MAX((Log!$D$4:$D$1203=$A57)*(Log!$B$4:$B$1203=C$53)*(Log!$E$4:$E$1203="A")*(Log!$F$4:$F$1203<>"")*(Log!$G$4:$G$1203<>"")*Log!$F$4:$F$1203*(1+Log!$G$4:$G$1203/30)))=0,"",SUMPRODUCT(MAX((Log!$D$4:$D$1203=$A57)*(Log!$B$4:$B$1203=C$53)*(Log!$E$4:$E$1203="A")*(Log!$F$4:$F$1203<>"")*(Log!$G$4:$G$1203<>"")*Log!$F$4:$F$1203*(1+Log!$G$4:$G$1203/30))))) -> 254.16667 | D57: =IF($A57="","",IF(SUMPRODUCT(MAX((Log!$D$4:$D$1203=$A57)*(Log!$B$4:$B$1203=D$53)*(Log!$E$4:$E$1203="A")*(Log!$F$4:$F$1203<>"")*(Log!$G$4:$G$1203<>"")*Log!$F$4:$F$1203*(1+Log!$G$4:$G$1203/30)))=0,"",SUMPRODUCT(MAX((Log!$D$4:$D$1203=$A57)*(Log!$B$4:$B$1203=D$53)*(Log!$E$4:$E$1203="A")*(Log!$F$4:$F$1203<>"")*(Log!$G$4:$G$1203<>"")*Log!$F$4:$F$1203*(1+Log!$G$4:$G$1203/30))))) -> 264.33333 | E57: =IF($A57="","",IF(SUMPRODUCT(MAX((Log!$D$4:$D$1203=$A57)*(Log!$B$4:$B$1203=E$53)*(Log!$E$4:$E$1203="A")*(Log!$F$4:$F$1203<>"")*(Log!$G$4:$G$1203<>"")*Log!$F$4:$F$1203*(1+Log!$G$4:$G$1203/30)))=0,"",SUMPRODUCT(MAX((Log!$D$4:$D$1203=$A57)*(Log!$B$4:$B$1203=E$53)*(Log!$E$4:$E$1203="A")*(Log!$F$4:$F$1203<>"")*(Log!$G$4:$G$1203<>"")*Log!$F$4:$F$1203*(1+Log!$G$4:$G$1203/30))))) -> 279.58333 | F57: =IF($A57="","",IF(SUMPRODUCT(MAX((Log!$D$4:$D$1203=$A57)*(Log!$B$4:$B$1203=F$53)*(Log!$E$4:$E$1203="A")*(Log!$F$4:$F$1203<>"")*(Log!$G$4:$G$1203<>"")*Log!$F$4:$F$1203*(1+Log!$G$4:$G$1203/30)))=0,"",SUMPRODUCT(MAX((Log!$D$4:$D$1203=$A57)*(Log!$B$4:$B$1203=F$53)*(Log!$E$4:$E$1203="A")*(Log!$F$4:$F$1203<>"")*(Log!$G$4:$G$1203<>"")*Log!$F$4:$F$1203*(1+Log!$G$4:$G$1203/30))))) -> 249.16667 | G57: =IF($A57="","",IF(SUMPRODUCT(MAX((Log!$D$4:$D$1203=$A57)*(Log!$B$4:$B$1203=G$53)*(Log!$E$4:$E$1203="A")*(Log!$F$4:$F$1203<>"")*(Log!$G$4:$G$1203<>"")*Log!$F$4:$F$1203*(1+Log!$G$4:$G$1203/30)))=0,"",SUMPRODUCT(MAX((Log!$D$4:$D$1203=$A57)*(Log!$B$4:$B$1203=G$53)*(Log!$E$4:$E$1203="A")*(Log!$F$4:$F$1203<>"")*(Log!$G$4:$G$1203<>"")*Log!$F$4:$F$1203*(1+Log!$G$4:$G$1203/30))))) -> 228 | H57: =IF($A57="","",IF(SUMPRODUCT(MAX((Log!$D$4:$D$1203=$A57)*(Log!$B$4:$B$1203=H$53)*(Log!$E$4:$E$1203="A")*(Log!$F$4:$F$1203<>"")*(Log!$G$4:$G$1203<>"")*Log!$F$4:$F$1203*(1+Log!$G$4:$G$1203/30)))=0,"",SUMPRODUCT(MAX((Log!$D$4:$D$1203=$A57)*(Log!$B$4:$B$1203=H$53)*(Log!$E$4:$E$1203="A")*(Log!$F$4:$F$1203<>"")*(Log!$G$4:$G$1203<>"")*Log!$F$4:$F$1203*(1+Log!$G$4:$G$1203/30))))) | I57: =IF($A57="","",IF(SUMPRODUCT(MAX((Log!$D$4:$D$1203=$A57)*(Log!$B$4:$B$1203=I$53)*(Log!$E$4:$E$1203="A")*(Log!$F$4:$F$1203<>"")*(Log!$G$4:$G$1203<>"")*Log!$F$4:$F$1203*(1+Log!$G$4:$G$1203/30)))=0,"",SUMPRODUCT(MAX((Log!$D$4:$D$1203=$A57)*(Log!$B$4:$B$1203=I$53)*(Log!$E$4:$E$1203="A")*(Log!$F$4:$F$1203<>"")*(Log!$G$4:$G$1203<>"")*Log!$F$4:$F$1203*(1+Log!$G$4:$G$1203/30))))) -> 215.83333 | ... Q57: =IF($A57="","",IF(SUMPRODUCT(MAX((Log!$D$4:$D$1203=$A57)*(Log!$B$4:$B$1203=Q$53)*(Log!$E$4:$E$1203="A")*(Log!$F$4:$F$1203<>"")*(Log!$G$4:$G$1203<>"")*Log!$F$4:$F$1203*(1+Log!$G$4:$G$1203/30)))=0,"",SUMPRODUCT(MAX((Log!$D$4:$D$1203=$A57)*(Log!$B$4:$B$1203=Q$53)*(Log!$E$4:$E$1203="A")*(Log!$F$4:$F$1203<>"")*(Log!$G$4:$G$1203<>"")*Log!$F$4:$F$1203*(1+Log!$G$4:$G$1203/30))))) | R57: =IF($A57="","",IF(SUMPRODUCT(MAX((Log!$D$4:$D$1203=$A57)*(Log!$E$4:$E$1203="A")*(Log!$F$4:$F$1203<>"")*(Log!$G$4:$G$1203<>"")*Log!$F$4:$F$1203*(1+Log!$G$4:$G$1203/30)))=0,"",SUMPRODUCT(MAX((Log!$D$4:$D$1203=$A57)*(Log!$E$4:$E$1203="A")*(Log!$F$4:$F$1203<>"")*(Log!$G$4:$G$1203<>"")*Log!$F$4:$F$1203*(1+Log!$G$4:$G$1203/30))))) -> 279.58333
A58: =IF(Übungen!$A8="","",Übungen!$A8) -> Reverse V-Squat | B58: =IF($A58="","",IF(SUMPRODUCT(MAX((Log!$D$4:$D$1203=$A58)*(Log!$B$4:$B$1203=B$53)*(Log!$E$4:$E$1203="A")*(Log!$F$4:$F$1203<>"")*(Log!$G$4:$G$1203<>"")*Log!$F$4:$F$1203*(1+Log!$G$4:$G$1203/30)))=0,"",SUMPRODUCT(MAX((Log!$D$4:$D$1203=$A58)*(Log!$B$4:$B$1203=B$53)*(Log!$E$4:$E$1203="A")*(Log!$F$4:$F$1203<>"")*(Log!$G$4:$G$1203<>"")*Log!$F$4:$F$1203*(1+Log!$G$4:$G$1203/30))))) | C58: =IF($A58="","",IF(SUMPRODUCT(MAX((Log!$D$4:$D$1203=$A58)*(Log!$B$4:$B$1203=C$53)*(Log!$E$4:$E$1203="A")*(Log!$F$4:$F$1203<>"")*(Log!$G$4:$G$1203<>"")*Log!$F$4:$F$1203*(1+Log!$G$4:$G$1203/30)))=0,"",SUMPRODUCT(MAX((Log!$D$4:$D$1203=$A58)*(Log!$B$4:$B$1203=C$53)*(Log!$E$4:$E$1203="A")*(Log!$F$4:$F$1203<>"")*(Log!$G$4:$G$1203<>"")*Log!$F$4:$F$1203*(1+Log!$G$4:$G$1203/30))))) | D58: =IF($A58="","",IF(SUMPRODUCT(MAX((Log!$D$4:$D$1203=$A58)*(Log!$B$4:$B$1203=D$53)*(Log!$E$4:$E$1203="A")*(Log!$F$4:$F$1203<>"")*(Log!$G$4:$G$1203<>"")*Log!$F$4:$F$1203*(1+Log!$G$4:$G$1203/30)))=0,"",SUMPRODUCT(MAX((Log!$D$4:$D$1203=$A58)*(Log!$B$4:$B$1203=D$53)*(Log!$E$4:$E$1203="A")*(Log!$F$4:$F$1203<>"")*(Log!$G$4:$G$1203<>"")*Log!$F$4:$F$1203*(1+Log!$G$4:$G$1203/30))))) | E58: =IF($A58="","",IF(SUMPRODUCT(MAX((Log!$D$4:$D$1203=$A58)*(Log!$B$4:$B$1203=E$53)*(Log!$E$4:$E$1203="A")*(Log!$F$4:$F$1203<>"")*(Log!$G$4:$G$1203<>"")*Log!$F$4:$F$1203*(1+Log!$G$4:$G$1203/30)))=0,"",SUMPRODUCT(MAX((Log!$D$4:$D$1203=$A58)*(Log!$B$4:$B$1203=E$53)*(Log!$E$4:$E$1203="A")*(Log!$F$4:$F$1203<>"")*(Log!$G$4:$G$1203<>"")*Log!$F$4:$F$1203*(1+Log!$G$4:$G$1203/30))))) | F58: =IF($A58="","",IF(SUMPRODUCT(MAX((Log!$D$4:$D$1203=$A58)*(Log!$B$4:$B$1203=F$53)*(Log!$E$4:$E$1203="A")*(Log!$F$4:$F$1203<>"")*(Log!$G$4:$G$1203<>"")*Log!$F$4:$F$1203*(1+Log!$G$4:$G$1203/30)))=0,"",SUMPRODUCT(MAX((Log!$D$4:$D$1203=$A58)*(Log!$B$4:$B$1203=F$53)*(Log!$E$4:$E$1203="A")*(Log!$F$4:$F$1203<>"")*(Log!$G$4:$G$1203<>"")*Log!$F$4:$F$1203*(1+Log!$G$4:$G$1203/30))))) | G58: =IF($A58="","",IF(SUMPRODUCT(MAX((Log!$D$4:$D$1203=$A58)*(Log!$B$4:$B$1203=G$53)*(Log!$E$4:$E$1203="A")*(Log!$F$4:$F$1203<>"")*(Log!$G$4:$G$1203<>"")*Log!$F$4:$F$1203*(1+Log!$G$4:$G$1203/30)))=0,"",SUMPRODUCT(MAX((Log!$D$4:$D$1203=$A58)*(Log!$B$4:$B$1203=G$53)*(Log!$E$4:$E$1203="A")*(Log!$F$4:$F$1203<>"")*(Log!$G$4:$G$1203<>"")*Log!$F$4:$F$1203*(1+Log!$G$4:$G$1203/30))))) | H58: =IF($A58="","",IF(SUMPRODUCT(MAX((Log!$D$4:$D$1203=$A58)*(Log!$B$4:$B$1203=H$53)*(Log!$E$4:$E$1203="A")*(Log!$F$4:$F$1203<>"")*(Log!$G$4:$G$1203<>"")*Log!$F$4:$F$1203*(1+Log!$G$4:$G$1203/30)))=0,"",SUMPRODUCT(MAX((Log!$D$4:$D$1203=$A58)*(Log!$B$4:$B$1203=H$53)*(Log!$E$4:$E$1203="A")*(Log!$F$4:$F$1203<>"")*(Log!$G$4:$G$1203<>"")*Log!$F$4:$F$1203*(1+Log!$G$4:$G$1203/30))))) | I58: =IF($A58="","",IF(SUMPRODUCT(MAX((Log!$D$4:$D$1203=$A58)*(Log!$B$4:$B$1203=I$53)*(Log!$E$4:$E$1203="A")*(Log!$F$4:$F$1203<>"")*(Log!$G$4:$G$1203<>"")*Log!$F$4:$F$1203*(1+Log!$G$4:$G$1203/30)))=0,"",SUMPRODUCT(MAX((Log!$D$4:$D$1203=$A58)*(Log!$B$4:$B$1203=I$53)*(Log!$E$4:$E$1203="A")*(Log!$F$4:$F$1203<>"")*(Log!$G$4:$G$1203<>"")*Log!$F$4:$F$1203*(1+Log!$G$4:$G$1203/30))))) | ... Q58: =IF($A58="","",IF(SUMPRODUCT(MAX((Log!$D$4:$D$1203=$A58)*(Log!$B$4:$B$1203=Q$53)*(Log!$E$4:$E$1203="A")*(Log!$F$4:$F$1203<>"")*(Log!$G$4:$G$1203<>"")*Log!$F$4:$F$1203*(1+Log!$G$4:$G$1203/30)))=0,"",SUMPRODUCT(MAX((Log!$D$4:$D$1203=$A58)*(Log!$B$4:$B$1203=Q$53)*(Log!$E$4:$E$1203="A")*(Log!$F$4:$F$1203<>"")*(Log!$G$4:$G$1203<>"")*Log!$F$4:$F$1203*(1+Log!$G$4:$G$1203/30))))) | R58: =IF($A58="","",IF(SUMPRODUCT(MAX((Log!$D$4:$D$1203=$A58)*(Log!$E$4:$E$1203="A")*(Log!$F$4:$F$1203<>"")*(Log!$G$4:$G$1203<>"")*Log!$F$4:$F$1203*(1+Log!$G$4:$G$1203/30)))=0,"",SUMPRODUCT(MAX((Log!$D$4:$D$1203=$A58)*(Log!$E$4:$E$1203="A")*(Log!$F$4:$F$1203<>"")*(Log!$G$4:$G$1203<>"")*Log!$F$4:$F$1203*(1+Log!$G$4:$G$1203/30))))) -> 252
A59: =IF(Übungen!$A9="","",Übungen!$A9) -> Rumänisches Kreuzheben | B59: =IF($A59="","",IF(SUMPRODUCT(MAX((Log!$D$4:$D$1203=$A59)*(Log!$B$4:$B$1203=B$53)*(Log!$E$4:$E$1203="A")*(Log!$F$4:$F$1203<>"")*(Log!$G$4:$G$1203<>"")*Log!$F$4:$F$1203*(1+Log!$G$4:$G$1203/30)))=0,"",SUMPRODUCT(MAX((Log!$D$4:$D$1203=$A59)*(Log!$B$4:$B$1203=B$53)*(Log!$E$4:$E$1203="A")*(Log!$F$4:$F$1203<>"")*(Log!$G$4:$G$1203<>"")*Log!$F$4:$F$1203*(1+Log!$G$4:$G$1203/30))))) | C59: =IF($A59="","",IF(SUMPRODUCT(MAX((Log!$D$4:$D$1203=$A59)*(Log!$B$4:$B$1203=C$53)*(Log!$E$4:$E$1203="A")*(Log!$F$4:$F$1203<>"")*(Log!$G$4:$G$1203<>"")*Log!$F$4:$F$1203*(1+Log!$G$4:$G$1203/30)))=0,"",SUMPRODUCT(MAX((Log!$D$4:$D$1203=$A59)*(Log!$B$4:$B$1203=C$53)*(Log!$E$4:$E$1203="A")*(Log!$F$4:$F$1203<>"")*(Log!$G$4:$G$1203<>"")*Log!$F$4:$F$1203*(1+Log!$G$4:$G$1203/30))))) | D59: =IF($A59="","",IF(SUMPRODUCT(MAX((Log!$D$4:$D$1203=$A59)*(Log!$B$4:$B$1203=D$53)*(Log!$E$4:$E$1203="A")*(Log!$F$4:$F$1203<>"")*(Log!$G$4:$G$1203<>"")*Log!$F$4:$F$1203*(1+Log!$G$4:$G$1203/30)))=0,"",SUMPRODUCT(MAX((Log!$D$4:$D$1203=$A59)*(Log!$B$4:$B$1203=D$53)*(Log!$E$4:$E$1203="A")*(Log!$F$4:$F$1203<>"")*(Log!$G$4:$G$1203<>"")*Log!$F$4:$F$1203*(1+Log!$G$4:$G$1203/30))))) | E59: =IF($A59="","",IF(SUMPRODUCT(MAX((Log!$D$4:$D$1203=$A59)*(Log!$B$4:$B$1203=E$53)*(Log!$E$4:$E$1203="A")*(Log!$F$4:$F$1203<>"")*(Log!$G$4:$G$1203<>"")*Log!$F$4:$F$1203*(1+Log!$G$4:$G$1203/30)))=0,"",SUMPRODUCT(MAX((Log!$D$4:$D$1203=$A59)*(Log!$B$4:$B$1203=E$53)*(Log!$E$4:$E$1203="A")*(Log!$F$4:$F$1203<>"")*(Log!$G$4:$G$1203<>"")*Log!$F$4:$F$1203*(1+Log!$G$4:$G$1203/30))))) | F59: =IF($A59="","",IF(SUMPRODUCT(MAX((Log!$D$4:$D$1203=$A59)*(Log!$B$4:$B$1203=F$53)*(Log!$E$4:$E$1203="A")*(Log!$F$4:$F$1203<>"")*(Log!$G$4:$G$1203<>"")*Log!$F$4:$F$1203*(1+Log!$G$4:$G$1203/30)))=0,"",SUMPRODUCT(MAX((Log!$D$4:$D$1203=$A59)*(Log!$B$4:$B$1203=F$53)*(Log!$E$4:$E$1203="A")*(Log!$F$4:$F$1203<>"")*(Log!$G$4:$G$1203<>"")*Log!$F$4:$F$1203*(1+Log!$G$4:$G$1203/30))))) -> 154 | G59: =IF($A59="","",IF(SUMPRODUCT(MAX((Log!$D$4:$D$1203=$A59)*(Log!$B$4:$B$1203=G$53)*(Log!$E$4:$E$1203="A")*(Log!$F$4:$F$1203<>"")*(Log!$G$4:$G$1203<>"")*Log!$F$4:$F$1203*(1+Log!$G$4:$G$1203/30)))=0,"",SUMPRODUCT(MAX((Log!$D$4:$D$1203=$A59)*(Log!$B$4:$B$1203=G$53)*(Log!$E$4:$E$1203="A")*(Log!$F$4:$F$1203<>"")*(Log!$G$4:$G$1203<>"")*Log!$F$4:$F$1203*(1+Log!$G$4:$G$1203/30))))) | H59: =IF($A59="","",IF(SUMPRODUCT(MAX((Log!$D$4:$D$1203=$A59)*(Log!$B$4:$B$1203=H$53)*(Log!$E$4:$E$1203="A")*(Log!$F$4:$F$1203<>"")*(Log!$G$4:$G$1203<>"")*Log!$F$4:$F$1203*(1+Log!$G$4:$G$1203/30)))=0,"",SUMPRODUCT(MAX((Log!$D$4:$D$1203=$A59)*(Log!$B$4:$B$1203=H$53)*(Log!$E$4:$E$1203="A")*(Log!$F$4:$F$1203<>"")*(Log!$G$4:$G$1203<>"")*Log!$F$4:$F$1203*(1+Log!$G$4:$G$1203/30))))) -> 164.66667 | I59: =IF($A59="","",IF(SUMPRODUCT(MAX((Log!$D$4:$D$1203=$A59)*(Log!$B$4:$B$1203=I$53)*(Log!$E$4:$E$1203="A")*(Log!$F$4:$F$1203<>"")*(Log!$G$4:$G$1203<>"")*Log!$F$4:$F$1203*(1+Log!$G$4:$G$1203/30)))=0,"",SUMPRODUCT(MAX((Log!$D$4:$D$1203=$A59)*(Log!$B$4:$B$1203=I$53)*(Log!$E$4:$E$1203="A")*(Log!$F$4:$F$1203<>"")*(Log!$G$4:$G$1203<>"")*Log!$F$4:$F$1203*(1+Log!$G$4:$G$1203/30))))) | ... Q59: =IF($A59="","",IF(SUMPRODUCT(MAX((Log!$D$4:$D$1203=$A59)*(Log!$B$4:$B$1203=Q$53)*(Log!$E$4:$E$1203="A")*(Log!$F$4:$F$1203<>"")*(Log!$G$4:$G$1203<>"")*Log!$F$4:$F$1203*(1+Log!$G$4:$G$1203/30)))=0,"",SUMPRODUCT(MAX((Log!$D$4:$D$1203=$A59)*(Log!$B$4:$B$1203=Q$53)*(Log!$E$4:$E$1203="A")*(Log!$F$4:$F$1203<>"")*(Log!$G$4:$G$1203<>"")*Log!$F$4:$F$1203*(1+Log!$G$4:$G$1203/30))))) | R59: =IF($A59="","",IF(SUMPRODUCT(MAX((Log!$D$4:$D$1203=$A59)*(Log!$E$4:$E$1203="A")*(Log!$F$4:$F$1203<>"")*(Log!$G$4:$G$1203<>"")*Log!$F$4:$F$1203*(1+Log!$G$4:$G$1203/30)))=0,"",SUMPRODUCT(MAX((Log!$D$4:$D$1203=$A59)*(Log!$E$4:$E$1203="A")*(Log!$F$4:$F$1203<>"")*(Log!$G$4:$G$1203<>"")*Log!$F$4:$F$1203*(1+Log!$G$4:$G$1203/30))))) -> 166.5
