Workbook

Sheet 00_Anleitung
B1: MiT Datacenter-Radar Schweiz V1.0
B2: Mobil in Time AG, An Aggreko Company. Sales Engineer Power, Burak Ucoez.
B4: Wofuer diese Datei da ist
B5: Die Schweizer Rechenzentrums-Pipeline an einem Ort, woechentlich nachgefuehrt. Ziel ist nicht Vollstaendigkeit, sondern das richtige Zeitfenster. Ein Projekt im falschen Moment anzusprechen kostet gleich viel Zeit wie eines gar nicht zu kennen.
B7: Die sieben Blaetter
B8: 00_Anleitung Diese Seite. Nur anfassen, wenn sich der Prozess aendert.
B9: 01_Dashboard Reine Formelzellen auf 02_Projekt_Radar, Zeilen 5 bis 45. Niemals Werte hineinschreiben. Waechst das Radar ueber Zeile 45, muessen die Bereiche in allen Dashboard-Formeln mitwachsen.
B10: 02_Projekt_Radar Das Herz. Kopfzeile in Zeile 4, Daten ab Zeile 5. Spalten R und S sind Formeln. Spalten O, P, Q und V sind gelb und gehoeren Burak.
B11: 03_Kontakte Pro Projekt mindestens drei Zeilen: Betreiber, GU/TU, Fachplaner. Kontaktdaten nur aus oeffentlicher Quelle. Keine E-Mail aus Namensmustern ableiten.
B12: 04_Akquise_Tracker Die Touchpoint-Sequenz. Statisch.
B13: 05_Quellen_Montag Feste Recherche-Reihenfolge. Pruefdatum in Spalte F.
B14: 06_Changelog Eine Zeile pro Aenderung. Ohne Changelog-Eintrag gilt eine Aenderung als nicht passiert.
... B37: Der Betreiber entscheidet ueber Budget, der GU vergibt in der Bauphase, der Fachplaner schreibt aus. Ein Planer ist zehn Projekte, ein Betreiber ist eines. Zuerst Planer- und GU-Kanal pruefen, erst dann eine Betreiberansprache vorschlagen.

Sheet 01_Dashboard
A1: 01 Dashboard
A2: Reine Formelzellen auf 02_Projekt_Radar Zeilen 5 bis 45. Niemals Werte hineinschreiben.
B4: UEBERBLICK | E4: PHASEN
B5: Projekte im Radar | C5: =COUNTA('02_Projekt_Radar'!B5:B45) | E5: Planung | F5: =COUNTIF('02_Projekt_Radar'!G5:G45,"Planung")
B6: Kapazitaet total MW (belegt) | C6: =SUM('02_Projekt_Radar'!F5:F45) | E6: Bewilligung | F6: =COUNTIF('02_Projekt_Radar'!G5:G45,"Bewilligung")
B7: Prio A | C7: =COUNTIF('02_Projekt_Radar'!N5:N45,"A") | E7: Baustart | F7: =COUNTIF('02_Projekt_Radar'!G5:G45,"Baustart")
B8: Prio B | C8: =COUNTIF('02_Projekt_Radar'!N5:N45,"B") | E8: Rohbau | F8: =COUNTIF('02_Projekt_Radar'!G5:G45,"Rohbau")
B9: Prio C | C9: =COUNTIF('02_Projekt_Radar'!N5:N45,"C") | E9: Fit-out | F9: =COUNTIF('02_Projekt_Radar'!G5:G45,"Fit-out")
B10: Phase nicht belegt | C10: =COUNTA('02_Projekt_Radar'!B5:B45)-COUNTA('02_Projekt_Radar'!G5:G45) | E10: Commissioning | F10: =COUNTIF('02_Projekt_Radar'!G5:G45,"Commissioning")
B11: ohne Quelle_URL | C11: =COUNTA('02_Projekt_Radar'!B5:B45)-COUNTA('02_Projekt_Radar'!T5:T45) | E11: Betrieb | F11: =COUNTIF('02_Projekt_Radar'!G5:G45,"Betrieb")
E12: Ausbau | F12: =COUNTIF('02_Projekt_Radar'!G5:G45,"Ausbau")
B13: WIEDERVORLAGEN | E13: Verzoegert | F13: =COUNTIF('02_Projekt_Radar'!G5:G45,"Verzoegert")
B14: ueberfaellig | C14: =COUNTIF('02_Projekt_Radar'!S5:S45,"UEBERFAELLIG") | E14: Gestoppt | F14: =COUNTIF('02_Projekt_Radar'!G5:G45,"Gestoppt")
B15: diese Woche | C15: =COUNTIF('02_Projekt_Radar'!S5:S45,"DIESE WOCHE")
B16: ok | C16: =COUNTIF('02_Projekt_Radar'!S5:S45,"ok") | E16: STATUS KONTAKT
B17: ohne Wiedervorlage | C17: =COUNTA('02_Projekt_Radar'!B5:B45)-COUNT('02_Projekt_Radar'!Q5:Q45) | E17: Kalt | F17: =COUNTIF('02_Projekt_Radar'!O5:O45,"Kalt")
E18: Angeschrieben | F18: =COUNTIF('02_Projekt_Radar'!O5:O45,"Angeschrieben")
B19: VERKAUFSFENSTER | E19: Erstkontakt | F19: =COUNTIF('02_Projekt_Radar'!O5:O45,"Erstkontakt")
B20: Bau laeuft (Baustart + Rohbau) | C20: =COUNTIF('02_Projekt_Radar'!G5:G45,"Baustart")+COUNTIF('02_Projekt_Radar'!G5:G45,"Rohbau") | E20: Erstgespraech | F20: =COUNTIF('02_Projekt_Radar'!O5:O45,"Erstgespraech")
B21: Cx-Fenster (Fit-out + Commissioning) | C21: =COUNTIF('02_Projekt_Radar'!G5:G45,"Fit-out")+COUNTIF('02_Projekt_Radar'!G5:G45,"Commissioning") | E21: Qualifiziert | F21: =COUNTIF('02_Projekt_Radar'!O5:O45,"Qualifiziert")
B22: frueh (Planung + Bewilligung) | C22: =COUNTIF('02_Projekt_Radar'!G5:G45,"Planung")+COUNTIF('02_Projekt_Radar'!G5:G45,"Bewilligung") | E22: Offerte | F22: =COUNTIF('02_Projekt_Radar'!O5:O45,"Offerte")
B23: Bestand (Betrieb + Ausbau) | C23: =COUNTIF('02_Projekt_Radar'!G5:G45,"Betrieb")+COUNTIF('02_Projekt_Radar'!G5:G45,"Ausbau") | E23: Gewonnen | F23: =COUNTIF('02_Projekt_Radar'!O5:O45,"Gewonnen")
B24: Verzoegert (Bridging-Chance) | C24: =COUNTIF('02_Projekt_Radar'!G5:G45,"Verzoegert") | E24: Verloren | F24: =COUNTIF('02_Projekt_Radar'!O5:O45,"Verloren")
E25: Ruhend | F25: =COUNTIF('02_Projekt_Radar'!O5:O45,"Ruhend")
E27: KANTONE
E28: ZH | F28: =COUNTIF('02_Projekt_Radar'!E5:E45,"ZH")
E29: AG | F29: =COUNTIF('02_Projekt_Radar'!E5:E45,"AG")
E30: SH | F30: =COUNTIF('02_Projekt_Radar'!E5:E45,"SH")
E31: SG | F31: =COUNTIF('02_Projekt_Radar'!E5:E45,"SG")
E32: BS | F32: =COUNTIF('02_Projekt_Radar'!E5:E45,"BS")
E33: BL | F33: =COUNTIF('02_Projekt_Radar'!E5:E45,"BL")
E34: GE | F34: =COUNTIF('02_Projekt_Radar'!E5:E45,"GE")
E35: VD | F35: =COUNTIF('02_Projekt_Radar'!E5:E45,"VD")
E36: BE | F36: =COUNTIF('02_Projekt_Radar'!E5:E45,"BE")
E37: TG | F37: =COUNTIF('02_Projekt_Radar'!E5:E45,"TG")
E38: LU | F38: =COUNTIF('02_Projekt_Radar'!E5:E45,"LU")
E39: ZG | F39: =COUNTIF('02_Projekt_Radar'!E5:E45,"ZG")
B42: Hinweis: openpyxl schreibt Formeln ohne zwischengespeicherte Werte. Direkt nach dem Speichern zeigen Fremdtools None. Excel rechnet beim Oeffnen neu. Das ist kein Fehler.

Sheet 02_Projekt_Radar
A1: 02 Projekt-Radar Schweiz
A2: Kopfzeile Zeile 4, Daten ab Zeile 5. R und S sind Formeln. O, P, Q, V gehoeren Burak.
A4: Ref | B4: Projekt / Campus | C4: Betreiber | D4: Standort | E4: Kt. | F4: Kapazitaet_MW | G4: Phase | H4: IBN_Ziel | I4: GU_TU | J4: Fachplaner_Elektro | K4: Kanal_Prio | L4: MiT_Chance | M4: Ansprache_Fenster | N4: Prio | O4: Status_Kontakt | P4: Letzter_Kontakt | Q4: Wiedervorlage | R4: Tage_bis_WV | S4: Ampel | T4: Quelle_URL | U4: Quelle_Stand | V4: Naechster_Schritt | W4: Bemerkung
B5: Metro-Campus Zuerich West, Datacenter 4 | C5: Green (green.ch) | D5: Lupfig | E5: AG | F5: 12 | G5: Rohbau | H5: Anfang 2027 | I5: Implenia (Shell and Core) | J5: pruefen | K5: GU/TU | L5: Commissioning-Lastbank, Heat-Load-Test, Bautrocknung im Ausbau, PQ-Messung Klasse A | M5: jetzt, Fit-out minus sechs Monate | N5: A | R5: =IF(Q5="","",Q5-TODAY()) | S5: =IF(Q5="","-",IF(Q5<TODAY(),"UEBERFAELLIG",IF(Q5-TODAY()<=7,"DIESE WOCHE","ok"))) | T5: https://www.aargauerzeitung.ch/aargau/brugg/lupfig-green-startet-mit-dem-bau-seines-vierten-datencenters-in-der-gemeinde-2026-soll-es-in-betrieb-genommen-werden-ld.2660374 | https://implenia.com/medien/artikel/implenia-gewinnt-attraktive-neue-projekte-in-den-bereichen-datacenter-gesundheit-sowie-energie-und-verkehrsinfrastruktur/ | U5: 29.08.2026 | V5: Implenia Bauleitung ueber Cx-Paket und Lastbank ansprechen, Fachplaner Elektro ueber Implenia erfragen | W5: 12 MW IT-Leistung fuer Kundensysteme, 5526 m2 Datacenter-Flaeche, 2000 m2 Buero. Rohbau 30 m hoch in zehn Monaten erstellt. Widerspruch: Aargauer Zeitung meldet Inbetriebnahme 2026, Green und Implenia nennen Anfang 2027. Auftragsvolumen Implenia ueber CHF 150 Mio. Fachplaner Elektro nicht belegt.
B6: ZUR02 Beringen | C6: STACK Infrastructure | D6: Beringen | E6: SH | F6: 36 | G6: Rohbau | H6: 2026 | I6: pruefen | J6: Amstein + Walthert (beteiligt, Rolle pruefen) | K6: GU/TU | L6: Lastbank Voll- und Teillast im IST, Generator-Abnahme, USV-Test, PQ-Audit Klasse A | M6: jetzt, Aufrichte gemeldet, Cx-Vergabe laeuft | N6: A | R6: =IF(Q6="","",Q6-TODAY()) | S6: =IF(Q6="","-",IF(Q6<TODAY(),"UEBERFAELLIG",IF(Q6-TODAY()<=7,"DIESE WOCHE","ok"))) | T6: https://www.datacenterdynamics.com/en/news/stack-tops-out-swiss-data-center-completes-construction-in-melbourne/ | https://amstein-walthert.ch/de/projekte/rechenzentrum-beringen-schaffhausen/ | https://algorithmwatch.ch/de/recherche-rechenzentren-schweiz/ | U6: 29.08.2026 | V6: Cx-Verantwortlichen ueber GU suchen, EKS wegen Unterwerk-Termin kontaktieren | W6: 36 MW, gebaut auf dem Areal des ehemaligen SIG-Tennisclubs. Kanton musste ein neues Unterwerk bauen, finanziert vom Betreiber. Netzanschluss-Termin ist der Hebel fuer Bridging Power. Baubewilligung in rund drei Monaten erteilt. GU nicht belegt. Amstein + Walthert fuehrt das RZ Beringen als eigenes Projekt, genaue Rolle und Gewerk pruefen.
B7: ZUR4 Glattbrugg | C7: Digital Realty | D7: Glattbrugg (Opfikon) | E7: ZH | F7: 15 | G7: Baustart | H7: 2028 | I7: pruefen | J7: pruefen | K7: GU/TU | L7: Baustrom aus Generator, Bauheizung, Bautrocknung, spaeter Lastbank im Cx | M7: jetzt fuer Baustrom und Trocknung, Cx-Ansprache ab 2027 | N7: A | R7: =IF(Q7="","",Q7-TODAY()) | S7: =IF(Q7="","-",IF(Q7<TODAY(),"UEBERFAELLIG",IF(Q7-TODAY()<=7,"DIESE WOCHE","ok"))) | T7: https://www.inside-it.ch/spatenstich-fuer-neues-rz-von-digital-reality-in-glattbrugg-20260827 | https://www.globenewswire.com/news-release/2026/08/27/3351782/0/en/digital-realty-breaks-ground-on-new-state-of-the-art-data-center-in-switzerland.html | U7: 27.08.2026 | V7: GU des Spatenstichs ueber Baublatt oder Gemeinde Opfikon identifizieren, dann Baustrom anbieten | W7: Spatenstich am 26.08.2026. 15 MW IT-Leistung auf rund 6300 m2, sechs Datenhallen. Fertigstellung 2028, danach rund 60 MW Campus-Gesamtleistung. Abwaermenetz zusammen mit der Gemeinde Opfikon. Vorlaufzeit Trocknung rund fuenf Monate, das Fenster ist jetzt. GU und Fachplaner nicht belegt.
B8: Metro-Campus Zuerich, Datacenter N und O | C8: Green (green.ch) | D8: Dielsdorf | E8: ZH | F8: 35 | G8: Rohbau | H8: pruefen | I8: Implenia | J8: pruefen | K8: GU/TU | L8: Bautrocknung, temporaere Klimatisierung im Ausbau, Lastbank im Cx, PQ-Messung | M8: Cx-Entscheid faellt in den naechsten Monaten, jetzt Planer- und GU-Kanal aufbauen | N8: A | R8: =IF(Q8="","",Q8-TODAY()) | S8: =IF(Q8="","-",IF(Q8<TODAY(),"UEBERFAELLIG",IF(Q8-TODAY()<=7,"DIESE WOCHE","ok"))) | T8: https://www.presseportal.de/pm/152183/5635701 | https://www.baublatt.ch/bauprojekte/baustart-fuer-zwei-neue-datacenter-auf-metro-campus-in-dielsdorf-erfolgt-35044 | U8: 29.08.2026 | V8: Implenia Projektleitung Dielsdorf ansprechen, Abwaerme-Zeitplan mit Energie 360 abgleichen | W8: Zwei Gebaeude, zusammen 35 MW, rund 4000 Racks auf 11600 m2. Campus 46000 m2. Implenia hat auf dem Campus bereits zwei Datacenter und ein Buerogebaeude gebaut. Abwaermenutzung durch Energie 360. IBN-Termin nicht belegt, Fachplaner nicht belegt.
B9: The Hive Campus Genf | C9: NorthC | D9: Genf | E9: GE | F9: 4.5 | G9: Baustart | H9: Q2 2028 | I9: pruefen | J9: pruefen | K9: Fachplaner | L9: Baustrom, Bautrocknung, spaeter Lastbank und PQ-Messung im Cx | M9: jetzt Planer-Kanal, Cx-Ansprache ab 2027 | N9: B | R9: =IF(Q9="","",Q9-TODAY()) | S9: =IF(Q9="","-",IF(Q9<TODAY(),"UEBERFAELLIG",IF(Q9-TODAY()<=7,"DIESE WOCHE","ok"))) | T9: https://www.northcdatacenters.com/en/press-releases/northc-group-to-build-new-high-tech-data-center-in-geneva-switzerland/ | https://www.netzwoche.ch/news/2026-01-13/northc-errichtet-sechstes-rechenzentrum-in-der-schweiz | U9: 13.01.2026 | V9: Fachplaner Elektro ueber NorthC Schweiz erfragen, Romandie-Ansprache auf Franzoesisch | W9: Sechstes NorthC-Rechenzentrum in der Schweiz. Baustart Q1 2026, rund 4.5 MW IT-Leistung auf 5400 m2, Fertigstellung Q2 2028. Direct-to-Chip-Fluessigkuehlung vorgesehen. Ansprache auf Franzoesisch, vous-Form. GU und Fachplaner nicht belegt.
B10: Technologiezentrum Laufenburg (TZL) | C10: FlexBase | D10: Laufenburg | E10: AG | F10: pruefen | G10: Bewilligung | H10: Sommer 2028 | I10: ERNE Gruppe (GU) | J10: pruefen | K10: GU/TU | L10: Baustrom, Bautrocknung, Bridging Power bis Netzanschluss, spaeter Lastbank im Cx | M10: jetzt, GU steht fest und Bauvorbereitung laeuft | N10: A | R10: =IF(Q10="","",Q10-TODAY()) | S10: =IF(Q10="","-",IF(Q10<TODAY(),"UEBERFAELLIG",IF(Q10-TODAY()<=7,"DIESE WOCHE","ok"))) | T10: https://www.erne-gruppe.ch/de/news/newsdetail/ernenews/medienmitteilung-flexbase/ | https://www.zhk.ch/de/wirtschaft-und-politik/news/flexbase-erhaelt-baufreigabe-fuer-technologiezentrum.html | https://www.datacenter-insider.de/flexbase-errichtet-technologiezentrum-mit-480-mw-ki-rechenzentrum-a-befea6134cb5045aba28a650a2ef6206/ | U10: 29.08.2026 | V10: ERNE Gruppe direkt ansprechen, Baustrom und Trocknung fuer 20000 m2 Baufeld | W10: Baufreigabe erteilt. KI-Rechenzentrum mit bis zu 480 MW Rechenleistung auf rund 12000 m2 IT-Netzflaeche, dazu Redox-Flow-Speicher mit ueber 1.6 GWh und ueber 800 MW auf rund 20000 m2, direkt beim Unterwerk Stern von Laufenburg. 480 MW ist Rechenleistung laut Quelle, nicht als elektrische Anschlussleistung uebernehmen, deshalb Spalte F auf pruefen. Inbetriebnahme Sommer 2028.
B11: Metro-Campus Zuerich, weiteres Datacenter | C11: Green (green.ch) | D11: Dielsdorf | E11: ZH | F11: pruefen | G11: Planung | H11: pruefen | I11: pruefen | J11: pruefen | K11: Fachplaner | L11: frueher Planer-Kontakt, damit Lastbank und PQ-Messung ins LV kommen | M11: Planungsphase, Beziehungsaufbau beim Fachplaner | N11: B | R11: =IF(Q11="","",Q11-TODAY()) | S11: =IF(Q11="","-",IF(Q11<TODAY(),"UEBERFAELLIG",IF(Q11-TODAY()<=7,"DIESE WOCHE","ok"))) | T11: https://www.baublatt.ch/bauprojekte/green-baut-viertes-rechenzentrum-auf-metro-campus-in-dielsdorf-zh-36395 | https://www.netzwoche.ch/news/2026-06-03/so-praesentiert-sich-der-schweizer-markt-fuer-rechenzentren | https://www.tagesanzeiger.ch/millionen-campus-in-dielsdorf-der-bau-von-zwei-weiteren-rechenzentren-hat-begonnen-440633753636 | U11: 29.08.2026 | V11: Green Bauherrenvertretung nach dem Fachplaner Elektro fragen | W11: Zaehlung eingeordnet: Der Campus umfasst die Gebaeude M (Betrieb seit Anfang 2023) sowie N und O (im Bau). Das hier gemeldete weitere Datacenter waere das vierte Gebaeude. Baublatt zaehlt es als viertes, Netzwoche als drittes mit Baustart 2026 und 5800 m2, je nachdem ob N und O einzeln gezaehlt werden. Beide URLs in T. Kapazitaet, IBN, GU und Fachplaner nicht belegt. Green investiert laut Tages-Anzeiger insgesamt rund CHF 500 Mio in den Campus.
B12: ZH4 Zuerich, sechste Ausbauphase | C12: Equinix | D12: Zuerich | E12: ZH | F12: pruefen | G12: Ausbau | H12: 2027 | I12: pruefen | J12: pruefen | K12: Betreiber | L12: Bridging Power im laufenden Betrieb, temporaere Kaelte, PQ-Audit bei Umschaltungen | M12: Ausbau im laufenden Betrieb, Wartungs- und Umschaltfenster | N12: B | R12: =IF(Q12="","",Q12-TODAY()) | S12: =IF(Q12="","-",IF(Q12<TODAY(),"UEBERFAELLIG",IF(Q12-TODAY()<=7,"DIESE WOCHE","ok"))) | T12: https://www.inside-it.ch/equinix-baut-data-center-in-zuerich-aus-20241112 | https://www.netzwoche.ch/news/2024-11-13/equinix-baut-zuercher-rechenzentrum-aus | U12: 13.11.2024 | V12: Site-Verantwortlichen ZH4 zum Umschaltkonzept ansprechen, Quelle ist aelter als ein Jahr, Stand pruefen | W12: Sechste Ausbauphase, Investition rund CHF 40 Mio, Abschluss 2027. Rund 680 m2 zusaetzlicher Whitespace und rund 200 neue Cabinets. Ausbau im laufenden Betrieb, deshalb Betreiber-Kanal statt GU. Quelle vom November 2024, aktuelleren Stand suchen.
B13: UptownBasel Campus | C13: NorthC | D13: pruefen | E13: pruefen | F13: 4.5 | H13: 2027 | I13: pruefen | J13: pruefen | L13: Lastbank im Cx, PQ-Messung Klasse A, spaeter Wartungsfenster | M13: Cx-Fenster vermutlich 2026 bis 2027, Termin verifizieren | N13: B | R13: =IF(Q13="","",Q13-TODAY()) | S13: =IF(Q13="","-",IF(Q13<TODAY(),"UEBERFAELLIG",IF(Q13-TODAY()<=7,"DIESE WOCHE","ok"))) | T13: https://www.netzwoche.ch/news/2026-06-03/so-praesentiert-sich-der-schweizer-markt-fuer-rechenzentren | https://www.datacenter-insider.de/northc-plant-sechstes-schweizer-rechenzentrum-in-basel-a-d051a0a594bcb4f730589892caf8a25f/ | U13: 03.06.2026 | V13: Standort und Kanton ueber northcdatacenters.com verifizieren, danach Kanal festlegen | W13: 4.5 MW IT-Leistung, Betrieb ab 2027 gemeldet. Der Campus UptownBasel ist in den Quellen nur als Campusname belegt, Gemeinde und Kanton stehen dort nicht. Deshalb Standort und Kt. auf pruefen, Phase und Kanal leer. Beim naechsten Lauf ueber die Betreiberseite aufloesen.
B14: ZRH1 Winterthur | C14: Vantage Data Centers | D14: Winterthur | E14: ZH | F14: 40 | G14: Ausbau | H14: pruefen | I14: DPR Construction (Gebaeude 1) | J14: pruefen | K14: Betreiber | L14: Lastbank fuer die noch nicht gebauten Gebaeude, Bridging und PQ-Audit im Bestand | M14: Campus im Etappenausbau, Fenster je Gebaeude pruefen | N14: B | R14: =IF(Q14="","",Q14-TODAY()) | S14: =IF(Q14="","-",IF(Q14<TODAY(),"UEBERFAELLIG",IF(Q14-TODAY()<=7,"DIESE WOCHE","ok"))) | T14: https://vantage-dc.com/data-center-locations/emea/zurich-i-switzerland/ | https://www.dpr.com/projects/vantage-data-centers-zurich-campus-building-1-zrh11 | U14: 29.08.2026 | V14: Etappenplan der Gebaeude 2 bis 4 erfragen, dann Cx-Fenster je Gebaeude setzen | W14: Vier Gebaeude auf rund sieben Acres, im Vollausbau 40 MW. Erstes Gebaeude im Dezember 2021 eroeffnet, Landkauf Februar 2020. Adresse Fabrikstrasse 12, Winterthur. Betreiberseiten ohne Datum, Abrufdatum 29.08.2026. Termine der Folgegebaeude nicht belegt.
B15: ZRH2 Glattfelden | C15: Vantage Data Centers | D15: Glattfelden | E15: ZH | F15: 24 | G15: Betrieb | H15: eroeffnet Sommer 2024 | I15: pruefen | J15: pruefen | K15: Betreiber | L15: wiederkehrende NEA-Tests, Wartungsfenster, Bridging Power, PQ-Audit | M15: Betrieb: Wartungsfenster, NEA-Testzyklus, PQ-Audit | N15: C | R15: =IF(Q15="","",Q15-TODAY()) | S15: =IF(Q15="","-",IF(Q15<TODAY(),"UEBERFAELLIG",IF(Q15-TODAY()<=7,"DIESE WOCHE","ok"))) | T15: https://vantage-dc.com/news/vantage-data-centers-expands-emea-portfolio-with-second-zurich-campus-fueled-by-more-than-chf-370-million-investment/ | https://www.datacenterdynamics.com/en/news/vantage-launches-second-data-center-in-switzerland/ | U15: 29.08.2026 | V15: Betriebsstatus ueber vantage-dc.com verifizieren, erst danach Phase setzen | W15: 24 MW kritische IT-Kapazitaet, rund 21000 m2, Investition ueber CHF 370 Mio, rund 30 km noerdlich von Zuerich, zusammen mit ZRH1 64 MW. Widerspruch vom Erstlauf aufgeloest: Firmenmeldung und DCD belegen die Eroeffnung im Sommer 2024. Die Meldung zu einer Eroeffnung im Sommer 2026 bezog sich auf eine weitere Ausbauetappe, Etappenplan pruefen. N+1-Redundanz, Abwaerme an Hotel und Seminarzentrum.
B16: ZUR01A Rafz | C16: STACK Infrastructure | D16: Rafz | E16: ZH | F16: 10 | G16: Betrieb | H16: pruefen | I16: pruefen | J16: pruefen | K16: Betreiber | L16: Baustrom und Trocknung falls noch im Bau, sonst Lastbank im Cx | M16: Betrieb: Wartungsfenster, NEA-Tests, Bridging bei Umbauten | N16: C | R16: =IF(Q16="","",Q16-TODAY()) | S16: =IF(Q16="","-",IF(Q16<TODAY(),"UEBERFAELLIG",IF(Q16-TODAY()<=7,"DIESE WOCHE","ok"))) | T16: https://www.stackinfra.com/locations/emea/zurich/zur01/ | https://www.datacenters.com/stack-infrastructure-zur01a-zurich | U16: 29.08.2026 | V16: Bau- oder Betriebsstatus ueber Gemeinde Rafz und stackinfra.com klaeren | W16: 10 MW, Industriestrasse 16, 8197 Rafz. Anlage ist kommissioniert und in Betrieb, keine weitere vermietbare Leistung im Bau gemeldet. Hauptgebaeude mit Datenhalle, Buerogebaeude, separates Generatorgebaeude. Damit kein Neubaufenster mehr, sondern Betriebsgeschaeft.
B17: ZUR03 Niederweningen | C17: STACK Infrastructure | D17: Niederweningen | E17: ZH | F17: 30 | H17: pruefen | I17: pruefen | J17: pruefen | L17: Lastbank im Cx, Bridging Power, PQ-Audit | M17: Status unklar, zuerst verifizieren | N17: C | R17: =IF(Q17="","",Q17-TODAY()) | S17: =IF(Q17="","-",IF(Q17<TODAY(),"UEBERFAELLIG",IF(Q17-TODAY()<=7,"DIESE WOCHE","ok"))) | T17: https://baxtel.com/data-center/stack-zur03 | U17: 29.08.2026 | V17: Ueber stackinfra.com oder das kantonale Baugesuchsportal ZH verifizieren | W17: 30 MW Hyperscale-Campus auf rund sieben Acres, ein Gebaeude. Nur Aggregator-Quelle, kein Firmen- oder Fachmedien-Beleg. Phase und Termine nicht belegt. Beim naechsten Lauf entweder belegen oder Zeile auf Gestoppt setzen.
B18: ZUR3 Glattbrugg | C18: Digital Realty | D18: Glattbrugg (Opfikon) | E18: ZH | F18: pruefen | G18: Betrieb | H18: pruefen | I18: pruefen | J18: Gruner (beteiligt, Rolle pruefen) | K18: Betreiber | L18: Wartungsfenster, NEA-Test, Bridging Power waehrend Campus-Bauarbeiten ZUR4 | M18: waehrend der ZUR4-Bauphase, Bestand und Baustelle auf einem Campus | N18: B | R18: =IF(Q18="","",Q18-TODAY()) | S18: =IF(Q18="","-",IF(Q18<TODAY(),"UEBERFAELLIG",IF(Q18-TODAY()<=7,"DIESE WOCHE","ok"))) | T18: https://www.netzwoche.ch/news/2026-06-03/so-praesentiert-sich-der-schweizer-markt-fuer-rechenzentren | https://www.grunerfriends.com/projects/data-center-zur3-zurich | https://www.ikon.ch/referenzprojekte/neubau-rechenzentrum-digital-realty-zuerich-zur3-vormals-interxion-zur3 | U18: 29.08.2026 | V18: Zusammen mit ZUR4 ansprechen, ein Ansprechpartner fuer Bestand und Neubau | W18: Eines der flaechenmaessig groessten Rechenzentren der Schweiz, 11400 m2 Nutzflaeche, frueher Interxion ZUR3. Liegt auf demselben Campus wie der ZUR4-Neubau. Kapazitaet in MW nicht belegt. Gruner nennt ZUR3 als Projekt im eigenen Portfolio, Rolle pruefen. Gleicher Planer-Kreis koennte beim ZUR4-Neubau wieder drin sein.
B19: Rechenzentrum Hoenggerberg (HRZ) | C19: ETH Zuerich | D19: Zuerich | E19: ZH | F19: pruefen | H19: Anfang 2026 | I19: pruefen | J19: pruefen | K19: Betreiber | L19: NEA-Test, Wartungsfenster, PQ-Audit nach Inbetriebnahme | M19: nach Betriebsaufnahme, Wartungs- und Testzyklus | N19: C | R19: =IF(Q19="","",Q19-TODAY()) | S19: =IF(Q19="","-",IF(Q19<TODAY(),"UEBERFAELLIG",IF(Q19-TODAY()<=7,"DIESE WOCHE","ok"))) | T19: https://www.inside-it.ch/bald-ist-baubeginn-fuer-das-49-millionen-rechenzentrum-der-eth-zuerich-20230908 | U19: 08.09.2023 | V19: Aktuellen Stand ueber ethz.ch pruefen, Quelle ist drei Jahre alt | W19: Fuenfgeschossig, ueber 4000 m2, Baukosten rund CHF 49 Mio. Spatenstich April 2024, Bauarbeiten bis Ende 2025 geplant, IT-Betrieb ab Anfang 2026. Quelle von 2023, aktueller Stand nicht belegt, deshalb Phase leer. Oeffentlicher Bauherr, Beschaffung laeuft ueber simap.ch.
B20: Rechenzentrum Bonvillars | C20: Swisscom | D20: Bonvillars | E20: VD | F20: pruefen | G20: Betrieb | H20: pruefen | I20: pruefen | J20: pruefen | K20: Betreiber | L20: Wartungsfenster, NEA-Test, Bridging Power bei Umbauten | M20: Betrieb, Rahmenvertrag statt Projektgeschaeft | N20: C | R20: =IF(Q20="","",Q20-TODAY()) | S20: =IF(Q20="","-",IF(Q20<TODAY(),"UEBERFAELLIG",IF(Q20-TODAY()<=7,"DIESE WOCHE","ok"))) | T20: https://www.netzwoche.ch/news/2026-06-03/so-praesentiert-sich-der-schweizer-markt-fuer-rechenzentren | U20: 03.06.2026 | V20: Ueber Swisscom Facility Management den Rahmenvertragsweg pruefen, Ansprache auf Franzoesisch | W20: Elftes Swisscom-Rechenzentrum, Ende 2024 von Philip Morris uebernommen, 1100 m2 Nutzflaeche. Kleinvolumen, aber Tuer zu den zehn weiteren Swisscom-Standorten. Ansprache Romandie auf Franzoesisch, vous-Form.
B21: KI-Infrastruktur-Ausbau Schweiz | C21: Microsoft | D21: pruefen | E21: pruefen | F21: pruefen | G21: Planung | H21: pruefen | I21: pruefen | J21: pruefen | K21: Betreiber | L21: Lastbank und PQ bei Erweiterungen in den Partner-Rechenzentren, Bridging bei Kapazitaetsengpaessen | M21: frueh, zuerst klaeren in welchen Colocation-Standorten ausgebaut wird | N21: B | R21: =IF(Q21="","",Q21-TODAY()) | S21: =IF(Q21="","-",IF(Q21<TODAY(),"UEBERFAELLIG",IF(Q21-TODAY()<=7,"DIESE WOCHE","ok"))) | T21: https://www.datacenter-insider.de/microsoft-baut-ki-infrastruktur-in-der-schweiz-aus-a-60195c56e70961bf22a9eb82c859339b/ | https://news.microsoft.com/de-ch/2024/08/29/5-jahre-microsoft-rechenzentren-in-der-schweiz-500-lokale-services-50000-kunden/ | U21: 29.08.2026 | V21: Klaeren, in welchen Colocation-Standorten der Ausbau physisch stattfindet | W21: Microsoft investiert 400 Mio US-Dollar in der Schweiz, Ausbau der Rechenzentren bei Zuerich und Genf fuer KI-Workloads. Vier bestehende Standorte, Switzerland North war zeitweise nur fuer Bestandskunden verfuegbar, also Kapazitaetsdruck. Microsoft baut in der Schweiz ueblicherweise in Partner-Rechenzentren, der physische Ausbau landet also vermutlich bei einem Colocation-Betreiber im Radar. Standorte pruefen.
R22: =IF(Q22="","",Q22-TODAY()) | S22: =IF(Q22="","-",IF(Q22<TODAY(),"UEBERFAELLIG",IF(Q22-TODAY()<=7,"DIESE WOCHE","ok")))
R23: =IF(Q23="","",Q23-TODAY()) | S23: =IF(Q23="","-",IF(Q23<TODAY(),"UEBERFAELLIG",IF(Q23-TODAY()<=7,"DIESE WOCHE","ok")))
R24: =IF(Q24="","",Q24-TODAY()) | S24: =IF(Q24="","-",IF(Q24<TODAY(),"UEBERFAELLIG",IF(Q24-TODAY()<=7,"DIESE WOCHE","ok")))
R25: =IF(Q25="","",Q25-TODAY()) | S25: =IF(Q25="","-",IF(Q25<TODAY(),"UEBERFAELLIG",IF(Q25-TODAY()<=7,"DIESE WOCHE","ok")))
R26: =IF(Q26="","",Q26-TODAY()) | S26: =IF(Q26="","-",IF(Q26<TODAY(),"UEBERFAELLIG",IF(Q26-TODAY()<=7,"DIESE WOCHE","ok")))
R27: =IF(Q27="","",Q27-TODAY()) | S27: =IF(Q27="","-",IF(Q27<TODAY(),"UEBERFAELLIG",IF(Q27-TODAY()<=7,"DIESE WOCHE","ok")))
R28: =IF(Q28="","",Q28-TODAY()) | S28: =IF(Q28="","-",IF(Q28<TODAY(),"UEBERFAELLIG",IF(Q28-TODAY()<=7,"DIESE WOCHE","ok")))
R29: =IF(Q29="","",Q29-TODAY()) | S29: =IF(Q29="","-",IF(Q29<TODAY(),"UEBERFAELLIG",IF(Q29-TODAY()<=7,"DIESE WOCHE","ok")))
R30: =IF(Q30="","",Q30-TODAY()) | S30: =IF(Q30="","-",IF(Q30<TODAY(),"UEBERFAELLIG",IF(Q30-TODAY()<=7,"DIESE WOCHE","ok")))
R31: =IF(Q31="","",Q31-TODAY()) | S31: =IF(Q31="","-",IF(Q31<TODAY(),"UEBERFAELLIG",IF(Q31-TODAY()<=7,"DIESE WOCHE","ok")))
R32: =IF(Q32="","",Q32-TODAY()) | S32: =IF(Q32="","-",IF(Q32<TODAY(),"UEBERFAELLIG",IF(Q32-TODAY()<=7,"DIESE WOCHE","ok")))
R33: =IF(Q33="","",Q33-TODAY()) | S33: =IF(Q33="","-",IF(Q33<TODAY(),"UEBERFAELLIG",IF(Q33-TODAY()<=7,"DIESE WOCHE","ok")))
... R200: =IF(Q200="","",Q200-TODAY()) | S200: =IF(Q200="","-",IF(Q200<TODAY(),"UEBERFAELLIG",IF(Q200-TODAY()<=7,"DIESE WOCHE","ok")))

Sheet 03_Kontakte
A1: 03 Kontakte
A2: Pro Projekt mindestens drei Zeilen: Betreiber, GU/TU, Fachplaner. Keine E-Mail aus Namensmustern ableiten. Unbekannt heisst FEHLT.
A4: Firma | B4: Rolle_Funktion | C4: Name | D4: Kanal_Typ | E4: Projekt_Ref | F4: E-Mail | G4: Telefon | H4: LinkedIn | I4: Beziehungsstatus | J4: Letzter_Kontakt | K4: Naechster_Touchpoint | L4: Touchpoint_Nr | M4: Notiz
A5: Green (green.ch) | B5: Betreiber, Bauherrenvertretung | C5: FEHLT | D5: Betreiber | E5: Metro-Campus Zuerich West, Datacenter 4 (Green (green.ch)) | F5: FEHLT | G5: FEHLT | H5: FEHLT | I5: Kalt | L5: 0 | M5: Aus dem Radar uebernommen. Name und Kontaktdaten offen.
A6: Implenia (Shell and Core) | B6: GU/TU, Bauleitung oder Projektleitung | C6: FEHLT | D6: GU/TU | E6: Metro-Campus Zuerich West, Datacenter 4 (Green (green.ch)) | F6: FEHLT | G6: FEHLT | H6: FEHLT | I6: Kalt | L6: 0 | M6: GU laut Radar Spalte I.
A7: FEHLT | B7: Fachplaner Elektro/MEP | C7: FEHLT | D7: Fachplaner | E7: Metro-Campus Zuerich West, Datacenter 4 (Green (green.ch)) | F7: FEHLT | G7: FEHLT | H7: FEHLT | I7: Kalt | L7: 0 | M7: Hoechster Multiplikatorwert. Entscheidet, ob Lastbank und PQ-Messung im LV stehen.
A8: STACK Infrastructure | B8: Betreiber, Bauherrenvertretung | C8: FEHLT | D8: Betreiber | E8: ZUR02 Beringen (STACK Infrastructure) | F8: FEHLT | G8: FEHLT | H8: FEHLT | I8: Kalt | L8: 0 | M8: Aus dem Radar uebernommen. Name und Kontaktdaten offen.
A9: FEHLT | B9: GU/TU, Bauleitung oder Projektleitung | C9: FEHLT | D9: GU/TU | E9: ZUR02 Beringen (STACK Infrastructure) | F9: FEHLT | G9: FEHLT | H9: FEHLT | I9: Kalt | L9: 0 | M9: GU im Radar nicht belegt, zuerst identifizieren.
A10: FEHLT | B10: Fachplaner Elektro/MEP | C10: FEHLT | D10: Fachplaner | E10: ZUR02 Beringen (STACK Infrastructure) | F10: FEHLT | G10: FEHLT | H10: FEHLT | I10: Kalt | L10: 0 | M10: Hoechster Multiplikatorwert. Entscheidet, ob Lastbank und PQ-Messung im LV stehen.
A11: Digital Realty | B11: Betreiber, Bauherrenvertretung | C11: FEHLT | D11: Betreiber | E11: ZUR4 Glattbrugg (Digital Realty) | F11: FEHLT | G11: FEHLT | H11: FEHLT | I11: Kalt | L11: 0 | M11: Aus dem Radar uebernommen. Name und Kontaktdaten offen.
A12: FEHLT | B12: GU/TU, Bauleitung oder Projektleitung | C12: FEHLT | D12: GU/TU | E12: ZUR4 Glattbrugg (Digital Realty) | F12: FEHLT | G12: FEHLT | H12: FEHLT | I12: Kalt | L12: 0 | M12: GU im Radar nicht belegt, zuerst identifizieren.
A13: FEHLT | B13: Fachplaner Elektro/MEP | C13: FEHLT | D13: Fachplaner | E13: ZUR4 Glattbrugg (Digital Realty) | F13: FEHLT | G13: FEHLT | H13: FEHLT | I13: Kalt | L13: 0 | M13: Hoechster Multiplikatorwert. Entscheidet, ob Lastbank und PQ-Messung im LV stehen.
A14: Green (green.ch) | B14: Betreiber, Bauherrenvertretung | C14: FEHLT | D14: Betreiber | E14: Metro-Campus Zuerich, Datacenter N und O (Green (green.ch)) | F14: FEHLT | G14: FEHLT | H14: FEHLT | I14: Kalt | L14: 0 | M14: Aus dem Radar uebernommen. Name und Kontaktdaten offen.
A15: Implenia | B15: GU/TU, Bauleitung oder Projektleitung | C15: FEHLT | D15: GU/TU | E15: Metro-Campus Zuerich, Datacenter N und O (Green (green.ch)) | F15: FEHLT | G15: FEHLT | H15: FEHLT | I15: Kalt | L15: 0 | M15: GU laut Radar Spalte I.
A16: FEHLT | B16: Fachplaner Elektro/MEP | C16: FEHLT | D16: Fachplaner | E16: Metro-Campus Zuerich, Datacenter N und O (Green (green.ch)) | F16: FEHLT | G16: FEHLT | H16: FEHLT | I16: Kalt | L16: 0 | M16: Hoechster Multiplikatorwert. Entscheidet, ob Lastbank und PQ-Messung im LV stehen.
... A56: AFRY Schweiz | B56: Fachplaner/Engineering | C56: FEHLT | D56: Fachplaner | E56: FEHLT | F56: FEHLT | G56: FEHLT | H56: FEHLT | I56: Kalt | L56: 0 | M56: Fuehrt ein Datacenter-Projekt Suisse romande als Referenz, Projekt und Rolle pruefen. Kandidat fuer den Romandie-Kanal, NorthC The Hive. Quelle: afry.com/fr-ch/projet/datacenter-suisse-romande

Sheet 04_Akquise_Tracker
A1: 04 Akquise-Tracker
A2: Touchpoint-Sequenz. Statisch. Nur aendern, wenn Burak den Prozess aendert.
A4: Touchpoint | B4: Zeitpunkt | C4: Kanal | D4: Ziel | E4: Inhalt | F4: Abbruchkriterium
A5: 1 | B5: Tag 0 | C5: E-Mail | D5: Aufmerksamkeit und Rollenklaerung | E5: Betreff konkret, ohne Fragezeichen. Aggreko in der ersten Zeile, weil Mobil in Time internationalen DC-Bauherren nichts sagt. Projektbezug als Vermutung formulieren. Eine Frage nach seinen Projekten, eine Weiterleitungsfrage, ein Anruftermin mit Datum und Uhrzeit. | F5: keine, Sequenz laeuft weiter
A6: 2 | B6: Tag 3 bis 5 | C6: Telefon | D6: Erstkontakt, richtige Person finden | E6: Auf die im Mail genannte Zeit anrufen. Kommt das Sekretariat, nach dem Commissioning-Verantwortlichen fragen, nicht nach dem Einkauf. | F6: falscher Ansprechpartner, dann Zeile umhaengen
A7: 3 | B7: Tag 10 bis 14 | C7: E-Mail | D7: Nachfassen mit neuem Anlass | E7: Kein ich wollte nur nachfragen. Neuer inhaltlicher Anlass statt Erinnerung, zum Beispiel eine Meldung zum Projekt oder ein Normenpunkt zur Rolle des Empfaengers. | F7: zweimal keine Reaktion, dann Touchpoint 4
A8: 4 | B8: Tag 21 | C8: LinkedIn | D8: zweiter Kanal, Sichtbarkeit | E8: Vernetzungsanfrage mit einer Zeile Bezug zum Projekt. Kein Pitch in der Anfrage. | F8: keine Annahme innerhalb 14 Tagen
A9: 5 | B9: Tag 30 bis 40 | C9: Telefon | D9: letzter aktiver Versuch in dieser Runde | E9: Konkreter Aufhaenger aus dem Radar, zum Beispiel Fit-out-Start oder ein gemeldeter Netzverzug. Ziel ist ein Termin, nicht ein Gespraech. | F9: kein Bedarf, dann Status Ruhend und Wiedervorlage in sechs Monaten
A10: 6 | B10: Fit-out minus 6 Monate | C10: E-Mail oder Telefon | D10: das wichtigste Fenster im Radar | E10: Ansprache auf den Commissioning-Lasttest. Hier faellt der Entscheid, ob Lastbank und PQ-Messung im Leistungsverzeichnis stehen. Ausloeser ist die Phase im Radar, nicht der Kalender. | F10: Cx-Paket bereits vergeben, dann Nachunternehmer-Weg pruefen
A11: 7 | B11: nach RFS, halbjaehrlich | C11: E-Mail | D11: Bestand halten | E11: Wartungsfenster, wiederkehrende NEA-Tests, Batterietausch, PQ-Audit nach EN 50160. Jetzt ist der Betreiber der richtige Ansprechpartner, vorher nicht. | F11: keines, laeuft dauerhaft
A13: Vorschlag aus CLAUDE.md Abschnitt 7 abgeleitet, von Burak zu bestaetigen. Bis zur Bestaetigung ist das kein verbindlicher Prozess.

Sheet 05_Quellen_Montag
A1: 05 Quellen Montag
A2: Feste Recherche-Reihenfolge fuer den Montags-Lauf. Pruefdatum in Spalte F.
A4: Nr | B4: Quelle | C4: URL | D4: Typ | E4: Was wird geprueft | F4: Pruefdatum
A5: 1 | B5: netzwoche.ch | C5: https://www.netzwoche.ch/tags/rechenzentrum | D5: Fachmedium | E5: neue Projekte, Baustart, Inbetriebnahme, Marktuebersicht | F5: 29.08.2026
A6: 2 | B6: it-markt.ch | C6: https://www.it-markt.ch | D6: Fachmedium | E6: Betreibermeldungen, Ausbauschritte | F6: 29.08.2026
A7: 3 | B7: inside-it.ch | C7: https://www.inside-it.ch | D7: Fachmedium | E7: Spatenstiche, Investitionen, Verzoegerungen | F7: 29.08.2026
A8: 4 | B8: itreseller.ch | C8: https://www.itreseller.ch | D8: Fachmedium | E8: Betreibermeldungen Schweiz | F8: 29.08.2026
A9: 5 | B9: datacenter-insider.de | C9: https://www.datacenter-insider.de | D9: Fachmedium | E9: DACH-Sicht, technische Details, Kuehlung und Leistung | F9: 29.08.2026
A10: 6 | B10: simap.ch | C10: https://www.simap.ch | D10: Ausschreibung | E10: oeffentliche Ausschreibungen, Cx-Pakete, Lastbank im LV
A11: 7 | B11: baublatt.ch | C11: https://www.baublatt.ch | D11: Baumedium | E11: Baugesuche, Baustart, GU und TU, Bauetappen | F11: 29.08.2026
A12: 8 | B12: amtsblattportal.ch | C12: https://www.amtsblattportal.ch | D12: Amtlich | E12: Baupublikationen, Einsprachen
A13: 9 | B13: Kanton ZH Baugesuche | C13: https://www.zh.ch | D13: Amtlich | E13: Baugesuche und Bewilligungen ZH
A14: 10 | B14: Kanton AG Baugesuche | C14: https://www.ag.ch | D14: Amtlich | E14: Baugesuche und Bewilligungen AG
A15: 11 | B15: Kanton SH Baugesuche | C15: https://sh.ch | D15: Amtlich | E15: Baugesuche und Bewilligungen SH
A16: 12 | B16: Kanton SG Baugesuche | C16: https://www.sg.ch | D16: Amtlich | E16: Baugesuche und Bewilligungen SG
A17: 13 | B17: Kanton BS Baugesuche | C17: https://www.bs.ch | D17: Amtlich | E17: Baugesuche und Bewilligungen BS
A18: 14 | B18: Kanton GE Baugesuche | C18: https://www.ge.ch | D18: Amtlich | E18: Baugesuche und Bewilligungen GE
A19: 15 | B19: LinkedIn Betreiber | C19: https://www.linkedin.com | D19: LinkedIn | E19: Vantage, Green, Digital Realty, NorthC, STACK, Equinix, FlexBase
A20: 16 | B20: LinkedIn GU und Planer | C20: https://www.linkedin.com | D20: LinkedIn | E20: Implenia, ERNE, Steiner, Halter, Amstein + Walthert, HKG Engineering, Gruner
A21: 17 | B21: Newsroom Vantage | C21: https://vantage-dc.com/news/ | D21: Firmenmeldung | E21: Campus-Etappen, Eroeffnungen, Termine | F21: 29.08.2026
A22: 18 | B22: Newsroom Green | C22: https://www.green.ch | D22: Firmenmeldung | E22: Metro-Campus Zuerich und Campus ZRH1 Lupfig | F22: 29.08.2026
A23: 19 | B23: Newsroom Digital Realty | C23: https://www.digitalrealty.com | D23: Firmenmeldung | E23: ZUR3, ZUR4, Campus Glattbrugg | F23: 29.08.2026
A24: 20 | B24: Newsroom NorthC | C24: https://www.northcdatacenters.com | D24: Firmenmeldung | E24: Genf The Hive, UptownBasel, Winterthur | F24: 29.08.2026
A25: 21 | B25: Newsroom STACK | C25: https://www.stackinfra.com | D25: Firmenmeldung | E25: Beringen, Rafz, Niederweningen, Genfer Cluster | F25: 29.08.2026
A26: 22 | B26: Newsroom Equinix | C26: https://www.equinix.ch | D26: Firmenmeldung | E26: ZH2, ZH4, ZH5, GV1, GV2 | F26: 29.08.2026
A27: 23 | B27: Newsroom FlexBase | C27: https://www.flexbase.swiss | D27: Firmenmeldung | E27: Technologiezentrum Laufenburg | F27: 29.08.2026
A28: 24 | B28: Regionalzeitungen | C28: https://www.aargauerzeitung.ch | D28: Regionalzeitung | E28: Einsprachen, Verzoegerungen, Gemeindeentscheide | F28: 29.08.2026
A29: 25 | B29: EVU EKZ | C29: https://www.ekz.ch | D29: EVU | E29: Netzanschluss, Unterwerke, Netzverstaerkung ZH
A30: 26 | B30: EVU EKS | C30: https://www.eks.ch | D30: EVU | E30: Netzanschluss und Unterwerk Beringen SH
A31: 27 | B31: EVU AEW | C31: https://www.aew.ch | D31: EVU | E31: Netzanschluss AG, Laufenburg und Lupfig
A32: 28 | B32: EVU IWB | C32: https://www.iwb.ch | D32: EVU | E32: Netzanschluss BS und BL
A33: 29 | B33: EVU ewz | C33: https://www.ewz.ch | D33: EVU | E33: Netzanschluss Stadt Zuerich
B35: Erstlauf KW 35: die amtlichen Portale, simap.ch, LinkedIn und die EVU-Meldungen wurden nicht geprueft, weil in dieser Umgebung nur die Websuche und kein direkter Seitenabruf zur Verfuegung stand. Pruefdatum dort bewusst leer.

Sheet 06_Changelog
A1: 06 Changelog
A2: Eine Zeile pro Aenderung. Ohne Changelog-Eintrag gilt eine Aenderung als nicht passiert.
A4: Datum | B4: KW | C4: Projekt | D4: Was hat sich geaendert | E4: Quelle_URL | F4: Konsequenz fuer MiT
A5: 29.08.2026 | B5: =WEEKNUM(DATE(2026,8,29),21) | C5: Radar V1.0 aufgebaut | D5: Datei mit sieben Blaettern neu erstellt, 16 belegte Projekte aus der Erstrecherche eingetragen, Dropdowns, Formeln in R und S und die gelben Spalten gesetzt. | F5: Pipeline steht. Ab jetzt laeuft der Montags-Lauf gegen einen Bestand statt gegen ein leeres Blatt.
A6: 29.08.2026 | B6: =WEEKNUM(DATE(2026,8,29),21) | C6: Metro-Campus Zuerich West, Datacenter 4 (Green, Lupfig) | D6: Neu im Radar. 12 MW IT-Leistung, 5526 m2, Rohbau in zehn Monaten erstellt, Inbetriebnahme Anfang 2027. GU ist Implenia, Shell and Core. | E6: https://www.aargauerzeitung.ch/aargau/brugg/lupfig-green-startet-mit-dem-bau-seines-vierten-datencenters-in-der-gemeinde-2026-soll-es-in-betrieb-genommen-werden-ld.2660374 | F6: IBN Anfang 2027 heisst Cx-Entscheid faellt jetzt. Implenia Bauleitung diese Woche auf das Cx-Paket ansprechen, sonst steckt die Lastbank im MEP-Vertrag.
A7: 29.08.2026 | B7: =WEEKNUM(DATE(2026,8,29),21) | C7: ZUR02 Beringen (STACK) | D7: Neu im Radar. 36 MW, Aufrichte gemeldet, Eroeffnung 2026. Kanton musste ein neues Unterwerk bauen, finanziert vom Betreiber. | E7: https://www.datacenterdynamics.com/en/news/stack-tops-out-swiss-data-center-completes-construction-in-melbourne/ | F7: Groesstes Cx-Volumen im Radar und der Termin ist nah. Netzanschluss ueber ein neues Unterwerk ist ein Bridging-Power-Signal, EKS-Termin klaeren.
A8: 29.08.2026 | B8: =WEEKNUM(DATE(2026,8,29),21) | C8: ZUR4 Glattbrugg (Digital Realty) | D8: Neu im Radar. Spatenstich am 26.08.2026, 15 MW auf 6300 m2, sechs Datenhallen, Fertigstellung 2028, Campus danach rund 60 MW. | E8: https://www.inside-it.ch/spatenstich-fuer-neues-rz-von-digital-reality-in-glattbrugg-20260827 | F8: Drei Tage alter Spatenstich. Baustrom, Bauheizung und Trocknung werden jetzt disponiert, Vorlaufzeit Trocknung rund fuenf Monate. GU identifizieren.
A9: 29.08.2026 | B9: =WEEKNUM(DATE(2026,8,29),21) | C9: Metro-Campus Zuerich, Datacenter N und O (Green, Dielsdorf) | D9: Neu im Radar. Baustart erfolgt, zusammen 35 MW, rund 4000 Racks auf 11600 m2. Implenia hat auf dem Campus bereits gebaut. | E9: https://www.presseportal.de/pm/152183/5635701 | F9: Bekannter GU auf bekanntem Campus. Einstieg ueber Implenia statt ueber Green, der GU vergibt in der Bauphase.
A10: 29.08.2026 | B10: =WEEKNUM(DATE(2026,8,29),21) | C10: Technologiezentrum Laufenburg (FlexBase) | D10: Neu im Radar. Baufreigabe erteilt, ERNE ist GU, Inbetriebnahme Sommer 2028. KI-Rechenzentrum bis 480 MW Rechenleistung, Redox-Flow-Speicher ueber 1.6 GWh. | E10: https://www.erne-gruppe.ch/de/news/newsdetail/ernenews/medienmitteilung-flexbase/ | F10: Groesstes Einzelprojekt im Radar. ERNE jetzt ansprechen, solange die Baustellenlogistik fuer 20000 m2 Baufeld noch offen ist. Elektrische Anschlussleistung ist nicht belegt, keine Auslegung darauf stuetzen.
A11: 29.08.2026 | B11: =WEEKNUM(DATE(2026,8,29),21) | C11: The Hive Campus Genf (NorthC) | D11: Neu im Radar. Baustart Q1 2026, 4.5 MW auf 5400 m2, Fertigstellung Q2 2028, Direct-to-Chip-Fluessigkuehlung vorgesehen. | E11: https://www.northcdatacenters.com/en/press-releases/northc-group-to-build-new-high-tech-data-center-in-geneva-switzerland/ | F11: Romandie, Ansprache auf Franzoesisch. Fluessigkuehlung heisst hohe Leistungsdichte, der Lasttest wird anspruchsvoller und damit unser Thema.
A12: 29.08.2026 | B12: =WEEKNUM(DATE(2026,8,29),21) | C12: ZH4 Zuerich (Equinix) | D12: Neu im Radar. Sechste Ausbauphase, rund CHF 40 Mio, 680 m2 Whitespace, Abschluss 2027. | E12: https://www.inside-it.ch/equinix-baut-data-center-in-zuerich-aus-20241112 | F12: Ausbau im laufenden Betrieb. Umschaltungen brauchen Bridging Power und eine PQ-Messung. Quelle ist vom November 2024, Stand verifizieren.
A13: 29.08.2026 | B13: =WEEKNUM(DATE(2026,8,29),21) | C13: ZRH2 Glattfelden (Vantage) | D13: Neu im Radar mit offenem Widerspruch: eine Quelle nennt die Eroeffnung im Sommer 2024, eine zweite im Sommer 2026. Beide URLs in Spalte T, Phase bleibt leer. | E13: https://vantage-dc.com/news/vantage-data-centers-expands-emea-portfolio-with-second-zurich-campus-fueled-by-more-than-chf-370-million-investment/ | F13: Solange der Betriebsstatus offen ist, keine Ansprache. Erst Status klaeren, sonst laufen wir in ein falsches Fenster.
A14: 29.08.2026 | B14: =WEEKNUM(DATE(2026,8,29),21) | C14: Metro-Campus Zuerich, weiteres Datacenter (Green, Dielsdorf) | D14: Neu im Radar mit offenem Widerspruch in der Zaehlung: Baublatt meldet ein viertes Datacenter in Dielsdorf, Netzwoche fuer 2026 den Baustart eines dritten mit 5800 m2. | E14: https://www.baublatt.ch/bauprojekte/green-baut-viertes-rechenzentrum-auf-metro-campus-in-dielsdorf-zh-36395 | F14: Planungsphase, also Fachplaner-Kanal. Wer jetzt beim Planer sitzt, steht spaeter im LV.
A15: 29.08.2026 | B15: =WEEKNUM(DATE(2026,8,29),21) | C15: STACK Rafz und Niederweningen | D15: Neu im Radar, aber nur ueber Aggregator-Quellen belegt. 10 MW Rafz, 30 MW Niederweningen, Phase und Termine offen. | E15: https://baxtel.com/data-center/stack-zur03 | F15: Zwei potenziell grosse Objekte ohne belastbaren Stand. Naechster Lauf: ueber stackinfra.com und die Gemeinden belegen oder die Zeilen auf Gestoppt setzen.
A16: 29.08.2026 | B16: =WEEKNUM(DATE(2026,8,29),21) | C16: ETH Rechenzentrum Hoenggerberg | D16: Neu im Radar. CHF 49 Mio, ueber 4000 m2, IT-Betrieb ab Anfang 2026 geplant. Einzige Quelle ist von 2023. | E16: https://www.inside-it.ch/bald-ist-baubeginn-fuer-das-49-millionen-rechenzentrum-der-eth-zuerich-20230908 | F16: Oeffentlicher Bauherr, Beschaffung ueber simap.ch. Wiederkehrende NEA-Tests laufen dort ueber Ausschreibung, nicht ueber Beziehung.
A17: 29.08.2026 | B17: =WEEKNUM(DATE(2026,8,29),21) | C17: Blatt 05_Quellen_Montag | D17: Pruefdatum nur bei Fachmedien, Firmenmeldungen, Baumedien und Regionalzeitungen gesetzt. Amtliche Portale, simap.ch, LinkedIn und EVU blieben ungeprueft. | F17: Luecke ist bewusst und sichtbar. Der naechste Lauf muss dort anfangen, dort liegen die Ausschreibungen und die Netzanschlusstermine.
A18: 29.08.2026 | B18: =WEEKNUM(DATE(2026,8,29),21) | C18: ZRH2 Glattfelden (Vantage) | D18: Widerspruch aufgeloest: Campus wurde im Sommer 2024 eroeffnet, Firmenmeldung und DCD stimmen ueberein. Phase von leer auf Betrieb gesetzt, die 2026er-Meldung betrifft eine weitere Ausbauetappe. | E18: https://www.datacenterdynamics.com/en/news/vantage-launches-second-data-center-in-switzerland/ | F18: Fenster ist Betrieb, nicht Neubau: NEA-Testzyklus, Wartungsfenster, PQ-Audit. Etappenplan fuer weitere Gebaeude erfragen, dort ergibt sich das naechste Cx-Fenster.
A19: 29.08.2026 | B19: =WEEKNUM(DATE(2026,8,29),21) | C19: ZUR01A Rafz (STACK) | D19: Status geklaert: Anlage ist kommissioniert und in Betrieb, keine zusaetzliche Leistung im Bau. Phase von leer auf Betrieb gesetzt. | E19: https://www.stackinfra.com/locations/emea/zurich/zur01/ | F19: Aus der Neubau-Liste raus. Rafz laeuft als Betriebsgeschaeft zusammen mit Beringen ueber denselben Betreiber, ein Ansprechpartner fuer beide Standorte.
A20: 29.08.2026 | B20: =WEEKNUM(DATE(2026,8,29),21) | C20: ZUR02 Beringen (STACK) | D20: Amstein + Walthert fuehrt das Rechenzentrum Beringen als Referenzprojekt auf der eigenen Projektseite. Rolle und Gewerk noch offen, als beteiligter Planer eingetragen. | E20: https://amstein-walthert.ch/de/projekte/rechenzentrum-beringen-schaffhausen/ | F20: Erster belegter Planer-Einstieg ins groesste Cx-Volumen im Radar. A+W Zuerich auf das Projekt ansprechen, ein Planer oeffnet mehr als ein Betreiber.
A21: 29.08.2026 | B21: =WEEKNUM(DATE(2026,8,29),21) | C21: ZUR3 Glattbrugg (Digital Realty) | D21: Gruner nennt ZUR3 als eigenes Projekt. Als beteiligter Planer eingetragen, Rolle offen. | E21: https://www.grunerfriends.com/projects/data-center-zur3-zurich | F21: Wer ZUR3 geplant hat, sitzt womoeglich auch bei ZUR4 am Tisch. Gruner auf beide Campus-Bauten ansprechen, bevor das ZUR4-LV geschrieben ist.
A22: 29.08.2026 | B22: =WEEKNUM(DATE(2026,8,29),21) | C22: Metro-Campus Dielsdorf, weiteres Datacenter (Green) | D22: Zaehlungs-Widerspruch eingeordnet: Campus ist M plus N plus O, das gemeldete neue Gebaeude waere das vierte. Die Quellen zaehlen unterschiedlich, weil N und O teils zusammengefasst werden. | E22: https://www.tagesanzeiger.ch/millionen-campus-in-dielsdorf-der-bau-von-zwei-weiteren-rechenzentren-hat-begonnen-440633753636 | F22: Planungsphase bestaetigt. Fachplaner-Kanal, und zwar derselbe Zugang wie fuer N und O, ein Gespraech deckt drei Gebaeude ab.
A23: 29.08.2026 | B23: =WEEKNUM(DATE(2026,8,29),21) | C23: KI-Infrastruktur-Ausbau Schweiz (Microsoft) | D23: Neu im Radar. 400 Mio US-Dollar Investition, Ausbau bei Zuerich und Genf fuer KI-Workloads, Kapazitaetsdruck in Switzerland North belegt. | E23: https://www.datacenter-insider.de/microsoft-baut-ki-infrastruktur-in-der-schweiz-aus-a-60195c56e70961bf22a9eb82c859339b/ | F23: Der physische Ausbau landet vermutlich in Partner-Rechenzentren, die schon im Radar stehen. Wer die Colocation-Standorte kennt, weiss wo als naechstes Cx-Last anfaellt.
A24: 29.08.2026 | B24: =WEEKNUM(DATE(2026,8,29),21) | C24: 03_Kontakte, Fachplaner-Kanal | D24: Vier Planerfirmen mit belegten DC-Referenzen ergaenzt: Amstein + Walthert (Beringen), Gruner (ZUR3), HKG (Ritex Zofingen, baut Datacenter-Team aus), AFRY (Suisse romande). Personennamen und Kontaktdaten stehen als FEHLT, nichts abgeleitet. | E24: https://amstein-walthert.ch/de/projekte/rechenzentrum-beringen-schaffhausen/ | F24: Die groesste Luecke des Erstlaufs beginnt sich zu schliessen. Naechster Schritt: pro Firma den DC-Bereichsleiter ueber die Firmenwebsite identifizieren, nicht raten.
